Workbook
Name CABOffsetFromReleaseWD: Config!$B$8
Name CodeReviewCalendarDays: Config!$B$9
Name CodeReviewInviteCalendarDays: Config!$B$10
Name FileTypeList: Config!$G$3:$G$7
Name FrequencyList: Config!$H$3:$H$9
Name IAMList: Config!$I$3:$I$5
Name OUROffsetFromSR_WD: Config!$B$6
Name ReadyOffsetWD: Config!$B$4
Name RTSKOffsetFromOUR_WD: Config!$B$7
Name SprintCalendar: Sprints!$A$2:$C$12
Name SprintReadinessOffsetWD: Config!$B$15
Name SprintWarningDays: Config!$B$13
Name SprintWorkingDays: Config!$B$3
Name SROffsetFromStartWD: Config!$B$5
Name StatusList: Config!$E$3:$E$6
Name YesNoList: Config!$J$3:$J$4

Sheet Dashboard
B1: Application access & release tracker | I1: Formulas only. Update yellow cells on Tracker. Sheet is locked.
B2: As of | C2: =TODAY() | E2: Sprint calendar is on the Sprints sheet. File R-Task date copies the matching DB R-Task date. Overdue days grow until status is Completed. Enter Raised On when the ticket is submitted.
B4: Applications | D4: Overdue tickets | F4: Blocked | I4: Due in 7 days | K4: In progress | M4: Fully ready | O4: Worst overdue (days) | Q4: Raised on time
B5: =COUNTA(Tracker!A3:A70) | D5: =SUMPRODUCT((Tracker!$A$3:$A$70<>"")*(Tracker!$S$3:$S$70<>"Completed")*(ISNUMBER(Tracker!$Q$3:$Q$70))*(N(Tracker!$Q$3:$Q$70)<TODAY()))+SUMPRODUCT((Tracker!$A$3:$A$70<>"")*(Tracker!$V$3:$V$70<>"Completed")*(ISNUMBER(Tracker!$T$3:$T$70))*(N(Tracker!$T$3:$T$70)<TODAY()))+SUMPRODUCT((Tracker!$A$3:$A$70<>"")*(Tracker!$Y$3:$Y$70<>"Completed")*(ISNUMBER(Tracker!$W$3:$W$70))*(N(Tracker!$W$3:$W$70)<TODAY()))+SUMPRODUCT((Tracker!$A$3:$A$70<>"")*(Tracker!$AC$3:$AC$70<>"Completed")*(ISNUMBER(Tracker!$AA$3:$AA$70))*(N(Tracker!$AA$3:$AA$70)<TODAY()))+SUMPRODUCT((Tracker!$A$3:$A$70<>"")*(Tracker!$AI$3:$AI$70<>"Completed")*(ISNUMBER(Tracker!$AG$3:$AG$70))*(N(Tracker!$AG$3:$AG$70)<TODAY()))+SUMPRODUCT((Tracker!$A$3:$A$70<>"")*(Tracker!$AL$3:$AL$70<>"Completed")*(ISNUMBER(Tracker!$AJ$3:$AJ$70))*(N(Tracker!$AJ$3:$AJ$70)<TODAY()))+SUMPRODUCT((Tracker!$A$3:$A$70<>"")*(Tracker!$AO$3:$AO$70<>"Completed")*(ISNUMBER(Tracker!$AM$3:$AM$70))*(N(Tracker!$AM$3:$AM$70)<TODAY()))+SUMPRODUCT((Tracker!$A$3:$A$70<>"")*(Tracker!$AS$3:$AS$70<>"Completed")*(ISNUMBER(Tracker!$AQ$3:$AQ$70))*(N(Tracker!$AQ$3:$AQ$70)<TODAY()))+SUMPRODUCT((Tracker!$A$3:$A$70<>"")*(Tracker!$AY$3:$AY$70<>"Completed")*(ISNUMBER(Tracker!$AW$3:$AW$70))*(N(Tracker!$AW$3:$AW$70)<TODAY()))+SUMPRODUCT((Tracker!$A$3:$A$70<>"")*(Tracker!$BB$3:$BB$70<>"Completed")*(ISNUMBER(Tracker!$AZ$3:$AZ$70))*(N(Tracker!$AZ$3:$AZ$70)<TODAY()))+SUMPRODUCT((Tracker!$A$3:$A$70<>"")*(Tracker!$BE$3:$BE$70<>"Completed")*(ISNUMBER(Tracker!$BC$3:$BC$70))*(N(Tracker!$BC$3:$BC$70)<TODAY()))+SUMPRODUCT((Tracker!$A$3:$A$70<>"")*(Tracker!$BI$3:$BI$70<>"Completed")*(ISNUMBER(Tracker!$BG$3:$BG$70))*(N(Tracker!$BG$3:$BG$70)<TODAY()))+SUMPRODUCT((Tracker!$A$3:$A$70<>"")*(Tracker!$P$3:$P$70<>"Completed")*(ISNUMBER(Tracker!$O$3:$O$70))*(N(Tracker!$O$3:$O$70)<TODAY()))+SUMPRODUCT((Tracker!$A$3:$A$70<>"")*(Tracker!$BR$3:$BR$70<>"Completed")*(ISNUMBER(Tracker!$BQ$3:$BQ$70))*(N(Tracker!$BQ$3:$BQ$70)<TODAY()))+SUMPRODUCT((Tracker!$A$3:$A$70<>"")*(Tracker!$BP$3:$BP$70<>"Completed")*(ISNUMBER(Tracker!$BO$3:$BO$70))*(N(Tracker!$BO$3:$BO$70)<TODAY()))+SUMPRODUCT((Tracker!$A$3:$A$70<>"")*(Tracker!$BN$3:$BN$70<>"Completed")*(ISNUMBER(Tracker!$BM$3:$BM$70))*(N(Tracker!$BM$3:$BM$70)<TODAY())) | F5: =SUMPRODUCT((Tracker!$A$3:$A$70<>"")*(ISNUMBER(Tracker!$Q$3:$Q$70))*(Tracker!$S$3:$S$70="Blocked"))+SUMPRODUCT((Tracker!$A$3:$A$70<>"")*(ISNUMBER(Tracker!$T$3:$T$70))*(Tracker!$V$3:$V$70="Blocked"))+SUMPRODUCT((Tracker!$A$3:$A$70<>"")*(ISNUMBER(Tracker!$W$3:$W$70))*(Tracker!$Y$3:$Y$70="Blocked"))+SUMPRODUCT((Tracker!$A$3:$A$70<>"")*(ISNUMBER(Tracker!$AA$3:$AA$70))*(Tracker!$AC$3:$AC$70="Blocked"))+SUMPRODUCT((Tracker!$A$3:$A$70<>"")*(ISNUMBER(Tracker!$AG$3:$AG$70))*(Tracker!$AI$3:$AI$70="Blocked"))+SUMPRODUCT((Tracker!$A$3:$A$70<>"")*(ISNUMBER(Tracker!$AJ$3:$AJ$70))*(Tracker!$AL$3:$AL$70="Blocked"))+SUMPRODUCT((Tracker!$A$3:$A$70<>"")*(ISNUMBER(Tracker!$AM$3:$AM$70))*(Tracker!$AO$3:$AO$70="Blocked"))+SUMPRODUCT((Tracker!$A$3:$A$70<>"")*(ISNUMBER(Tracker!$AQ$3:$AQ$70))*(Tracker!$AS$3:$AS$70="Blocked"))+SUMPRODUCT((Tracker!$A$3:$A$70<>"")*(ISNUMBER(Tracker!$AW$3:$AW$70))*(Tracker!$AY$3:$AY$70="Blocked"))+SUMPRODUCT((Tracker!$A$3:$A$70<>"")*(ISNUMBER(Tracker!$AZ$3:$AZ$70))*(Tracker!$BB$3:$BB$70="Blocked"))+SUMPRODUCT((Tracker!$A$3:$A$70<>"")*(ISNUMBER(Tracker!$BC$3:$BC$70))*(Tracker!$BE$3:$BE$70="Blocked"))+SUMPRODUCT((Tracker!$A$3:$A$70<>"")*(ISNUMBER(Tracker!$BG$3:$BG$70))*(Tracker!$BI$3:$BI$70="Blocked"))+SUMPRODUCT((Tracker!$A$3:$A$70<>"")*(ISNUMBER(Tracker!$O$3:$O$70))*(Tracker!$P$3:$P$70="Blocked"))+SUMPRODUCT((Tracker!$A$3:$A$70<>"")*(ISNUMBER(Tracker!$BQ$3:$BQ$70))*(Tracker!$BR$3:$BR$70="Blocked"))+SUMPRODUCT((Tracker!$A$3:$A$70<>"")*(ISNUMBER(Tracker!$BO$3:$BO$70))*(Tracker!$BP$3:$BP$70="Blocked"))+SUMPRODUCT((Tracker!$A$3:$A$70<>"")*(ISNUMBER(Tracker!$BM$3:$BM$70))*(Tracker!$BN$3:$BN$70="Blocked")) | I5: =SUMPRODUCT((Tracker!$A$3:$A$70<>"")*(Tracker!$S$3:$S$70<>"Completed")*(ISNUMBER(Tracker!$Q$3:$Q$70))*(N(Tracker!$Q$3:$Q$70)>=TODAY())*(N(Tracker!$Q$3:$Q$70)<=TODAY()+7))+SUMPRODUCT((Tracker!$A$3:$A$70<>"")*(Tracker!$V$3:$V$70<>"Completed")*(ISNUMBER(Tracker!$T$3:$T$70))*(N(Tracker!$T$3:$T$70)>=TODAY())*(N(Tracker!$T$3:$T$70)<=TODAY()+7))+SUMPRODUCT((Tracker!$A$3:$A$70<>"")*(Tracker!$Y$3:$Y$70<>"Completed")*(ISNUMBER(Tracker!$W$3:$W$70))*(N(Tracker!$W$3:$W$70)>=TODAY())*(N(Tracker!$W$3:$W$70)<=TODAY()+7))+SUMPRODUCT((Tracker!$A$3:$A$70<>"")*(Tracker!$AC$3:$AC$70<>"Completed")*(ISNUMBER(Tracker!$AA$3:$AA$70))*(N(Tracker!$AA$3:$AA$70)>=TODAY())*(N(Tracker!$AA$3:$AA$70)<=TODAY()+7))+SUMPRODUCT((Tracker!$A$3:$A$70<>"")*(Tracker!$AI$3:$AI$70<>"Completed")*(ISNUMBER(Tracker!$AG$3:$AG$70))*(N(Tracker!$AG$3:$AG$70)>=TODAY())*(N(Tracker!$AG$3:$AG$70)<=TODAY()+7))+SUMPRODUCT((Tracker!$A$3:$A$70<>"")*(Tracker!$AL$3:$AL$70<>"Completed")*(ISNUMBER(Tracker!$AJ$3:$AJ$70))*(N(Tracker!$AJ$3:$AJ$70)>=TODAY())*(N(Tracker!$AJ$3:$AJ$70)<=TODAY()+7))+SUMPRODUCT((Tracker!$A$3:$A$70<>"")*(Tracker!$AO$3:$AO$70<>"Completed")*(ISNUMBER(Tracker!$AM$3:$AM$70))*(N(Tracker!$AM$3:$AM$70)>=TODAY())*(N(Tracker!$AM$3:$AM$70)<=TODAY()+7))+SUMPRODUCT((Tracker!$A$3:$A$70<>"")*(Tracker!$AS$3:$AS$70<>"Completed")*(ISNUMBER(Tracker!$AQ$3:$AQ$70))*(N(Tracker!$AQ$3:$AQ$70)>=TODAY())*(N(Tracker!$AQ$3:$AQ$70)<=TODAY()+7))+SUMPRODUCT((Tracker!$A$3:$A$70<>"")*(Tracker!$AY$3:$AY$70<>"Completed")*(ISNUMBER(Tracker!$AW$3:$AW$70))*(N(Tracker!$AW$3:$AW$70)>=TODAY())*(N(Tracker!$AW$3:$AW$70)<=TODAY()+7))+SUMPRODUCT((Tracker!$A$3:$A$70<>"")*(Tracker!$BB$3:$BB$70<>"Completed")*(ISNUMBER(Tracker!$AZ$3:$AZ$70))*(N(Tracker!$AZ$3:$AZ$70)>=TODAY())*(N(Tracker!$AZ$3:$AZ$70)<=TODAY()+7))+SUMPRODUCT((Tracker!$A$3:$A$70<>"")*(Tracker!$BE$3:$BE$70<>"Completed")*(ISNUMBER(Tracker!$BC$3:$BC$70))*(N(Tracker!$BC$3:$BC$70)>=TODAY())*(N(Tracker!$BC$3:$BC$70)<=TODAY()+7))+SUMPRODUCT((Tracker!$A$3:$A$70<>"")*(Tracker!$BI$3:$BI$70<>"Completed")*(ISNUMBER(Tracker!$BG$3:$BG$70))*(N(Tracker!$BG$3:$BG$70)>=TODAY())*(N(Tracker!$BG$3:$BG$70)<=TODAY()+7))+SUMPRODUCT((Tracker!$A$3:$A$70<>"")*(Tracker!$P$3:$P$70<>"Completed")*(ISNUMBER(Tracker!$O$3:$O$70))*(N(Tracker!$O$3:$O$70)>=TODAY())*(N(Tracker!$O$3:$O$70)<=TODAY()+7))+SUMPRODUCT((Tracker!$A$3:$A$70<>"")*(Tracker!$BR$3:$BR$70<>"Completed")*(ISNUMBER(Tracker!$BQ$3:$BQ$70))*(N(Tracker!$BQ$3:$BQ$70)>=TODAY())*(N(Tracker!$BQ$3:$BQ$70)<=TODAY()+7))+SUMPRODUCT((Tracker!$A$3:$A$70<>"")*(Tracker!$BP$3:$BP$70<>"Completed")*(ISNUMBER(Tracker!$BO$3:$BO$70))*(N(Tracker!$BO$3:$BO$70)>=TODAY())*(N(Tracker!$BO$3:$BO$70)<=TODAY()+7))+SUMPRODUCT((Tracker!$A$3:$A$70<>"")*(Tracker!$BN$3:$BN$70<>"Completed")*(ISNUMBER(Tracker!$BM$3:$BM$70))*(N(Tracker!$BM$3:$BM$70)>=TODAY())*(N(Tracker!$BM$3:$BM$70)<=TODAY()+7)) | K5: =SUMPRODUCT((Tracker!$A$3:$A$70<>"")*(ISNUMBER(Tracker!$Q$3:$Q$70))*(Tracker!$S$3:$S$70="In Progress"))+SUMPRODUCT((Tracker!$A$3:$A$70<>"")*(ISNUMBER(Tracker!$T$3:$T$70))*(Tracker!$V$3:$V$70="In Progress"))+SUMPRODUCT((Tracker!$A$3:$A$70<>"")*(ISNUMBER(Tracker!$W$3:$W$70))*(Tracker!$Y$3:$Y$70="In Progress"))+SUMPRODUCT((Tracker!$A$3:$A$70<>"")*(ISNUMBER(Tracker!$AA$3:$AA$70))*(Tracker!$AC$3:$AC$70="In Progress"))+SUMPRODUCT((Tracker!$A$3:$A$70<>"")*(ISNUMBER(Tracker!$AG$3:$AG$70))*(Tracker!$AI$3:$AI$70="In Progress"))+SUMPRODUCT((Tracker!$A$3:$A$70<>"")*(ISNUMBER(Tracker!$AJ$3:$AJ$70))*(Tracker!$AL$3:$AL$70="In Progress"))+SUMPRODUCT((Tracker!$A$3:$A$70<>"")*(ISNUMBER(Tracker!$AM$3:$AM$70))*(Tracker!$AO$3:$AO$70="In Progress"))+SUMPRODUCT((Tracker!$A$3:$A$70<>"")*(ISNUMBER(Tracker!$AQ$3:$AQ$70))*(Tracker!$AS$3:$AS$70="In Progress"))+SUMPRODUCT((Tracker!$A$3:$A$70<>"")*(ISNUMBER(Tracker!$AW$3:$AW$70))*(Tracker!$AY$3:$AY$70="In Progress"))+SUMPRODUCT((Tracker!$A$3:$A$70<>"")*(ISNUMBER(Tracker!$AZ$3:$AZ$70))*(Tracker!$BB$3:$BB$70="In Progress"))+SUMPRODUCT((Tracker!$A$3:$A$70<>"")*(ISNUMBER(Tracker!$BC$3:$BC$70))*(Tracker!$BE$3:$BE$70="In Progress"))+SUMPRODUCT((Tracker!$A$3:$A$70<>"")*(ISNUMBER(Tracker!$BG$3:$BG$70))*(Tracker!$BI$3:$BI$70="In Progress"))+SUMPRODUCT((Tracker!$A$3:$A$70<>"")*(ISNUMBER(Tracker!$O$3:$O$70))*(Tracker!$P$3:$P$70="In Progress"))+SUMPRODUCT((Tracker!$A$3:$A$70<>"")*(ISNUMBER(Tracker!$BQ$3:$BQ$70))*(Tracker!$BR$3:$BR$70="In Progress"))+SUMPRODUCT((Tracker!$A$3:$A$70<>"")*(ISNUMBER(Tracker!$BO$3:$BO$70))*(Tracker!$BP$3:$BP$70="In Progress"))+SUMPRODUCT((Tracker!$A$3:$A$70<>"")*(ISNUMBER(Tracker!$BM$3:$BM$70))*(Tracker!$BN$3:$BN$70="In Progress")) | M5: =COUNTIF(Tracker!D3:D70,"Completed") | O5: =IFERROR(MAX(Tracker!G3:G70),0) | Q5: =SUMPRODUCT((Tracker!$A$3:$A$70<>"")*(ISNUMBER(Tracker!$Q$3:$Q$70))*(ISNUMBER(Tracker!$R$3:$R$70))*(N(Tracker!$R$3:$R$70)<=N(Tracker!$Q$3:$Q$70)))+SUMPRODUCT((Tracker!$A$3:$A$70<>"")*(ISNUMBER(Tracker!$T$3:$T$70))*(ISNUMBER(Tracker!$U$3:$U$70))*(N(Tracker!$U$3:$U$70)<=N(Tracker!$T$3:$T$70)))+SUMPRODUCT((Tracker!$A$3:$A$70<>"")*(ISNUMBER(Tracker!$W$3:$W$70))*(ISNUMBER(Tracker!$X$3:$X$70))*(N(Tracker!$X$3:$X$70)<=N(Tracker!$W$3:$W$70)))+SUMPRODUCT((Tracker!$A$3:$A$70<>"")*(ISNUMBER(Tracker!$AA$3:$AA$70))*(ISNUMBER(Tracker!$AB$3:$AB$70))*(N(Tracker!$AB$3:$AB$70)<=N(Tracker!$AA$3:$AA$70)))+SUMPRODUCT((Tracker!$A$3:$A$70<>"")*(ISNUMBER(Tracker!$AG$3:$AG$70))*(ISNUMBER(Tracker!$AH$3:$AH$70))*(N(Tracker!$AH$3:$AH$70)<=N(Tracker!$AG$3:$AG$70)))+SUMPRODUCT((Tracker!$A$3:$A$70<>"")*(ISNUMBER(Tracker!$AJ$3:$AJ$70))*(ISNUMBER(Tracker!$AK$3:$AK$70))*(N(Tracker!$AK$3:$AK$70)<=N(Tracker!$AJ$3:$AJ$70)))+SUMPRODUCT((Tracker!$A$3:$A$70<>"")*(ISNUMBER(Tracker!$AM$3:$AM$70))*(ISNUMBER(Tracker!$AN$3:$AN$70))*(N(Tracker!$AN$3:$AN$70)<=N(Tracker!$AM$3:$AM$70)))+SUMPRODUCT((Tracker!$A$3:$A$70<>"")*(ISNUMBER(Tracker!$AQ$3:$AQ$70))*(ISNUMBER(Tracker!$AR$3:$AR$70))*(N(Tracker!$AR$3:$AR$70)<=N(Tracker!$AQ$3:$AQ$70)))+SUMPRODUCT((Tracker!$A$3:$A$70<>"")*(ISNUMBER(Tracker!$AW$3:$AW$70))*(ISNUMBER(Tracker!$AX$3:$AX$70))*(N(Tracker!$AX$3:$AX$70)<=N(Tracker!$AW$3:$AW$70)))+SUMPRODUCT((Tracker!$A$3:$A$70<>"")*(ISNUMBER(Tracker!$AZ$3:$AZ$70))*(ISNUMBER(Tracker!$BA$3:$BA$70))*(N(Tracker!$BA$3:$BA$70)<=N(Tracker!$AZ$3:$AZ$70)))+SUMPRODUCT((Tracker!$A$3:$A$70<>"")*(ISNUMBER(Tracker!$BC$3:$BC$70))*(ISNUMBER(Tracker!$BD$3:$BD$70))*(N(Tracker!$BD$3:$BD$70)<=N(Tracker!$BC$3:$BC$70)))+SUMPRODUCT((Tracker!$A$3:$A$70<>"")*(ISNUMBER(Tracker!$BG$3:$BG$70))*(ISNUMBER(Tracker!$BH$3:$BH$70))*(N(Tracker!$BH$3:$BH$70)<=N(Tracker!$BG$3:$BG$70)))
B6: Apps with a name filled | D6: Date in the past and status not Completed | F6: Requests marked Blocked | I6: Raise-by in the next week, not Completed | K6: Tickets marked In Progress | M6: Every dated request Completed | O6: Days past raise-by among open requests. Increases daily until Completed. | Q6: Requests with Raised On filled on or before the raise-by date.
B8: Apps overdue - worst first (days overdue keeps increasing until Completed) | I8: Where work is stuck - by request type
B9: Application | C9: Sprint | D9: Overall Status | E9: Next Action | F9: Next Action Date | G9: Days overdue | I9: Request type | J9: Overdue | K9: Due in 7 days | L9: Blocked | M9: In Progress | N9: Pending | O9: Completed | P9: Overdue bar
B10: =IFERROR(INDEX(Tracker!$A$3:$A$70,MATCH(_xludf.AGGREGATE(15,6,Tracker!$CK$3:$CK$70,1),Tracker!$CK$3:$CK$70,0)),"") | C10: =IF(B10="","",IFERROR(INDEX(Tracker!$C$3:$C$70,MATCH(_xludf.AGGREGATE(15,6,Tracker!$CK$3:$CK$70,1),Tracker!$CK$3:$CK$70,0)),"")) | D10: =IF(B10="","",IFERROR(INDEX(Tracker!$D$3:$D$70,MATCH(_xludf.AGGREGATE(15,6,Tracker!$CK$3:$CK$70,1),Tracker!$CK$3:$CK$70,0)),"")) | E10: =IF(B10="","",IFERROR(INDEX(Tracker!$E$3:$E$70,MATCH(_xludf.AGGREGATE(15,6,Tracker!$CK$3:$CK$70,1),Tracker!$CK$3:$CK$70,0)),"")) | F10: =IF(B10="","",IFERROR(INDEX(Tracker!$F$3:$F$70,MATCH(_xludf.AGGREGATE(15,6,Tracker!$CK$3:$CK$70,1),Tracker!$CK$3:$CK$70,0)),"")) | G10: =IF(B10="","",IFERROR(INDEX(Tracker!$G$3:$G$70,MATCH(_xludf.AGGREGATE(15,6,Tracker!$CK$3:$CK$70,1),Tracker!$CK$3:$CK$70,0)),"")) | I10: Dev R-Task | J10: =SUMPRODUCT((Tracker!$A$3:$A$70<>"")*(Tracker!$S$3:$S$70<>"Completed")*(ISNUMBER(Tracker!$Q$3:$Q$70))*(N(Tracker!$Q$3:$Q$70)<TODAY())) | K10: =SUMPRODUCT((Tracker!$A$3:$A$70<>"")*(Tracker!$S$3:$S$70<>"Completed")*(ISNUMBER(Tracker!$Q$3:$Q$70))*(N(Tracker!$Q$3:$Q$70)>=TODAY())*(N(Tracker!$Q$3:$Q$70)<=TODAY()+7)) | L10: =SUMPRODUCT((Tracker!$A$3:$A$70<>"")*(ISNUMBER(Tracker!$Q$3:$Q$70))*(Tracker!$S$3:$S$70="Blocked")) | M10: =SUMPRODUCT((Tracker!$A$3:$A$70<>"")*(ISNUMBER(Tracker!$Q$3:$Q$70))*(Tracker!$S$3:$S$70="In Progress")) | N10: =SUMPRODUCT((Tracker!$A$3:$A$70<>"")*(ISNUMBER(Tracker!$M$3:$M$70))*(Tracker!$N$3:$N$70<>"Completed")*(Tracker!$N$3:$N$70<>"Blocked")*(Tracker!$N$3:$N$70<>"In Progress")) | O10: =SUMPRODUCT((Tracker!$A$3:$A$70<>"")*(ISNUMBER(Tracker!$M$3:$M$70))*(Tracker!$N$3:$N$70="Completed")) | P10: =IF(N(J10)<=0,"",REPT("|",MIN(N(J10),25)))
B11: =IFERROR(INDEX(Tracker!$A$3:$A$70,MATCH(_xludf.AGGREGATE(15,6,Tracker!$CK$3:$CK$70,2),Tracker!$CK$3:$CK$70,0)),"") | C11: =IF(B11="","",IFERROR(INDEX(Tracker!$C$3:$C$70,MATCH(_xludf.AGGREGATE(15,6,Tracker!$CK$3:$CK$70,2),Tracker!$CK$3:$CK$70,0)),"")) | D11: =IF(B11="","",IFERROR(INDEX(Tracker!$D$3:$D$70,MATCH(_xludf.AGGREGATE(15,6,Tracker!$CK$3:$CK$70,2),Tracker!$CK$3:$CK$70,0)),"")) | E11: =IF(B11="","",IFERROR(INDEX(Tracker!$E$3:$E$70,MATCH(_xludf.AGGREGATE(15,6,Tracker!$CK$3:$CK$70,2),Tracker!$CK$3:$CK$70,0)),"")) | F11: =IF(B11="","",IFERROR(INDEX(Tracker!$F$3:$F$70,MATCH(_xludf.AGGREGATE(15,6,Tracker!$CK$3:$CK$70,2),Tracker!$CK$3:$CK$70,0)),"")) | G11: =IF(B11="","",IFERROR(INDEX(Tracker!$G$3:$G$70,MATCH(_xludf.AGGREGATE(15,6,Tracker!$CK$3:$CK$70,2),Tracker!$CK$3:$CK$70,0)),"")) | I11: Dev OUR | J11: =SUMPRODUCT((Tracker!$A$3:$A$70<>"")*(Tracker!$V$3:$V$70<>"Completed")*(ISNUMBER(Tracker!$T$3:$T$70))*(N(Tracker!$T$3:$T$70)<TODAY())) | K11: =SUMPRODUCT((Tracker!$A$3:$A$70<>"")*(Tracker!$V$3:$V$70<>"Completed")*(ISNUMBER(Tracker!$T$3:$T$70))*(N(Tracker!$T$3:$T$70)>=TODAY())*(N(Tracker!$T$3:$T$70)<=TODAY()+7)) | L11: =SUMPRODUCT((Tracker!$A$3:$A$70<>"")*(ISNUMBER(Tracker!$T$3:$T$70))*(Tracker!$V$3:$V$70="Blocked")) | M11: =SUMPRODUCT((Tracker!$A$3:$A$70<>"")*(ISNUMBER(Tracker!$T$3:$T$70))*(Tracker!$V$3:$V$70="In Progress")) | N11: =SUMPRODUCT((Tracker!$A$3:$A$70<>"")*(ISNUMBER(Tracker!$O$3:$O$70))*(Tracker!$P$3:$P$70<>"Completed")*(Tracker!$P$3:$P$70<>"Blocked")*(Tracker!$P$3:$P$70<>"In Progress")) | O11: =SUMPRODUCT((Tracker!$A$3:$A$70<>"")*(ISNUMBER(Tracker!$O$3:$O$70))*(Tracker!$P$3:$P$70="Completed")) | P11: =IF(N(J11)<=0,"",REPT("|",MIN(N(J11),25)))
B12: =IFERROR(INDEX(Tracker!$A$3:$A$70,MATCH(_xludf.AGGREGATE(15,6,Tracker!$CK$3:$CK$70,3),Tracker!$CK$3:$CK$70,0)),"") | C12: =IF(B12="","",IFERROR(INDEX(Tracker!$C$3:$C$70,MATCH(_xludf.AGGREGATE(15,6,Tracker!$CK$3:$CK$70,3),Tracker!$CK$3:$CK$70,0)),"")) | D12: =IF(B12="","",IFERROR(INDEX(Tracker!$D$3:$D$70,MATCH(_xludf.AGGREGATE(15,6,Tracker!$CK$3:$CK$70,3),Tracker!$CK$3:$CK$70,0)),"")) | E12: =IF(B12="","",IFERROR(INDEX(Tracker!$E$3:$E$70,MATCH(_xludf.AGGREGATE(15,6,Tracker!$CK$3:$CK$70,3),Tracker!$CK$3:$CK$70,0)),"")) | F12: =IF(B12="","",IFERROR(INDEX(Tracker!$F$3:$F$70,MATCH(_xludf.AGGREGATE(15,6,Tracker!$CK$3:$CK$70,3),Tracker!$CK$3:$CK$70,0)),"")) | G12: =IF(B12="","",IFERROR(INDEX(Tracker!$G$3:$G$70,MATCH(_xludf.AGGREGATE(15,6,Tracker!$CK$3:$CK$70,3),Tracker!$CK$3:$CK$70,0)),"")) | I12: Dev Service Request | J12: =SUMPRODUCT((Tracker!$A$3:$A$70<>"")*(Tracker!$Y$3:$Y$70<>"Completed")*(ISNUMBER(Tracker!$W$3:$W$70))*(N(Tracker!$W$3:$W$70)<TODAY())) | K12: =SUMPRODUCT((Tracker!$A$3:$A$70<>"")*(Tracker!$Y$3:$Y$70<>"Completed")*(ISNUMBER(Tracker!$W$3:$W$70))*(N(Tracker!$W$3:$W$70)>=TODAY())*(N(Tracker!$W$3:$W$70)<=TODAY()+7)) | L12: =SUMPRODUCT((Tracker!$A$3:$A$70<>"")*(ISNUMBER(Tracker!$W$3:$W$70))*(Tracker!$Y$3:$Y$70="Blocked")) | M12: =SUMPRODUCT((Tracker!$A$3:$A$70<>"")*(ISNUMBER(Tracker!$W$3:$W$70))*(Tracker!$Y$3:$Y$70="In Progress")) | N12: =SUMPRODUCT((Tracker!$A$3:$A$70<>"")*(ISNUMBER(Tracker!$Q$3:$Q$70))*(Tracker!$R$3:$R$70<>"Completed")*(Tracker!$R$3:$R$70<>"Blocked")*(Tracker!$R$3:$R$70<>"In Progress")) | O12: =SUMPRODUCT((Tracker!$A$3:$A$70<>"")*(ISNUMBER(Tracker!$Q$3:$Q$70))*(Tracker!$R$3:$R$70="Completed")) | P12: =IF(N(J12)<=0,"",REPT("|",MIN(N(J12),25)))
B13: =IFERROR(INDEX(Tracker!$A$3:$A$70,MATCH(_xludf.AGGREGATE(15,6,Tracker!$CK$3:$CK$70,4),Tracker!$CK$3:$CK$70,0)),"") | C13: =IF(B13="","",IFERROR(INDEX(Tracker!$C$3:$C$70,MATCH(_xludf.AGGREGATE(15,6,Tracker!$CK$3:$CK$70,4),Tracker!$CK$3:$CK$70,0)),"")) | D13: =IF(B13="","",IFERROR(INDEX(Tracker!$D$3:$D$70,MATCH(_xludf.AGGREGATE(15,6,Tracker!$CK$3:$CK$70,4),Tracker!$CK$3:$CK$70,0)),"")) | E13: =IF(B13="","",IFERROR(INDEX(Tracker!$E$3:$E$70,MATCH(_xludf.AGGREGATE(15,6,Tracker!$CK$3:$CK$70,4),Tracker!$CK$3:$CK$70,0)),"")) | F13: =IF(B13="","",IFERROR(INDEX(Tracker!$F$3:$F$70,MATCH(_xludf.AGGREGATE(15,6,Tracker!$CK$3:$CK$70,4),Tracker!$CK$3:$CK$70,0)),"")) | G13: =IF(B13="","",IFERROR(INDEX(Tracker!$G$3:$G$70,MATCH(_xludf.AGGREGATE(15,6,Tracker!$CK$3:$CK$70,4),Tracker!$CK$3:$CK$70,0)),"")) | I13: QA R-Task | J13: =SUMPRODUCT((Tracker!$A$3:$A$70<>"")*(Tracker!$AI$3:$AI$70<>"Completed")*(ISNUMBER(Tracker!$AG$3:$AG$70))*(N(Tracker!$AG$3:$AG$70)<TODAY())) | K13: =SUMPRODUCT((Tracker!$A$3:$A$70<>"")*(Tracker!$AI$3:$AI$70<>"Completed")*(ISNUMBER(Tracker!$AG$3:$AG$70))*(N(Tracker!$AG$3:$AG$70)>=TODAY())*(N(Tracker!$AG$3:$AG$70)<=TODAY()+7)) | L13: =SUMPRODUCT((Tracker!$A$3:$A$70<>"")*(ISNUMBER(Tracker!$AG$3:$AG$70))*(Tracker!$AI$3:$AI$70="Blocked")) | M13: =SUMPRODUCT((Tracker!$A$3:$A$70<>"")*(ISNUMBER(Tracker!$AG$3:$AG$70))*(Tracker!$AI$3:$AI$70="In Progress")) | N13: =SUMPRODUCT((Tracker!$A$3:$A$70<>"")*(ISNUMBER(Tracker!$S$3:$S$70))*(Tracker!$T$3:$T$70<>"Completed")*(Tracker!$T$3:$T$70<>"Blocked")*(Tracker!$T$3:$T$70<>"In Progress")) | O13: =SUMPRODUCT((Tracker!$A$3:$A$70<>"")*(ISNUMBER(Tracker!$S$3:$S$70))*(Tracker!$T$3:$T$70="Completed")) | P13: =IF(N(J13)<=0,"",REPT("|",MIN(N(J13),25)))
B14: =IFERROR(INDEX(Tracker!$A$3:$A$70,MATCH(_xludf.AGGREGATE(15,6,Tracker!$CK$3:$CK$70,5),Tracker!$CK$3:$CK$70,0)),"") | C14: =IF(B14="","",IFERROR(INDEX(Tracker!$C$3:$C$70,MATCH(_xludf.AGGREGATE(15,6,Tracker!$CK$3:$CK$70,5),Tracker!$CK$3:$CK$70,0)),"")) | D14: =IF(B14="","",IFERROR(INDEX(Tracker!$D$3:$D$70,MATCH(_xludf.AGGREGATE(15,6,Tracker!$CK$3:$CK$70,5),Tracker!$CK$3:$CK$70,0)),"")) | E14: =IF(B14="","",IFERROR(INDEX(Tracker!$E$3:$E$70,MATCH(_xludf.AGGREGATE(15,6,Tracker!$CK$3:$CK$70,5),Tracker!$CK$3:$CK$70,0)),"")) | F14: =IF(B14="","",IFERROR(INDEX(Tracker!$F$3:$F$70,MATCH(_xludf.AGGREGATE(15,6,Tracker!$CK$3:$CK$70,5),Tracker!$CK$3:$CK$70,0)),"")) | G14: =IF(B14="","",IFERROR(INDEX(Tracker!$G$3:$G$70,MATCH(_xludf.AGGREGATE(15,6,Tracker!$CK$3:$CK$70,5),Tracker!$CK$3:$CK$70,0)),"")) | I14: QA OUR | J14: =SUMPRODUCT((Tracker!$A$3:$A$70<>"")*(Tracker!$AL$3:$AL$70<>"Completed")*(ISNUMBER(Tracker!$AJ$3:$AJ$70))*(N(Tracker!$AJ$3:$AJ$70)<TODAY())) | K14: =SUMPRODUCT((Tracker!$A$3:$A$70<>"")*(Tracker!$AL$3:$AL$70<>"Completed")*(ISNUMBER(Tracker!$AJ$3:$AJ$70))*(N(Tracker!$AJ$3:$AJ$70)>=TODAY())*(N(Tracker!$AJ$3:$AJ$70)<=TODAY()+7)) | L14: =SUMPRODUCT((Tracker!$A$3:$A$70<>"")*(ISNUMBER(Tracker!$AJ$3:$AJ$70))*(Tracker!$AL$3:$AL$70="Blocked")) | M14: =SUMPRODUCT((Tracker!$A$3:$A$70<>"")*(ISNUMBER(Tracker!$AJ$3:$AJ$70))*(Tracker!$AL$3:$AL$70="In Progress")) | N14: =SUMPRODUCT((Tracker!$A$3:$A$70<>"")*(ISNUMBER(Tracker!$U$3:$U$70))*(Tracker!$V$3:$V$70<>"Completed")*(Tracker!$V$3:$V$70<>"Blocked")*(Tracker!$V$3:$V$70<>"In Progress")) | O14: =SUMPRODUCT((Tracker!$A$3:$A$70<>"")*(ISNUMBER(Tracker!$U$3:$U$70))*(Tracker!$V$3:$V$70="Completed")) | P14: =IF(N(J14)<=0,"",REPT("|",MIN(N(J14),25)))
B15: =IFERROR(INDEX(Tracker!$A$3:$A$70,MATCH(_xludf.AGGREGATE(15,6,Tracker!$CK$3:$CK$70,6),Tracker!$CK$3:$CK$70,0)),"") | C15: =IF(B15="","",IFERROR(INDEX(Tracker!$C$3:$C$70,MATCH(_xludf.AGGREGATE(15,6,Tracker!$CK$3:$CK$70,6),Tracker!$CK$3:$CK$70,0)),"")) | D15: =IF(B15="","",IFERROR(INDEX(Tracker!$D$3:$D$70,MATCH(_xludf.AGGREGATE(15,6,Tracker!$CK$3:$CK$70,6),Tracker!$CK$3:$CK$70,0)),"")) | E15: =IF(B15="","",IFERROR(INDEX(Tracker!$E$3:$E$70,MATCH(_xludf.AGGREGATE(15,6,Tracker!$CK$3:$CK$70,6),Tracker!$CK$3:$CK$70,0)),"")) | F15: =IF(B15="","",IFERROR(INDEX(Tracker!$F$3:$F$70,MATCH(_xludf.AGGREGATE(15,6,Tracker!$CK$3:$CK$70,6),Tracker!$CK$3:$CK$70,0)),"")) | G15: =IF(B15="","",IFERROR(INDEX(Tracker!$G$3:$G$70,MATCH(_xludf.AGGREGATE(15,6,Tracker!$CK$3:$CK$70,6),Tracker!$CK$3:$CK$70,0)),"")) | I15: QA Service Request | J15: =SUMPRODUCT((Tracker!$A$3:$A$70<>"")*(Tracker!$AO$3:$AO$70<>"Completed")*(ISNUMBER(Tracker!$AM$3:$AM$70))*(N(Tracker!$AM$3:$AM$70)<TODAY())) | K15: =SUMPRODUCT((Tracker!$A$3:$A$70<>"")*(Tracker!$AO$3:$AO$70<>"Completed")*(ISNUMBER(Tracker!$AM$3:$AM$70))*(N(Tracker!$AM$3:$AM$70)>=TODAY())*(N(Tracker!$AM$3:$AM$70)<=TODAY()+7)) | L15: =SUMPRODUCT((Tracker!$A$3:$A$70<>"")*(ISNUMBER(Tracker!$AM$3:$AM$70))*(Tracker!$AO$3:$AO$70="Blocked")) | M15: =SUMPRODUCT((Tracker!$A$3:$A$70<>"")*(ISNUMBER(Tracker!$AM$3:$AM$70))*(Tracker!$AO$3:$AO$70="In Progress")) | N15: =SUMPRODUCT((Tracker!$A$3:$A$70<>"")*(ISNUMBER(Tracker!$W$3:$W$70))*(Tracker!$X$3:$X$70<>"Completed")*(Tracker!$X$3:$X$70<>"Blocked")*(Tracker!$X$3:$X$70<>"In Progress")) | O15: =SUMPRODUCT((Tracker!$A$3:$A$70<>"")*(ISNUMBER(Tracker!$W$3:$W$70))*(Tracker!$X$3:$X$70="Completed")) | P15: =IF(N(J15)<=0,"",REPT("|",MIN(N(J15),25)))
B16: =IFERROR(INDEX(Tracker!$A$3:$A$70,MATCH(_xludf.AGGREGATE(15,6,Tracker!$CK$3:$CK$70,7),Tracker!$CK$3:$CK$70,0)),"") | C16: =IF(B16="","",IFERROR(INDEX(Tracker!$C$3:$C$70,MATCH(_xludf.AGGREGATE(15,6,Tracker!$CK$3:$CK$70,7),Tracker!$CK$3:$CK$70,0)),"")) | D16: =IF(B16="","",IFERROR(INDEX(Tracker!$D$3:$D$70,MATCH(_xludf.AGGREGATE(15,6,Tracker!$CK$3:$CK$70,7),Tracker!$CK$3:$CK$70,0)),"")) | E16: =IF(B16="","",IFERROR(INDEX(Tracker!$E$3:$E$70,MATCH(_xludf.AGGREGATE(15,6,Tracker!$CK$3:$CK$70,7),Tracker!$CK$3:$CK$70,0)),"")) | F16: =IF(B16="","",IFERROR(INDEX(Tracker!$F$3:$F$70,MATCH(_xludf.AGGREGATE(15,6,Tracker!$CK$3:$CK$70,7),Tracker!$CK$3:$CK$70,0)),"")) | G16: =IF(B16="","",IFERROR(INDEX(Tracker!$G$3:$G$70,MATCH(_xludf.AGGREGATE(15,6,Tracker!$CK$3:$CK$70,7),Tracker!$CK$3:$CK$70,0)),"")) | I16: Prod R-Task | J16: =SUMPRODUCT((Tracker!$A$3:$A$70<>"")*(Tracker!$AY$3:$AY$70<>"Completed")*(ISNUMBER(Tracker!$AW$3:$AW$70))*(N(Tracker!$AW$3:$AW$70)<TODAY())) | K16: =SUMPRODUCT((Tracker!$A$3:$A$70<>"")*(Tracker!$AY$3:$AY$70<>"Completed")*(ISNUMBER(Tracker!$AW$3:$AW$70))*(N(Tracker!$AW$3:$AW$70)>=TODAY())*(N(Tracker!$AW$3:$AW$70)<=TODAY()+7)) | L16: =SUMPRODUCT((Tracker!$A$3:$A$70<>"")*(ISNUMBER(Tracker!$AW$3:$AW$70))*(Tracker!$AY$3:$AY$70="Blocked")) | M16: =SUMPRODUCT((Tracker!$A$3:$A$70<>"")*(ISNUMBER(Tracker!$AW$3:$AW$70))*(Tracker!$AY$3:$AY$70="In Progress")) | N16: =SUMPRODUCT((Tracker!$A$3:$A$70<>"")*(ISNUMBER(Tracker!$Y$3:$Y$70))*(Tracker!$Z$3:$Z$70<>"Completed")*(Tracker!$Z$3:$Z$70<>"Blocked")*(Tracker!$Z$3:$Z$70<>"In Progress")) | O16: =SUMPRODUCT((Tracker!$A$3:$A$70<>"")*(ISNUMBER(Tracker!$Y$3:$Y$70))*(Tracker!$Z$3:$Z$70="Completed")) | P16: =IF(N(J16)<=0,"",REPT("|",MIN(N(J16),25)))
B17: =IFERROR(INDEX(Tracker!$A$3:$A$70,MATCH(_xludf.AGGREGATE(15,6,Tracker!$CK$3:$CK$70,8),Tracker!$CK$3:$CK$70,0)),"") | C17: =IF(B17="","",IFERROR(INDEX(Tracker!$C$3:$C$70,MATCH(_xludf.AGGREGATE(15,6,Tracker!$CK$3:$CK$70,8),Tracker!$CK$3:$CK$70,0)),"")) | D17: =IF(B17="","",IFERROR(INDEX(Tracker!$D$3:$D$70,MATCH(_xludf.AGGREGATE(15,6,Tracker!$CK$3:$CK$70,8),Tracker!$CK$3:$CK$70,0)),"")) | E17: =IF(B17="","",IFERROR(INDEX(Tracker!$E$3:$E$70,MATCH(_xludf.AGGREGATE(15,6,Tracker!$CK$3:$CK$70,8),Tracker!$CK$3:$CK$70,0)),"")) | F17: =IF(B17="","",IFERROR(INDEX(Tracker!$F$3:$F$70,MATCH(_xludf.AGGREGATE(15,6,Tracker!$CK$3:$CK$70,8),Tracker!$CK$3:$CK$70,0)),"")) | G17: =IF(B17="","",IFERROR(INDEX(Tracker!$G$3:$G$70,MATCH(_xludf.AGGREGATE(15,6,Tracker!$CK$3:$CK$70,8),Tracker!$CK$3:$CK$70,0)),"")) | I17: Prod OUR | J17: =SUMPRODUCT((Tracker!$A$3:$A$70<>"")*(Tracker!$BB$3:$BB$70<>"Completed")*(ISNUMBER(Tracker!$AZ$3:$AZ$70))*(N(Tracker!$AZ$3:$AZ$70)<TODAY())) | K17: =SUMPRODUCT((Tracker!$A$3:$A$70<>"")*(Tracker!$BB$3:$BB$70<>"Completed")*(ISNUMBER(Tracker!$AZ$3:$AZ$70))*(N(Tracker!$AZ$3:$AZ$70)>=TODAY())*(N(Tracker!$AZ$3:$AZ$70)<=TODAY()+7)) | L17: =SUMPRODUCT((Tracker!$A$3:$A$70<>"")*(ISNUMBER(Tracker!$AZ$3:$AZ$70))*(Tracker!$BB$3:$BB$70="Blocked")) | M17: =SUMPRODUCT((Tracker!$A$3:$A$70<>"")*(ISNUMBER(Tracker!$AZ$3:$AZ$70))*(Tracker!$BB$3:$BB$70="In Progress")) | N17: =SUMPRODUCT((Tracker!$A$3:$A$70<>"")*(ISNUMBER(Tracker!$AA$3:$AA$70))*(Tracker!$AB$3:$AB$70<>"Completed")*(Tracker!$AB$3:$AB$70<>"Blocked")*(Tracker!$AB$3:$AB$70<>"In Progress")) | O17: =SUMPRODUCT((Tracker!$A$3:$A$70<>"")*(ISNUMBER(Tracker!$AA$3:$AA$70))*(Tracker!$AB$3:$AB$70="Completed")) | P17: =IF(N(J17)<=0,"",REPT("|",MIN(N(J17),25)))
B18: =IFERROR(INDEX(Tracker!$A$3:$A$70,MATCH(_xludf.AGGREGATE(15,6,Tracker!$CK$3:$CK$70,9),Tracker!$CK$3:$CK$70,0)),"") | C18: =IF(B18="","",IFERROR(INDEX(Tracker!$C$3:$C$70,MATCH(_xludf.AGGREGATE(15,6,Tracker!$CK$3:$CK$70,9),Tracker!$CK$3:$CK$70,0)),"")) | D18: =IF(B18="","",IFERROR(INDEX(Tracker!$D$3:$D$70,MATCH(_xludf.AGGREGATE(15,6,Tracker!$CK$3:$CK$70,9),Tracker!$CK$3:$CK$70,0)),"")) | E18: =IF(B18="","",IFERROR(INDEX(Tracker!$E$3:$E$70,MATCH(_xludf.AGGREGATE(15,6,Tracker!$CK$3:$CK$70,9),Tracker!$CK$3:$CK$70,0)),"")) | F18: =IF(B18="","",IFERROR(INDEX(Tracker!$F$3:$F$70,MATCH(_xludf.AGGREGATE(15,6,Tracker!$CK$3:$CK$70,9),Tracker!$CK$3:$CK$70,0)),"")) | G18: =IF(B18="","",IFERROR(INDEX(Tracker!$G$3:$G$70,MATCH(_xludf.AGGREGATE(15,6,Tracker!$CK$3:$CK$70,9),Tracker!$CK$3:$CK$70,0)),"")) | I18: Prod Service Request | J18: =SUMPRODUCT((Tracker!$A$3:$A$70<>"")*(Tracker!$BE$3:$BE$70<>"Completed")*(ISNUMBER(Tracker!$BC$3:$BC$70))*(N(Tracker!$BC$3:$BC$70)<TODAY())) | K18: =SUMPRODUCT((Tracker!$A$3:$A$70<>"")*(Tracker!$BE$3:$BE$70<>"Completed")*(ISNUMBER(Tracker!$BC$3:$BC$70))*(N(Tracker!$BC$3:$BC$70)>=TODAY())*(N(Tracker!$BC$3:$BC$70)<=TODAY()+7)) | L18: =SUMPRODUCT((Tracker!$A$3:$A$70<>"")*(ISNUMBER(Tracker!$BC$3:$BC$70))*(Tracker!$BE$3:$BE$70="Blocked")) | M18: =SUMPRODUCT((Tracker!$A$3:$A$70<>"")*(ISNUMBER(Tracker!$BC$3:$BC$70))*(Tracker!$BE$3:$BE$70="In Progress")) | N18: =SUMPRODUCT((Tracker!$A$3:$A$70<>"")*(ISNUMBER(Tracker!$AC$3:$AC$70))*(Tracker!$AD$3:$AD$70<>"Completed")*(Tracker!$AD$3:$AD$70<>"Blocked")*(Tracker!$AD$3:$AD$70<>"In Progress")) | O18: =SUMPRODUCT((Tracker!$A$3:$A$70<>"")*(ISNUMBER(Tracker!$AC$3:$AC$70))*(Tracker!$AD$3:$AD$70="Completed")) | P18: =IF(N(J18)<=0,"",REPT("|",MIN(N(J18),25)))
B19: =IFERROR(INDEX(Tracker!$A$3:$A$70,MATCH(_xludf.AGGREGATE(15,6,Tracker!$CK$3:$CK$70,10),Tracker!$CK$3:$CK$70,0)),"") | C19: =IF(B19="","",IFERROR(INDEX(Tracker!$C$3:$C$70,MATCH(_xludf.AGGREGATE(15,6,Tracker!$CK$3:$CK$70,10),Tracker!$CK$3:$CK$70,0)),"")) | D19: =IF(B19="","",IFERROR(INDEX(Tracker!$D$3:$D$70,MATCH(_xludf.AGGREGATE(15,6,Tracker!$CK$3:$CK$70,10),Tracker!$CK$3:$CK$70,0)),"")) | E19: =IF(B19="","",IFERROR(INDEX(Tracker!$E$3:$E$70,MATCH(_xludf.AGGREGATE(15,6,Tracker!$CK$3:$CK$70,10),Tracker!$CK$3:$CK$70,0)),"")) | F19: =IF(B19="","",IFERROR(INDEX(Tracker!$F$3:$F$70,MATCH(_xludf.AGGREGATE(15,6,Tracker!$CK$3:$CK$70,10),Tracker!$CK$3:$CK$70,0)),"")) | G19: =IF(B19="","",IFERROR(INDEX(Tracker!$G$3:$G$70,MATCH(_xludf.AGGREGATE(15,6,Tracker!$CK$3:$CK$70,10),Tracker!$CK$3:$CK$70,0)),"")) | I19: Dev File R-Task | J19: =SUMPRODUCT((Tracker!$A$3:$A$70<>"")*(Tracker!$AC$3:$AC$70<>"Completed")*(ISNUMBER(Tracker!$AA$3:$AA$70))*(N(Tracker!$AA$3:$AA$70)<TODAY())) | K19: =SUMPRODUCT((Tracker!$A$3:$A$70<>"")*(Tracker!$AC$3:$AC$70<>"Completed")*(ISNUMBER(Tracker!$AA$3:$AA$70))*(N(Tracker!$AA$3:$AA$70)>=TODAY())*(N(Tracker!$AA$3:$AA$70)<=TODAY()+7)) | L19: =SUMPRODUCT((Tracker!$A$3:$A$70<>"")*(ISNUMBER(Tracker!$AA$3:$AA$70))*(Tracker!$AC$3:$AC$70="Blocked")) | M19: =SUMPRODUCT((Tracker!$A$3:$A$70<>"")*(ISNUMBER(Tracker!$AA$3:$AA$70))*(Tracker!$AC$3:$AC$70="In Progress")) | N19: =SUMPRODUCT((Tracker!$A$3:$A$70<>"")*(ISNUMBER(Tracker!$AG$3:$AG$70))*(Tracker!$AH$3:$AH$70<>"Completed")*(Tracker!$AH$3:$AH$70<>"Blocked")*(Tracker!$AH$3:$AH$70<>"In Progress")) | O19: =SUMPRODUCT((Tracker!$A$3:$A$70<>"")*(ISNUMBER(Tracker!$AG$3:$AG$70))*(Tracker!$AH$3:$AH$70="Completed")) | P19: =IF(N(J19)<=0,"",REPT("|",MIN(N(J19),25)))
B20: =IFERROR(INDEX(Tracker!$A$3:$A$70,MATCH(_xludf.AGGREGATE(15,6,Tracker!$CK$3:$CK$70,11),Tracker!$CK$3:$CK$70,0)),"") | C20: =IF(B20="","",IFERROR(INDEX(Tracker!$C$3:$C$70,MATCH(_xludf.AGGREGATE(15,6,Tracker!$CK$3:$CK$70,11),Tracker!$CK$3:$CK$70,0)),"")) | D20: =IF(B20="","",IFERROR(INDEX(Tracker!$D$3:$D$70,MATCH(_xludf.AGGREGATE(15,6,Tracker!$CK$3:$CK$70,11),Tracker!$CK$3:$CK$70,0)),"")) | E20: =IF(B20="","",IFERROR(INDEX(Tracker!$E$3:$E$70,MATCH(_xludf.AGGREGATE(15,6,Tracker!$CK$3:$CK$70,11),Tracker!$CK$3:$CK$70,0)),"")) | F20: =IF(B20="","",IFERROR(INDEX(Tracker!$F$3:$F$70,MATCH(_xludf.AGGREGATE(15,6,Tracker!$CK$3:$CK$70,11),Tracker!$CK$3:$CK$70,0)),"")) | G20: =IF(B20="","",IFERROR(INDEX(Tracker!$G$3:$G$70,MATCH(_xludf.AGGREGATE(15,6,Tracker!$CK$3:$CK$70,11),Tracker!$CK$3:$CK$70,0)),"")) | I20: CAB | J20: =SUMPRODUCT((Tracker!$A$3:$A$70<>"")*(Tracker!$BN$3:$BN$70<>"Completed")*(ISNUMBER(Tracker!$BM$3:$BM$70))*(N(Tracker!$BM$3:$BM$70)<TODAY())) | K20: =SUMPRODUCT((Tracker!$A$3:$A$70<>"")*(Tracker!$BN$3:$BN$70<>"Completed")*(ISNUMBER(Tracker!$BM$3:$BM$70))*(N(Tracker!$BM$3:$BM$70)>=TODAY())*(N(Tracker!$BM$3:$BM$70)<=TODAY()+7)) | L20: =SUMPRODUCT((Tracker!$A$3:$A$70<>"")*(ISNUMBER(Tracker!$BM$3:$BM$70))*(Tracker!$BN$3:$BN$70="Blocked")) | M20: =SUMPRODUCT((Tracker!$A$3:$A$70<>"")*(ISNUMBER(Tracker!$BM$3:$BM$70))*(Tracker!$BN$3:$BN$70="In Progress")) | N20: =SUMPRODUCT((Tracker!$A$3:$A$70<>"")*(ISNUMBER(Tracker!$AE$3:$AE$70))*(Tracker!$AF$3:$AF$70<>"Completed")*(Tracker!$AF$3:$AF$70<>"Blocked")*(Tracker!$AF$3:$AF$70<>"In Progress")) | O20: =SUMPRODUCT((Tracker!$A$3:$A$70<>"")*(ISNUMBER(Tracker!$AE$3:$AE$70))*(Tracker!$AF$3:$AF$70="Completed")) | P20: =IF(N(J20)<=0,"",REPT("|",MIN(N(J20),25)))
B21: =IFERROR(INDEX(Tracker!$A$3:$A$70,MATCH(_xludf.AGGREGATE(15,6,Tracker!$AT$3:$AT$70,12),Tracker!$AT$3:$AT$70,0)),"") | C21: =IF(B21="","",IFERROR(INDEX(Tracker!$B$3:$B$70,MATCH(_xludf.AGGREGATE(15,6,Tracker!$AT$3:$AT$70,12),Tracker!$AT$3:$AT$70,0)),"")) | D21: =IF(B21="","",IFERROR(INDEX(Tracker!$C$3:$C$70,MATCH(_xludf.AGGREGATE(15,6,Tracker!$AT$3:$AT$70,12),Tracker!$AT$3:$AT$70,0)),"")) | E21: =IF(B21="","",IFERROR(INDEX(Tracker!$D$3:$D$70,MATCH(_xludf.AGGREGATE(15,6,Tracker!$AT$3:$AT$70,12),Tracker!$AT$3:$AT$70,0)),"")) | F21: =IF(B21="","",IFERROR(INDEX(Tracker!#REF!,MATCH(_xludf.AGGREGATE(15,6,Tracker!$AT$3:$AT$70,12),Tracker!$AT$3:$AT$70,0)),"")) | G21: =IF(OR(B21="",NOT(ISNUMBER(F21))),"",F21-TODAY()) | I21: Code Review | J21: =SUMPRODUCT((Tracker!$A$3:$A$70<>"")*(Tracker!$BP$3:$BP$70<>"Completed")*(ISNUMBER(Tracker!$BO$3:$BO$70))*(N(Tracker!$BO$3:$BO$70)<TODAY())) | K21: =SUMPRODUCT((Tracker!$A$3:$A$70<>"")*(Tracker!$BP$3:$BP$70<>"Completed")*(ISNUMBER(Tracker!$BO$3:$BO$70))*(N(Tracker!$BO$3:$BO$70)>=TODAY())*(N(Tracker!$BO$3:$BO$70)<=TODAY()+7)) | L21: =SUMPRODUCT((Tracker!$A$3:$A$70<>"")*(ISNUMBER(Tracker!$BO$3:$BO$70))*(Tracker!$BP$3:$BP$70="Blocked")) | M21: =SUMPRODUCT((Tracker!$A$3:$A$70<>"")*(ISNUMBER(Tracker!$BO$3:$BO$70))*(Tracker!$BP$3:$BP$70="In Progress")) | N21: =SUM(N10:N20) | O21: =SUM(O10:O20)

Sheet Tracker
A1: CONTROL STRIP | H1: INPUTS - type dates | K1: AUDIT - Excel fills | N1: READY / READINESS | Q1: DEV DB REQUESTS | Z1: DEV FILE REQUESTS | AG1: QA DB REQUESTS | AP1: QA FILE REQUESTS | AW1: PROD DB REQUESTS | BF1: PROD FILE REQUESTS | BM1: RELEASE GOVERNANCE | BT1: VALIDATION
A2: Application | B2: Responsible PM | C2: Sprint | D2: Overall Status | E2: Next Action | F2: Next Action Date | G2: Days Overdue | H2: Sprint Start | I2: Sprint End | J2: Release Date | K2: Effective Sprint Start | L2: Effective Sprint End | M2: Effective Release Date | N2: App Ready By | O2: Sprint Readiness Date | P2: Sprint Readiness Status | Q2: Dev R-Task | R2: Raised On | S2: Dev R-Task Status | T2: Dev OUR | U2: Raised On | V2: Dev OUR Status | W2: Dev Service Request | X2: Raised On | Y2: Dev SR Status | Z2: File Type | AA2: Dev File R-Task | AB2: Raised On | AC2: Dev File R-Task Status | AD2: IAM | AE2: Ownership Identified | AF2: Frequency | AG2: QA R-Task | AH2: Raised On | AI2: QA R-Task Status | AJ2: QA OUR | AK2: Raised On | AL2: QA OUR Status | AM2: QA Service Request | AN2: Raised On | AO2: QA SR Status | AP2: File Type | AQ2: QA File R-Task | AR2: Raised On | AS2: QA File R-Task Status | AT2: IAM | AU2: Ownership Identified | AV2: Frequency | AW2: Prod R-Task | AX2: Raised On | AY2: Prod R-Task Status | AZ2: Prod OUR | BA2: Raised On | BB2: Prod OUR Status | BC2: Prod Service Request | BD2: Raised On | BE2: Prod SR Status | BF2: File Type | BG2: Prod File R-Task | BH2: Raised On | BI2: Prod File R-Task Status | BJ2: IAM | BK2: Ownership Identified | BL2: Frequency | BM2: CAB Date | BN2: CAB Status | BO2: Code Review Date | BP2: Code Review Status | BQ2: Code Review Invite | BR2: CR Invite Status | BS2: Release Status | BT2: Validation / Notes
A3: ALLOCATIONS | B3: Sharath <Skotha1@randomtrees.com> | C3: Sprint 17 | D3: =IF(A8="","",IF(((S8="Blocked")+(V8="Blocked")+(Y8="Blocked")+(AC8="Blocked")+(AI8="Blocked")+(AL8="Blocked")+(AO8="Blocked")+(AS8="Blocked")+(AY8="Blocked")+(BB8="Blocked")+(BE8="Blocked")+(BI8="Blocked")+(P8="Blocked")+(BN8="Blocked")+(BP8="Blocked")+(BR8="Blocked")+(BS8="Blocked"))>0,"Blocked",IF((ISNUMBER(Q8)+ISNUMBER(T8)+ISNUMBER(W8)+ISNUMBER(AA8)+ISNUMBER(AG8)+ISNUMBER(AJ8)+ISNUMBER(AM8)+ISNUMBER(AQ8)+ISNUMBER(AW8)+ISNUMBER(AZ8)+ISNUMBER(BC8)+ISNUMBER(BG8)+ISNUMBER(O8)+ISNUMBER(BM8)+ISNUMBER(BO8)+ISNUMBER(BQ8))=0,"Yet to start",IF(AND(OR(NOT(ISNUMBER(Q8)),S8="Completed"),OR(NOT(ISNUMBER(T8)),V8="Completed"),OR(NOT(ISNUMBER(W8)),Y8="Completed"),OR(NOT(ISNUMBER(AA8)),AC8="Completed"),OR(NOT(ISNUMBER(AG8)),AI8="Completed"),OR(NOT(ISNUMBER(AJ8)),AL8="Completed"),OR(NOT(ISNUMBER(AM8)),AO8="Completed"),OR(NOT(ISNUMBER(AQ8)),AS8="Completed"),OR(NOT(ISNUMBER(AW8)),AY8="Completed"),OR(NOT(ISNUMBER(AZ8)),BB8="Completed"),OR(NOT(ISNUMBER(BC8)),BE8="Completed"),OR(NOT(ISNUMBER(BG8)),BI8="Completed"),OR(NOT(ISNUMBER(O8)),P8="Completed"),OR(NOT(ISNUMBER(BM8)),BN8="Completed"),OR(NOT(ISNUMBER(BO8)),BP8="Completed"),OR(NOT(ISNUMBER(BQ8)),BR8="Completed"),BS8="Completed"),"Completed",IF(((S8="In Progress")+(V8="In Progress")+(Y8="In Progress")+(AC8="In Progress")+(AI8="In Progress")+(AL8="In Progress")+(AO8="In Progress")+(AS8="In Progress")+(AY8="In Progress")+(BB8="In Progress")+(BE8="In Progress")+(BI8="In Progress")+(P8="In Progress")+(BN8="In Progress")+(BP8="In Progress")+(BR8="In Progress")+(BS8="In Progress"))>0,"In Progress","Yet to start"))))) | E3: =IF(A3="","",IF(F3="","All complete",INDEX({"Dev R-Task","Dev OUR","Dev Service Request","Dev File R-Task","QA R-Task","QA OUR","QA Service Request","QA File R-Task","Prod R-Task","Prod OUR","Prod Service Request","Prod File R-Task","Sprint Readiness","Code Review Invite","Code Review","CAB"},MATCH(F3,BU3:CJ3,0)))) | F3: =IF(A3="","",IF(COUNT(BU3:CJ3)=0,"",MIN(BU3:CJ3))) | G3: =IF(A3="","",MAX(0,IF(AND(ISNUMBER(Q3),S3<>"Completed",Q3<TODAY()),TODAY()-Q3,0),IF(AND(ISNUMBER(T3),V3<>"Completed",T3<TODAY()),TODAY()-T3,0),IF(AND(ISNUMBER(W3),Y3<>"Completed",W3<TODAY()),TODAY()-W3,0),IF(AND(ISNUMBER(AA3),AC3<>"Completed",AA3<TODAY()),TODAY()-AA3,0),IF(AND(ISNUMBER(AG3),AI3<>"Completed",AG3<TODAY()),TODAY()-AG3,0),IF(AND(ISNUMBER(AJ3),AL3<>"Completed",AJ3<TODAY()),TODAY()-AJ3,0),IF(AND(ISNUMBER(AM3),AO3<>"Completed",AM3<TODAY()),TODAY()-AM3,0),IF(AND(ISNUMBER(AQ3),AS3<>"Completed",AQ3<TODAY()),TODAY()-AQ3,0),IF(AND(ISNUMBER(AW3),AY3<>"Completed",AW3<TODAY()),TODAY()-AW3,0),IF(AND(ISNUMBER(AZ3),BB3<>"Completed",AZ3<TODAY()),TODAY()-AZ3,0),IF(AND(ISNUMBER(BC3),BE3<>"Completed",BC3<TODAY()),TODAY()-BC3,0),IF(AND(ISNUMBER(BG3),BI3<>"Completed",BG3<TODAY()),TODAY()-BG3,0),IF(AND(ISNUMBER(O3),P3<>"Completed",O3<TODAY()),TODAY()-O3,0),IF(AND(ISNUMBER(BQ3),BR3<>"Completed",BQ3<TODAY()),TODAY()-BQ3,0),IF(AND(ISNUMBER(BO3),BP3<>"Completed",BO3<TODAY()),TODAY()-BO3,0),IF(AND(ISNUMBER(BM3),BN3<>"Completed",BM3<TODAY()),TODAY()-BM3,0))) | H3: 46232 | I3: 46245 | J3: 46276 | K3: =IF(ISNUMBER(H3),H3,IF(ISNUMBER(M3),M3-WEEKDAY(M3,2)+1-7,"")) | L3: =IF(ISNUMBER(I3),I3,IF(ISNUMBER(H3),WORKDAY(H3,SprintWorkingDays-1),IF(ISNUMBER(K3),WORKDAY(K3,SprintWorkingDays-1),""))) | M3: =IF(ISNUMBER(J3),J3,IF(ISNUMBER(I3),I3-IF(OR(WEEKDAY(I3,2)=2,WEEKDAY(I3,2)=4),0,IF(WEEKDAY(I3,2)=3,1,IF(WEEKDAY(I3,2)=1,4,WEEKDAY(I3,2)-4))),IF(ISNUMBER(H3),WORKDAY(H3,SprintWorkingDays-1)-IF(OR(WEEKDAY(WORKDAY(H3,SprintWorkingDays-1),2)=2,WEEKDAY(WORKDAY(H3,SprintWorkingDays-1),2)=4),0,IF(WEEKDAY(WORKDAY(H3,SprintWorkingDays-1),2)=3,1,IF(WEEKDAY(WORKDAY(H3,SprintWorkingDays-1),2)=1,4,WEEKDAY(WORKDAY(H3,SprintWorkingDays-1),2)-4))),""))) | N3: =IF(NOT(ISNUMBER(K3)),"",WORKDAY(K3,ReadyOffsetWD)) | O3: =IF(NOT(ISNUMBER(K3)),"",WORKDAY(K3,SprintReadinessOffsetWD)) | Q3: =IF(NOT(ISNUMBER(T3)),"",WORKDAY(T3,RTSKOffsetFromOUR_WD)) | S3: Completed | T3: =IF(NOT(ISNUMBER(W3)),"",WORKDAY(W3,OUROffsetFromSR_WD)) | W3: =IF(NOT(ISNUMBER(K3)),"",WORKDAY(K3,SROffsetFromStartWD)) | AA3: =IF(ISNUMBER(Q3),Q3,"") | AG3: =IF(NOT(ISNUMBER(Q3)),"",Q3) | AJ3: =IF(NOT(ISNUMBER(T3)),"",T3) | AM3: =IF(NOT(ISNUMBER(W3)),"",W3) | AQ3: =IF(ISNUMBER(AG3),AG3,"") | AW3: =IF(NOT(ISNUMBER(Q3)),"",Q3) | AZ3: =IF(NOT(ISNUMBER(T3)),"",T3) | BC3: =IF(NOT(ISNUMBER(W3)),"",W3) | BG3: =IF(ISNUMBER(AW3),AW3,"") | BM3: 46213 | BO3: =IF(NOT(ISNUMBER(BM3)),"",IF(WEEKDAY(BM3-CodeReviewCalendarDays,2)>5,BM3-CodeReviewCalendarDays-(WEEKDAY(BM3-CodeReviewCalendarDays,2)-5),BM3-CodeReviewCalendarDays)) | BQ3: =IF(NOT(ISNUMBER(BO3)),"",IF(WEEKDAY(BO3-CodeReviewInviteCalendarDays,2)>5,BO3-CodeReviewInviteCalendarDays-(WEEKDAY(BO3-CodeReviewInviteCalendarDays,2)-5),BO3-CodeReviewInviteCalendarDays)) | BT3: =IF(A3="","",IF(IF(AND(ISNUMBER(J3),WEEKDAY(J3,2)<>2,WEEKDAY(J3,2)<>4)," | Release must be Tuesday or Thursday","")&IF(AND(ISNUMBER(H3),WEEKDAY(H3,2)<>1)," | Sprint Start is not a Monday - dates still calculated from the date entered","")&IF(AND(A3<>"",NOT(ISNUMBER(H3)),NOT(ISNUMBER(J3)))," | Enter Sprint Start or Release Date","")&IF(AND(ISNUMBER(F3),F3<TODAY(),D3<>"Completed")," | One or more raise-by dates are in the past and not completed","")&IF(AND(ISNUMBER(K3),K3-TODAY()<SprintWarningDays,K3>=TODAY(),OR(D3="Yet to start",D3="Blocked"))," | Sprint starts in under 10 days - raise access requests now","")&IF(AND(ISNUMBER(BQ3),BR3<>"Completed",BQ3-TODAY()<CodeReviewInviteCalendarDays)," | Code Review invite should be sent at least 4 days before Code Review","")="","",MID(IF(AND(ISNUMBER(J3),WEEKDAY(J3,2)<>2,WEEKDAY(J3,2)<>4)," | Release must be Tuesday or Thursday","")&IF(AND(ISNUMBER(H3),WEEKDAY(H3,2)<>1)," | Sprint Start is not a Monday - dates still calculated from the date entered","")&IF(AND(A3<>"",NOT(ISNUMBER(H3)),NOT(ISNUMBER(J3)))," | Enter Sprint Start or Release Date","")&IF(AND(ISNUMBER(F3),F3<TODAY(),D3<>"Completed")," | One or more raise-by dates are in the past and not completed","")&IF(AND(ISNUMBER(K3),K3-TODAY()<SprintWarningDays,K3>=TODAY(),OR(D3="Yet to start",D3="Blocked"))," | Sprint starts in under 10 days - raise access requests now","")&IF(AND(ISNUMBER(BQ3),BR3<>"Completed",BQ3-TODAY()<CodeReviewInviteCalendarDays)," | Code Review invite should be sent at least 4 days before Code Review",""),4,500))) | BU3: =IF(AND(ISNUMBER(Q3),S3<>"Completed"),Q3,"") | BV3: =IF(AND(ISNUMBER(T3),V3<>"Completed"),T3,"") | BW3: =IF(AND(ISNUMBER(W3),Y3<>"Completed"),W3,"") | BX3: =IF(AND(ISNUMBER(AA3),AC3<>"Completed"),AA3,"") | BY3: =IF(AND(ISNUMBER(AG3),AI3<>"Completed"),AG3,"") | BZ3: =IF(AND(ISNUMBER(AJ3),AL3<>"Completed"),AJ3,"") | CA3: =IF(AND(ISNUMBER(AM3),AO3<>"Completed"),AM3,"") | CB3: =IF(AND(ISNUMBER(AQ3),AS3<>"Completed"),AQ3,"") | CC3: =IF(AND(ISNUMBER(AW3),AY3<>"Completed"),AW3,"") | CD3: =IF(AND(ISNUMBER(AZ3),BB3<>"Completed"),AZ3,"") | CE3: =IF(AND(ISNUMBER(BC3),BE3<>"Completed"),BC3,"") | CF3: =IF(AND(ISNUMBER(BG3),BI3<>"Completed"),BG3,"") | CG3: =IF(AND(ISNUMBER(O3),P3<>"Completed"),O3,"") | CH3: =IF(AND(ISNUMBER(BQ3),BR3<>"Completed"),BQ3,"") | CI3: =IF(AND(ISNUMBER(BO3),BP3<>"Completed"),BO3,"") | CJ3: =IF(AND(ISNUMBER(BM3),BN3<>"Completed"),BM3,"") | CK3: =IF(OR(A3="",D3="Completed"),"",IF(N(G3)>0,1/(N(G3)+ROW()/100000),IF(ISNUMBER(F3),1000+F3+ROW()/100000,TODAY()+400+ROW()/100000)))
A4: AR80 | B4: Santhosh <skoyalkar@randomtrees.com> | C4: Sprint 17 | D4: =IF(A7="","",IF(((S7="Blocked")+(V7="Blocked")+(Y7="Blocked")+(AC7="Blocked")+(AI7="Blocked")+(AL7="Blocked")+(AO7="Blocked")+(AS7="Blocked")+(AY7="Blocked")+(BB7="Blocked")+(BE7="Blocked")+(BI7="Blocked")+(P7="Blocked")+(BN7="Blocked")+(BP7="Blocked")+(BR7="Blocked")+(BS7="Blocked"))>0,"Blocked",IF((ISNUMBER(Q7)+ISNUMBER(T7)+ISNUMBER(W7)+ISNUMBER(AA7)+ISNUMBER(AG7)+ISNUMBER(AJ7)+ISNUMBER(AM7)+ISNUMBER(AQ7)+ISNUMBER(AW7)+ISNUMBER(AZ7)+ISNUMBER(BC7)+ISNUMBER(BG7)+ISNUMBER(O7)+ISNUMBER(BM7)+ISNUMBER(BO7)+ISNUMBER(BQ7))=0,"Yet to start",IF(AND(OR(NOT(ISNUMBER(Q7)),S7="Completed"),OR(NOT(ISNUMBER(T7)),V7="Completed"),OR(NOT(ISNUMBER(W7)),Y7="Completed"),OR(NOT(ISNUMBER(AA7)),AC7="Completed"),OR(NOT(ISNUMBER(AG7)),AI7="Completed"),OR(NOT(ISNUMBER(AJ7)),AL7="Completed"),OR(NOT(ISNUMBER(AM7)),AO7="Completed"),OR(NOT(ISNUMBER(AQ7)),AS7="Completed"),OR(NOT(ISNUMBER(AW7)),AY7="Completed"),OR(NOT(ISNUMBER(AZ7)),BB7="Completed"),OR(NOT(ISNUMBER(BC7)),BE7="Completed"),OR(NOT(ISNUMBER(BG7)),BI7="Completed"),OR(NOT(ISNUMBER(O7)),P7="Completed"),OR(NOT(ISNUMBER(BM7)),BN7="Completed"),OR(NOT(ISNUMBER(BO7)),BP7="Completed"),OR(NOT(ISNUMBER(BQ7)),BR7="Completed"),BS7="Completed"),"Completed",IF(((S7="In Progress")+(V7="In Progress")+(Y7="In Progress")+(AC7="In Progress")+(AI7="In Progress")+(AL7="In Progress")+(AO7="In Progress")+(AS7="In Progress")+(AY7="In Progress")+(BB7="In Progress")+(BE7="In Progress")+(BI7="In Progress")+(P7="In Progress")+(BN7="In Progress")+(BP7="In Progress")+(BR7="In Progress")+(BS7="In Progress"))>0,"In Progress","Yet to start"))))) | E4: =IF(A4="","",IF(F4="","All complete",INDEX({"Dev R-Task","Dev OUR","Dev Service Request","Dev File R-Task","QA R-Task","QA OUR","QA Service Request","QA File R-Task","Prod R-Task","Prod OUR","Prod Service Request","Prod File R-Task","Sprint Readiness","Code Review Invite","Code Review","CAB"},MATCH(F4,BU4:CJ4,0)))) | F4: =IF(A4="","",IF(COUNT(BU4:CJ4)=0,"",MIN(BU4:CJ4))) | G4: =IF(A4="","",MAX(0,IF(AND(ISNUMBER(Q4),S4<>"Completed",Q4<TODAY()),TODAY()-Q4,0),IF(AND(ISNUMBER(T4),V4<>"Completed",T4<TODAY()),TODAY()-T4,0),IF(AND(ISNUMBER(W4),Y4<>"Completed",W4<TODAY()),TODAY()-W4,0),IF(AND(ISNUMBER(AA4),AC4<>"Completed",AA4<TODAY()),TODAY()-AA4,0),IF(AND(ISNUMBER(AG4),AI4<>"Completed",AG4<TODAY()),TODAY()-AG4,0),IF(AND(ISNUMBER(AJ4),AL4<>"Completed",AJ4<TODAY()),TODAY()-AJ4,0),IF(AND(ISNUMBER(AM4),AO4<>"Completed",AM4<TODAY()),TODAY()-AM4,0),IF(AND(ISNUMBER(AQ4),AS4<>"Completed",AQ4<TODAY()),TODAY()-AQ4,0),IF(AND(ISNUMBER(AW4),AY4<>"Completed",AW4<TODAY()),TODAY()-AW4,0),IF(AND(ISNUMBER(AZ4),BB4<>"Completed",AZ4<TODAY()),TODAY()-AZ4,0),IF(AND(ISNUMBER(BC4),BE4<>"Completed",BC4<TODAY()),TODAY()-BC4,0),IF(AND(ISNUMBER(BG4),BI4<>"Completed",BG4<TODAY()),TODAY()-BG4,0),IF(AND(ISNUMBER(O4),P4<>"Completed",O4<TODAY()),TODAY()-O4,0),IF(AND(ISNUMBER(BQ4),BR4<>"Completed",BQ4<TODAY()),TODAY()-BQ4,0),IF(AND(ISNUMBER(BO4),BP4<>"Completed",BO4<TODAY()),TODAY()-BO4,0),IF(AND(ISNUMBER(BM4),BN4<>"Completed",BM4<TODAY()),TODAY()-BM4,0))) | H4: 46232 | I4: 46245 | J4: 46276 | K4: =IF(ISNUMBER(H4),H4,IF(ISNUMBER(M4),M4-WEEKDAY(M4,2)+1-7,"")) | L4: =IF(ISNUMBER(I4),I4,IF(ISNUMBER(H4),WORKDAY(H4,SprintWorkingDays-1),IF(ISNUMBER(K4),WORKDAY(K4,SprintWorkingDays-1),""))) | M4: =IF(ISNUMBER(J4),J4,IF(ISNUMBER(I4),I4-IF(OR(WEEKDAY(I4,2)=2,WEEKDAY(I4,2)=4),0,IF(WEEKDAY(I4,2)=3,1,IF(WEEKDAY(I4,2)=1,4,WEEKDAY(I4,2)-4))),IF(ISNUMBER(H4),WORKDAY(H4,SprintWorkingDays-1)-IF(OR(WEEKDAY(WORKDAY(H4,SprintWorkingDays-1),2)=2,WEEKDAY(WORKDAY(H4,SprintWorkingDays-1),2)=4),0,IF(WEEKDAY(WORKDAY(H4,SprintWorkingDays-1),2)=3,1,IF(WEEKDAY(WORKDAY(H4,SprintWorkingDays-1),2)=1,4,WEEKDAY(WORKDAY(H4,SprintWorkingDays-1),2)-4))),""))) | N4: =IF(NOT(ISNUMBER(K4)),"",WORKDAY(K4,ReadyOffsetWD)) | O4: =IF(NOT(ISNUMBER(K4)),"",WORKDAY(K4,SprintReadinessOffsetWD)) | Q4: =IF(NOT(ISNUMBER(T4)),"",WORKDAY(T4,RTSKOffsetFromOUR_WD)) | S4: Yet to start | T4: =IF(NOT(ISNUMBER(W4)),"",WORKDAY(W4,OUROffsetFromSR_WD)) | W4: =IF(NOT(ISNUMBER(K4)),"",WORKDAY(K4,SROffsetFromStartWD)) | AA4: =IF(ISNUMBER(Q4),Q4,"") | AG4: =IF(NOT(ISNUMBER(Q4)),"",Q4) | AJ4: =IF(NOT(ISNUMBER(T4)),"",T4) | AM4: =IF(NOT(ISNUMBER(W4)),"",W4) | AQ4: =IF(ISNUMBER(AG4),AG4,"") | AW4: =IF(NOT(ISNUMBER(Q4)),"",Q4) | AZ4: =IF(NOT(ISNUMBER(T4)),"",T4) | BC4: =IF(NOT(ISNUMBER(W4)),"",W4) | BG4: =IF(ISNUMBER(AW4),AW4,"") | BM4: 46213 | BO4: =IF(NOT(ISNUMBER(BM4)),"",IF(WEEKDAY(BM4-CodeReviewCalendarDays,2)>5,BM4-CodeReviewCalendarDays-(WEEKDAY(BM4-CodeReviewCalendarDays,2)-5),BM4-CodeReviewCalendarDays)) | BQ4: =IF(NOT(ISNUMBER(BO4)),"",IF(WEEKDAY(BO4-CodeReviewInviteCalendarDays,2)>5,BO4-CodeReviewInviteCalendarDays-(WEEKDAY(BO4-CodeReviewInviteCalendarDays,2)-5),BO4-CodeReviewInviteCalendarDays)) | BT4: =IF(A4="","",IF(IF(AND(ISNUMBER(J4),WEEKDAY(J4,2)<>2,WEEKDAY(J4,2)<>4)," | Release must be Tuesday or Thursday","")&IF(AND(ISNUMBER(H4),WEEKDAY(H4,2)<>1)," | Sprint Start is not a Monday - dates still calculated from the date entered","")&IF(AND(A4<>"",NOT(ISNUMBER(H4)),NOT(ISNUMBER(J4)))," | Enter Sprint Start or Release Date","")&IF(AND(ISNUMBER(F4),F4<TODAY(),D4<>"Completed")," | One or more raise-by dates are in the past and not completed","")&IF(AND(ISNUMBER(K4),K4-TODAY()<SprintWarningDays,K4>=TODAY(),OR(D4="Yet to start",D4="Blocked"))," | Sprint starts in under 10 days - raise access requests now","")&IF(AND(ISNUMBER(BQ4),BR4<>"Completed",BQ4-TODAY()<CodeReviewInviteCalendarDays)," | Code Review invite should be sent at least 4 days before Code Review","")="","",MID(IF(AND(ISNUMBER(J4),WEEKDAY(J4,2)<>2,WEEKDAY(J4,2)<>4)," | Release must be Tuesday or Thursday","")&IF(AND(ISNUMBER(H4),WEEKDAY(H4,2)<>1)," | Sprint Start is not a Monday - dates still calculated from the date entered","")&IF(AND(A4<>"",NOT(ISNUMBER(H4)),NOT(ISNUMBER(J4)))," | Enter Sprint Start or Release Date","")&IF(AND(ISNUMBER(F4),F4<TODAY(),D4<>"Completed")," | One or more raise-by dates are in the past and not completed","")&IF(AND(ISNUMBER(K4),K4-TODAY()<SprintWarningDays,K4>=TODAY(),OR(D4="Yet to start",D4="Blocked"))," | Sprint starts in under 10 days - raise access requests now","")&IF(AND(ISNUMBER(BQ4),BR4<>"Completed",BQ4-TODAY()<CodeReviewInviteCalendarDays)," | Code Review invite should be sent at least 4 days before Code Review",""),4,500))) | BU4: =IF(AND(ISNUMBER(Q4),S4<>"Completed"),Q4,"") | BV4: =IF(AND(ISNUMBER(T4),V4<>"Completed"),T4,"") | BW4: =IF(AND(ISNUMBER(W4),Y4<>"Completed"),W4,"") | BX4: =IF(AND(ISNUMBER(AA4),AC4<>"Completed"),AA4,"") | BY4: =IF(AND(ISNUMBER(AG4),AI4<>"Completed"),AG4,"") | BZ4: =IF(AND(ISNUMBER(AJ4),AL4<>"Completed"),AJ4,"") | CA4: =IF(AND(ISNUMBER(AM4),AO4<>"Completed"),AM4,"") | CB4: =IF(AND(ISNUMBER(AQ4),AS4<>"Completed"),AQ4,"") | CC4: =IF(AND(ISNUMBER(AW4),AY4<>"Completed"),AW4,"") | CD4: =IF(AND(ISNUMBER(AZ4),BB4<>"Completed"),AZ4,"") | CE4: =IF(AND(ISNUMBER(BC4),BE4<>"Completed"),BC4,"") | CF4: =IF(AND(ISNUMBER(BG4),BI4<>"Completed"),BG4,"") | CG4: =IF(AND(ISNUMBER(O4),P4<>"Completed"),O4,"") | CH4: =IF(AND(ISNUMBER(BQ4),BR4<>"Completed"),BQ4,"") | CI4: =IF(AND(ISNUMBER(BO4),BP4<>"Completed"),BO4,"") | CJ4: =IF(AND(ISNUMBER(BM4),BN4<>"Completed"),BM4,"") | CK4: =IF(OR(A4="",D4="Completed"),"",IF(N(G4)>0,1/(N(G4)+ROW()/100000),IF(ISNUMBER(F4),1000+F4+ROW()/100000,TODAY()+400+ROW()/100000)))
A5: BI80 | B5: Sandeep <sgodi@randomtrees.com> | C5: Sprint 17 | D5: =IF(A6="","",IF(((S6="Blocked")+(V6="Blocked")+(Y6="Blocked")+(AC6="Blocked")+(AI6="Blocked")+(AL6="Blocked")+(AO6="Blocked")+(AS6="Blocked")+(AY6="Blocked")+(BB6="Blocked")+(BE6="Blocked")+(BI6="Blocked")+(P6="Blocked")+(BN6="Blocked")+(BP6="Blocked")+(BR6="Blocked")+(BS6="Blocked"))>0,"Blocked",IF((ISNUMBER(Q6)+ISNUMBER(T6)+ISNUMBER(W6)+ISNUMBER(AA6)+ISNUMBER(AG6)+ISNUMBER(AJ6)+ISNUMBER(AM6)+ISNUMBER(AQ6)+ISNUMBER(AW6)+ISNUMBER(AZ6)+ISNUMBER(BC6)+ISNUMBER(BG6)+ISNUMBER(O6)+ISNUMBER(BM6)+ISNUMBER(BO6)+ISNUMBER(BQ6))=0,"Yet to start",IF(AND(OR(NOT(ISNUMBER(Q6)),S6="Completed"),OR(NOT(ISNUMBER(T6)),V6="Completed"),OR(NOT(ISNUMBER(W6)),Y6="Completed"),OR(NOT(ISNUMBER(AA6)),AC6="Completed"),OR(NOT(ISNUMBER(AG6)),AI6="Completed"),OR(NOT(ISNUMBER(AJ6)),AL6="Completed"),OR(NOT(ISNUMBER(AM6)),AO6="Completed"),OR(NOT(ISNUMBER(AQ6)),AS6="Completed"),OR(NOT(ISNUMBER(AW6)),AY6="Completed"),OR(NOT(ISNUMBER(AZ6)),BB6="Completed"),OR(NOT(ISNUMBER(BC6)),BE6="Completed"),OR(NOT(ISNUMBER(BG6)),BI6="Completed"),OR(NOT(ISNUMBER(O6)),P6="Completed"),OR(NOT(ISNUMBER(BM6)),BN6="Completed"),OR(NOT(ISNUMBER(BO6)),BP6="Completed"),OR(NOT(ISNUMBER(BQ6)),BR6="Completed"),BS6="Completed"),"Completed",IF(((S6="In Progress")+(V6="In Progress")+(Y6="In Progress")+(AC6="In Progress")+(AI6="In Progress")+(AL6="In Progress")+(AO6="In Progress")+(AS6="In Progress")+(AY6="In Progress")+(BB6="In Progress")+(BE6="In Progress")+(BI6="In Progress")+(P6="In Progress")+(BN6="In Progress")+(BP6="In Progress")+(BR6="In Progress")+(BS6="In Progress"))>0,"In Progress","Yet to start"))))) | E5: =IF(A5="","",IF(F5="","All complete",INDEX({"Dev R-Task","Dev OUR","Dev Service Request","Dev File R-Task","QA R-Task","QA OUR","QA Service Request","QA File R-Task","Prod R-Task","Prod OUR","Prod Service Request","Prod File R-Task","Sprint Readiness","Code Review Invite","Code Review","CAB"},MATCH(F5,BU5:CJ5,0)))) | F5: =IF(A5="","",IF(COUNT(BU5:CJ5)=0,"",MIN(BU5:CJ5))) | G5: =IF(A5="","",MAX(0,IF(AND(ISNUMBER(Q5),S5<>"Completed",Q5<TODAY()),TODAY()-Q5,0),IF(AND(ISNUMBER(T5),V5<>"Completed",T5<TODAY()),TODAY()-T5,0),IF(AND(ISNUMBER(W5),Y5<>"Completed",W5<TODAY()),TODAY()-W5,0),IF(AND(ISNUMBER(AA5),AC5<>"Completed",AA5<TODAY()),TODAY()-AA5,0),IF(AND(ISNUMBER(AG5),AI5<>"Completed",AG5<TODAY()),TODAY()-AG5,0),IF(AND(ISNUMBER(AJ5),AL5<>"Completed",AJ5<TODAY()),TODAY()-AJ5,0),IF(AND(ISNUMBER(AM5),AO5<>"Completed",AM5<TODAY()),TODAY()-AM5,0),IF(AND(ISNUMBER(AQ5),AS5<>"Completed",AQ5<TODAY()),TODAY()-AQ5,0),IF(AND(ISNUMBER(AW5),AY5<>"Completed",AW5<TODAY()),TODAY()-AW5,0),IF(AND(ISNUMBER(AZ5),BB5<>"Completed",AZ5<TODAY()),TODAY()-AZ5,0),IF(AND(ISNUMBER(BC5),BE5<>"Completed",BC5<TODAY()),TODAY()-BC5,0),IF(AND(ISNUMBER(BG5),BI5<>"Completed",BG5<TODAY()),TODAY()-BG5,0),IF(AND(ISNUMBER(O5),P5<>"Completed",O5<TODAY()),TODAY()-O5,0),IF(AND(ISNUMBER(BQ5),BR5<>"Completed",BQ5<TODAY()),TODAY()-BQ5,0),IF(AND(ISNUMBER(BO5),BP5<>"Completed",BO5<TODAY()),TODAY()-BO5,0),IF(AND(ISNUMBER(BM5),BN5<>"Completed",BM5<TODAY()),TODAY()-BM5,0))) | H5: 46232 | I5: 46245 | J5: 46276 | K5: =IF(ISNUMBER(H5),H5,IF(ISNUMBER(M5),M5-WEEKDAY(M5,2)+1-7,"")) | L5: =IF(ISNUMBER(I5),I5,IF(ISNUMBER(H5),WORKDAY(H5,SprintWorkingDays-1),IF(ISNUMBER(K5),WORKDAY(K5,SprintWorkingDays-1),""))) | M5: =IF(ISNUMBER(J5),J5,IF(ISNUMBER(I5),I5-IF(OR(WEEKDAY(I5,2)=2,WEEKDAY(I5,2)=4),0,IF(WEEKDAY(I5,2)=3,1,IF(WEEKDAY(I5,2)=1,4,WEEKDAY(I5,2)-4))),IF(ISNUMBER(H5),WORKDAY(H5,SprintWorkingDays-1)-IF(OR(WEEKDAY(WORKDAY(H5,SprintWorkingDays-1),2)=2,WEEKDAY(WORKDAY(H5,SprintWorkingDays-1),2)=4),0,IF(WEEKDAY(WORKDAY(H5,SprintWorkingDays-1),2)=3,1,IF(WEEKDAY(WORKDAY(H5,SprintWorkingDays-1),2)=1,4,WEEKDAY(WORKDAY(H5,SprintWorkingDays-1),2)-4))),""))) | N5: =IF(NOT(ISNUMBER(K5)),"",WORKDAY(K5,ReadyOffsetWD)) | O5: =IF(NOT(ISNUMBER(K5)),"",WORKDAY(K5,SprintReadinessOffsetWD)) | Q5: =IF(NOT(ISNUMBER(T5)),"",WORKDAY(T5,RTSKOffsetFromOUR_WD)) | T5: =IF(NOT(ISNUMBER(W5)),"",WORKDAY(W5,OUROffsetFromSR_WD)) | W5: =IF(NOT(ISNUMBER(K5)),"",WORKDAY(K5,SROffsetFromStartWD)) | AA5: =IF(ISNUMBER(Q5),Q5,"") | AG5: =IF(NOT(ISNUMBER(Q5)),"",Q5) | AJ5: =IF(NOT(ISNUMBER(T5)),"",T5) | AM5: =IF(NOT(ISNUMBER(W5)),"",W5) | AQ5: =IF(ISNUMBER(AG5),AG5,"") | AW5: =IF(NOT(ISNUMBER(Q5)),"",Q5) | AZ5: =IF(NOT(ISNUMBER(T5)),"",T5) | BC5: =IF(NOT(ISNUMBER(W5)),"",W5) | BG5: =IF(ISNUMBER(AW5),AW5,"") | BM5: 46213 | BO5: =IF(NOT(ISNUMBER(BM5)),"",IF(WEEKDAY(BM5-CodeReviewCalendarDays,2)>5,BM5-CodeReviewCalendarDays-(WEEKDAY(BM5-CodeReviewCalendarDays,2)-5),BM5-CodeReviewCalendarDays)) | BQ5: =IF(NOT(ISNUMBER(BO5)),"",IF(WEEKDAY(BO5-CodeReviewInviteCalendarDays,2)>5,BO5-CodeReviewInviteCalendarDays-(WEEKDAY(BO5-CodeReviewInviteCalendarDays,2)-5),BO5-CodeReviewInviteCalendarDays)) | BT5: =IF(A5="","",IF(IF(AND(ISNUMBER(J5),WEEKDAY(J5,2)<>2,WEEKDAY(J5,2)<>4)," | Release must be Tuesday or Thursday","")&IF(AND(ISNUMBER(H5),WEEKDAY(H5,2)<>1)," | Sprint Start is not a Monday - dates still calculated from the date entered","")&IF(AND(A5<>"",NOT(ISNUMBER(H5)),NOT(ISNUMBER(J5)))," | Enter Sprint Start or Release Date","")&IF(AND(ISNUMBER(F5),F5<TODAY(),D5<>"Completed")," | One or more raise-by dates are in the past and not completed","")&IF(AND(ISNUMBER(K5),K5-TODAY()<SprintWarningDays,K5>=TODAY(),OR(D5="Yet to start",D5="Blocked"))," | Sprint starts in under 10 days - raise access requests now","")&IF(AND(ISNUMBER(BQ5),BR5<>"Completed",BQ5-TODAY()<CodeReviewInviteCalendarDays)," | Code Review invite should be sent at least 4 days before Code Review","")="","",MID(IF(AND(ISNUMBER(J5),WEEKDAY(J5,2)<>2,WEEKDAY(J5,2)<>4)," | Release must be Tuesday or Thursday","")&IF(AND(ISNUMBER(H5),WEEKDAY(H5,2)<>1)," | Sprint Start is not a Monday - dates still calculated from the date entered","")&IF(AND(A5<>"",NOT(ISNUMBER(H5)),NOT(ISNUMBER(J5)))," | Enter Sprint Start or Release Date","")&IF(AND(ISNUMBER(F5),F5<TODAY(),D5<>"Completed")," | One or more raise-by dates are in the past and not completed","")&IF(AND(ISNUMBER(K5),K5-TODAY()<SprintWarningDays,K5>=TODAY(),OR(D5="Yet to start",D5="Blocked"))," | Sprint starts in under 10 days - raise access requests now","")&IF(AND(ISNUMBER(BQ5),BR5<>"Completed",BQ5-TODAY()<CodeReviewInviteCalendarDays)," | Code Review invite should be sent at least 4 days before Code Review",""),4,500))) | BU5: =IF(AND(ISNUMBER(Q5),S5<>"Completed"),Q5,"") | BV5: =IF(AND(ISNUMBER(T5),V5<>"Completed"),T5,"") | BW5: =IF(AND(ISNUMBER(W5),Y5<>"Completed"),W5,"") | BX5: =IF(AND(ISNUMBER(AA5),AC5<>"Completed"),AA5,"") | BY5: =IF(AND(ISNUMBER(AG5),AI5<>"Completed"),AG5,"") | BZ5: =IF(AND(ISNUMBER(AJ5),AL5<>"Completed"),AJ5,"") | CA5: =IF(AND(ISNUMBER(AM5),AO5<>"Completed"),AM5,"") | CB5: =IF(AND(ISNUMBER(AQ5),AS5<>"Completed"),AQ5,"") | CC5: =IF(AND(ISNUMBER(AW5),AY5<>"Completed"),AW5,"") | CD5: =IF(AND(ISNUMBER(AZ5),BB5<>"Completed"),AZ5,"") | CE5: =IF(AND(ISNUMBER(BC5),BE5<>"Completed"),BC5,"") | CF5: =IF(AND(ISNUMBER(BG5),BI5<>"Completed"),BG5,"") | CG5: =IF(AND(ISNUMBER(O5),P5<>"Completed"),O5,"") | CH5: =IF(AND(ISNUMBER(BQ5),BR5<>"Completed"),BQ5,"") | CI5: =IF(AND(ISNUMBER(BO5),BP5<>"Completed"),BO5,"") | CJ5: =IF(AND(ISNUMBER(BM5),BN5<>"Completed"),BM5,"") | CK5: =IF(OR(A5="",D5="Completed"),"",IF(N(G5)>0,1/(N(G5)+ROW()/100000),IF(ISNUMBER(F5),1000+F5+ROW()/100000,TODAY()+400+ROW()/100000)))
A6: CBP | B6: Ragavendhar <aragavendhar@randomtrees.com> | C6: Sprint 17 | D6: =IF(A5="","",IF(((S5="Blocked")+(V5="Blocked")+(Y5="Blocked")+(AC5="Blocked")+(AI5="Blocked")+(AL5="Blocked")+(AO5="Blocked")+(AS5="Blocked")+(AY5="Blocked")+(BB5="Blocked")+(BE5="Blocked")+(BI5="Blocked")+(P5="Blocked")+(BN5="Blocked")+(BP5="Blocked")+(BR5="Blocked")+(BS5="Blocked"))>0,"Blocked",IF((ISNUMBER(Q5)+ISNUMBER(T5)+ISNUMBER(W5)+ISNUMBER(AA5)+ISNUMBER(AG5)+ISNUMBER(AJ5)+ISNUMBER(AM5)+ISNUMBER(AQ5)+ISNUMBER(AW5)+ISNUMBER(AZ5)+ISNUMBER(BC5)+ISNUMBER(BG5)+ISNUMBER(O5)+ISNUMBER(BM5)+ISNUMBER(BO5)+ISNUMBER(BQ5))=0,"Yet to start",IF(AND(OR(NOT(ISNUMBER(Q5)),S5="Completed"),OR(NOT(ISNUMBER(T5)),V5="Completed"),OR(NOT(ISNUMBER(W5)),Y5="Completed"),OR(NOT(ISNUMBER(AA5)),AC5="Completed"),OR(NOT(ISNUMBER(AG5)),AI5="Completed"),OR(NOT(ISNUMBER(AJ5)),AL5="Completed"),OR(NOT(ISNUMBER(AM5)),AO5="Completed"),OR(NOT(ISNUMBER(AQ5)),AS5="Completed"),OR(NOT(ISNUMBER(AW5)),AY5="Completed"),OR(NOT(ISNUMBER(AZ5)),BB5="Completed"),OR(NOT(ISNUMBER(BC5)),BE5="Completed"),OR(NOT(ISNUMBER(BG5)),BI5="Completed"),OR(NOT(ISNUMBER(O5)),P5="Completed"),OR(NOT(ISNUMBER(BM5)),BN5="Completed"),OR(NOT(ISNUMBER(BO5)),BP5="Completed"),OR(NOT(ISNUMBER(BQ5)),BR5="Completed"),BS5="Completed"),"Completed",IF(((S5="In Progress")+(V5="In Progress")+(Y5="In Progress")+(AC5="In Progress")+(AI5="In Progress")+(AL5="In Progress")+(AO5="In Progress")+(AS5="In Progress")+(AY5="In Progress")+(BB5="In Progress")+(BE5="In Progress")+(BI5="In Progress")+(P5="In Progress")+(BN5="In Progress")+(BP5="In Progress")+(BR5="In Progress")+(BS5="In Progress"))>0,"In Progress","Yet to start"))))) | E6: =IF(A6="","",IF(F6="","All complete",INDEX({"Dev R-Task","Dev OUR","Dev Service Request","Dev File R-Task","QA R-Task","QA OUR","QA Service Request","QA File R-Task","Prod R-Task","Prod OUR","Prod Service Request","Prod File R-Task","Sprint Readiness","Code Review Invite","Code Review","CAB"},MATCH(F6,BU6:CJ6,0)))) | F6: =IF(A6="","",IF(COUNT(BU6:CJ6)=0,"",MIN(BU6:CJ6))) | G6: =IF(A6="","",MAX(0,IF(AND(ISNUMBER(Q6),S6<>"Completed",Q6<TODAY()),TODAY()-Q6,0),IF(AND(ISNUMBER(T6),V6<>"Completed",T6<TODAY()),TODAY()-T6,0),IF(AND(ISNUMBER(W6),Y6<>"Completed",W6<TODAY()),TODAY()-W6,0),IF(AND(ISNUMBER(AA6),AC6<>"Completed",AA6<TODAY()),TODAY()-AA6,0),IF(AND(ISNUMBER(AG6),AI6<>"Completed",AG6<TODAY()),TODAY()-AG6,0),IF(AND(ISNUMBER(AJ6),AL6<>"Completed",AJ6<TODAY()),TODAY()-AJ6,0),IF(AND(ISNUMBER(AM6),AO6<>"Completed",AM6<TODAY()),TODAY()-AM6,0),IF(AND(ISNUMBER(AQ6),AS6<>"Completed",AQ6<TODAY()),TODAY()-AQ6,0),IF(AND(ISNUMBER(AW6),AY6<>"Completed",AW6<TODAY()),TODAY()-AW6,0),IF(AND(ISNUMBER(AZ6),BB6<>"Completed",AZ6<TODAY()),TODAY()-AZ6,0),IF(AND(ISNUMBER(BC6),BE6<>"Completed",BC6<TODAY()),TODAY()-BC6,0),IF(AND(ISNUMBER(BG6),BI6<>"Completed",BG6<TODAY()),TODAY()-BG6,0),IF(AND(ISNUMBER(O6),P6<>"Completed",O6<TODAY()),TODAY()-O6,0),IF(AND(ISNUMBER(BQ6),BR6<>"Completed",BQ6<TODAY()),TODAY()-BQ6,0),IF(AND(ISNUMBER(BO6),BP6<>"Completed",BO6<TODAY()),TODAY()-BO6,0),IF(AND(ISNUMBER(BM6),BN6<>"Completed",BM6<TODAY()),TODAY()-BM6,0))) | H6: 46232 | I6: 46245 | J6: 46276 | K6: =IF(ISNUMBER(H6),H6,IF(ISNUMBER(M6),M6-WEEKDAY(M6,2)+1-7,"")) | L6: =IF(ISNUMBER(I6),I6,IF(ISNUMBER(H6),WORKDAY(H6,SprintWorkingDays-1),IF(ISNUMBER(K6),WORKDAY(K6,SprintWorkingDays-1),""))) | M6: =IF(ISNUMBER(J6),J6,IF(ISNUMBER(I6),I6-IF(OR(WEEKDAY(I6,2)=2,WEEKDAY(I6,2)=4),0,IF(WEEKDAY(I6,2)=3,1,IF(WEEKDAY(I6,2)=1,4,WEEKDAY(I6,2)-4))),IF(ISNUMBER(H6),WORKDAY(H6,SprintWorkingDays-1)-IF(OR(WEEKDAY(WORKDAY(H6,SprintWorkingDays-1),2)=2,WEEKDAY(WORKDAY(H6,SprintWorkingDays-1),2)=4),0,IF(WEEKDAY(WORKDAY(H6,SprintWorkingDays-1),2)=3,1,IF(WEEKDAY(WORKDAY(H6,SprintWorkingDays-1),2)=1,4,WEEKDAY(WORKDAY(H6,SprintWorkingDays-1),2)-4))),""))) | N6: =IF(NOT(ISNUMBER(K6)),"",WORKDAY(K6,ReadyOffsetWD)) | O6: =IF(NOT(ISNUMBER(K6)),"",WORKDAY(K6,SprintReadinessOffsetWD)) | Q6: =IF(NOT(ISNUMBER(T6)),"",WORKDAY(T6,RTSKOffsetFromOUR_WD)) | T6: =IF(NOT(ISNUMBER(W6)),"",WORKDAY(W6,OUROffsetFromSR_WD)) | W6: =IF(NOT(ISNUMBER(K6)),"",WORKDAY(K6,SROffsetFromStartWD)) | AA6: =IF(ISNUMBER(Q6),Q6,"") | AG6: =IF(NOT(ISNUMBER(Q6)),"",Q6) | AJ6: =IF(NOT(ISNUMBER(T6)),"",T6) | AM6: =IF(NOT(ISNUMBER(W6)),"",W6) | AQ6: =IF(ISNUMBER(AG6),AG6,"") | AW6: =IF(NOT(ISNUMBER(Q6)),"",Q6) | AZ6: =IF(NOT(ISNUMBER(T6)),"",T6) | BC6: =IF(NOT(ISNUMBER(W6)),"",W6) | BG6: =IF(ISNUMBER(AW6),AW6,"") | BM6: 46213 | BO6: =IF(NOT(ISNUMBER(BM6)),"",IF(WEEKDAY(BM6-CodeReviewCalendarDays,2)>5,BM6-CodeReviewCalendarDays-(WEEKDAY(BM6-CodeReviewCalendarDays,2)-5),BM6-CodeReviewCalendarDays)) | BQ6: =IF(NOT(ISNUMBER(BO6)),"",IF(WEEKDAY(BO6-CodeReviewInviteCalendarDays,2)>5,BO6-CodeReviewInviteCalendarDays-(WEEKDAY(BO6-CodeReviewInviteCalendarDays,2)-5),BO6-CodeReviewInviteCalendarDays)) | BT6: =IF(A6="","",IF(IF(AND(ISNUMBER(J6),WEEKDAY(J6,2)<>2,WEEKDAY(J6,2)<>4)," | Release must be Tuesday or Thursday","")&IF(AND(ISNUMBER(H6),WEEKDAY(H6,2)<>1)," | Sprint Start is not a Monday - dates still calculated from the date entered","")&IF(AND(A6<>"",NOT(ISNUMBER(H6)),NOT(ISNUMBER(J6)))," | Enter Sprint Start or Release Date","")&IF(AND(ISNUMBER(F6),F6<TODAY(),D6<>"Completed")," | One or more raise-by dates are in the past and not completed","")&IF(AND(ISNUMBER(K6),K6-TODAY()<SprintWarningDays,K6>=TODAY(),OR(D6="Yet to start",D6="Blocked"))," | Sprint starts in under 10 days - raise access requests now","")&IF(AND(ISNUMBER(BQ6),BR6<>"Completed",BQ6-TODAY()<CodeReviewInviteCalendarDays)," | Code Review invite should be sent at least 4 days before Code Review","")="","",MID(IF(AND(ISNUMBER(J6),WEEKDAY(J6,2)<>2,WEEKDAY(J6,2)<>4)," | Release must be Tuesday or Thursday","")&IF(AND(ISNUMBER(H6),WEEKDAY(H6,2)<>1)," | Sprint Start is not a Monday - dates still calculated from the date entered","")&IF(AND(A6<>"",NOT(ISNUMBER(H6)),NOT(ISNUMBER(J6)))," | Enter Sprint Start or Release Date","")&IF(AND(ISNUMBER(F6),F6<TODAY(),D6<>"Completed")," | One or more raise-by dates are in the past and not completed","")&IF(AND(ISNUMBER(K6),K6-TODAY()<SprintWarningDays,K6>=TODAY(),OR(D6="Yet to start",D6="Blocked"))," | Sprint starts in under 10 days - raise access requests now","")&IF(AND(ISNUMBER(BQ6),BR6<>"Completed",BQ6-TODAY()<CodeReviewInviteCalendarDays)," | Code Review invite should be sent at least 4 days before Code Review",""),4,500))) | BU6: =IF(AND(ISNUMBER(Q6),S6<>"Completed"),Q6,"") | BV6: =IF(AND(ISNUMBER(T6),V6<>"Completed"),T6,"") | BW6: =IF(AND(ISNUMBER(W6),Y6<>"Completed"),W6,"") | BX6: =IF(AND(ISNUMBER(AA6),AC6<>"Completed"),AA6,"") | BY6: =IF(AND(ISNUMBER(AG6),AI6<>"Completed"),AG6,"") | BZ6: =IF(AND(ISNUMBER(AJ6),AL6<>"Completed"),AJ6,"") | CA6: =IF(AND(ISNUMBER(AM6),AO6<>"Completed"),AM6,"") | CB6: =IF(AND(ISNUMBER(AQ6),AS6<>"Completed"),AQ6,"") | CC6: =IF(AND(ISNUMBER(AW6),AY6<>"Completed"),AW6,"") | CD6: =IF(AND(ISNUMBER(AZ6),BB6<>"Completed"),AZ6,"") | CE6: =IF(AND(ISNUMBER(BC6),BE6<>"Completed"),BC6,"") | CF6: =IF(AND(ISNUMBER(BG6),BI6<>"Completed"),BG6,"") | CG6: =IF(AND(ISNUMBER(O6),P6<>"Completed"),O6,"") | CH6: =IF(AND(ISNUMBER(BQ6),BR6<>"Completed"),BQ6,"") | CI6: =IF(AND(ISNUMBER(BO6),BP6<>"Completed"),BO6,"") | CJ6: =IF(AND(ISNUMBER(BM6),BN6<>"Completed"),BM6,"") | CK6: =IF(OR(A6="",D6="Completed"),"",IF(N(G6)>0,1/(N(G6)+ROW()/100000),IF(ISNUMBER(F6),1000+F6+ROW()/100000,TODAY()+400+ROW()/100000)))
A7: CI | B7: Vidhesha <vkumaran@randomtrees.com> | C7: Sprint 17 | D7: =IF(A4="","",IF(((S4="Blocked")+(V4="Blocked")+(Y4="Blocked")+(AC4="Blocked")+(AI4="Blocked")+(AL4="Blocked")+(AO4="Blocked")+(AS4="Blocked")+(AY4="Blocked")+(BB4="Blocked")+(BE4="Blocked")+(BI4="Blocked")+(P4="Blocked")+(BN4="Blocked")+(BP4="Blocked")+(BR4="Blocked")+(BS4="Blocked"))>0,"Blocked",IF((ISNUMBER(Q4)+ISNUMBER(T4)+ISNUMBER(W4)+ISNUMBER(AA4)+ISNUMBER(AG4)+ISNUMBER(AJ4)+ISNUMBER(AM4)+ISNUMBER(AQ4)+ISNUMBER(AW4)+ISNUMBER(AZ4)+ISNUMBER(BC4)+ISNUMBER(BG4)+ISNUMBER(O4)+ISNUMBER(BM4)+ISNUMBER(BO4)+ISNUMBER(BQ4))=0,"Yet to start",IF(AND(OR(NOT(ISNUMBER(Q4)),S4="Completed"),OR(NOT(ISNUMBER(T4)),V4="Completed"),OR(NOT(ISNUMBER(W4)),Y4="Completed"),OR(NOT(ISNUMBER(AA4)),AC4="Completed"),OR(NOT(ISNUMBER(AG4)),AI4="Completed"),OR(NOT(ISNUMBER(AJ4)),AL4="Completed"),OR(NOT(ISNUMBER(AM4)),AO4="Completed"),OR(NOT(ISNUMBER(AQ4)),AS4="Completed"),OR(NOT(ISNUMBER(AW4)),AY4="Completed"),OR(NOT(ISNUMBER(AZ4)),BB4="Completed"),OR(NOT(ISNUMBER(BC4)),BE4="Completed"),OR(NOT(ISNUMBER(BG4)),BI4="Completed"),OR(NOT(ISNUMBER(O4)),P4="Completed"),OR(NOT(ISNUMBER(BM4)),BN4="Completed"),OR(NOT(ISNUMBER(BO4)),BP4="Completed"),OR(NOT(ISNUMBER(BQ4)),BR4="Completed"),BS4="Completed"),"Completed",IF(((S4="In Progress")+(V4="In Progress")+(Y4="In Progress")+(AC4="In Progress")+(AI4="In Progress")+(AL4="In Progress")+(AO4="In Progress")+(AS4="In Progress")+(AY4="In Progress")+(BB4="In Progress")+(BE4="In Progress")+(BI4="In Progress")+(P4="In Progress")+(BN4="In Progress")+(BP4="In Progress")+(BR4="In Progress")+(BS4="In Progress"))>0,"In Progress","Yet to start"))))) | E7: =IF(A7="","",IF(F7="","All complete",INDEX({"Dev R-Task","Dev OUR","Dev Service Request","Dev File R-Task","QA R-Task","QA OUR","QA Service Request","QA File R-Task","Prod R-Task","Prod OUR","Prod Service Request","Prod File R-Task","Sprint Readiness","Code Review Invite","Code Review","CAB"},MATCH(F7,BU7:CJ7,0)))) | F7: =IF(A7="","",IF(COUNT(BU7:CJ7)=0,"",MIN(BU7:CJ7))) | G7: =IF(A7="","",MAX(0,IF(AND(ISNUMBER(Q7),S7<>"Completed",Q7<TODAY()),TODAY()-Q7,0),IF(AND(ISNUMBER(T7),V7<>"Completed",T7<TODAY()),TODAY()-T7,0),IF(AND(ISNUMBER(W7),Y7<>"Completed",W7<TODAY()),TODAY()-W7,0),IF(AND(ISNUMBER(AA7),AC7<>"Completed",AA7<TODAY()),TODAY()-AA7,0),IF(AND(ISNUMBER(AG7),AI7<>"Completed",AG7<TODAY()),TODAY()-AG7,0),IF(AND(ISNUMBER(AJ7),AL7<>"Completed",AJ7<TODAY()),TODAY()-AJ7,0),IF(AND(ISNUMBER(AM7),AO7<>"Completed",AM7<TODAY()),TODAY()-AM7,0),IF(AND(ISNUMBER(AQ7),AS7<>"Completed",AQ7<TODAY()),TODAY()-AQ7,0),IF(AND(ISNUMBER(AW7),AY7<>"Completed",AW7<TODAY()),TODAY()-AW7,0),IF(AND(ISNUMBER(AZ7),BB7<>"Completed",AZ7<TODAY()),TODAY()-AZ7,0),IF(AND(ISNUMBER(BC7),BE7<>"Completed",BC7<TODAY()),TODAY()-BC7,0),IF(AND(ISNUMBER(BG7),BI7<>"Completed",BG7<TODAY()),TODAY()-BG7,0),IF(AND(ISNUMBER(O7),P7<>"Completed",O7<TODAY()),TODAY()-O7,0),IF(AND(ISNUMBER(BQ7),BR7<>"Completed",BQ7<TODAY()),TODAY()-BQ7,0),IF(AND(ISNUMBER(BO7),BP7<>"Completed",BO7<TODAY()),TODAY()-BO7,0),IF(AND(ISNUMBER(BM7),BN7<>"Completed",BM7<TODAY()),TODAY()-BM7,0))) | H7: 46232 | I7: 46245 | J7: 46276 | K7: =IF(ISNUMBER(H7),H7,IF(ISNUMBER(M7),M7-WEEKDAY(M7,2)+1-7,"")) | L7: =IF(ISNUMBER(I7),I7,IF(ISNUMBER(H7),WORKDAY(H7,SprintWorkingDays-1),IF(ISNUMBER(K7),WORKDAY(K7,SprintWorkingDays-1),""))) | M7: =IF(ISNUMBER(J7),J7,IF(ISNUMBER(I7),I7-IF(OR(WEEKDAY(I7,2)=2,WEEKDAY(I7,2)=4),0,IF(WEEKDAY(I7,2)=3,1,IF(WEEKDAY(I7,2)=1,4,WEEKDAY(I7,2)-4))),IF(ISNUMBER(H7),WORKDAY(H7,SprintWorkingDays-1)-IF(OR(WEEKDAY(WORKDAY(H7,SprintWorkingDays-1),2)=2,WEEKDAY(WORKDAY(H7,SprintWorkingDays-1),2)=4),0,IF(WEEKDAY(WORKDAY(H7,SprintWorkingDays-1),2)=3,1,IF(WEEKDAY(WORKDAY(H7,SprintWorkingDays-1),2)=1,4,WEEKDAY(WORKDAY(H7,SprintWorkingDays-1),2)-4))),""))) | N7: =IF(NOT(ISNUMBER(K7)),"",WORKDAY(K7,ReadyOffsetWD)) | O7: =IF(NOT(ISNUMBER(K7)),"",WORKDAY(K7,SprintReadinessOffsetWD)) | Q7: =IF(NOT(ISNUMBER(T7)),"",WORKDAY(T7,RTSKOffsetFromOUR_WD)) | S7: Yet to start | T7: =IF(NOT(ISNUMBER(W7)),"",WORKDAY(W7,OUROffsetFromSR_WD)) | W7: =IF(NOT(ISNUMBER(K7)),"",WORKDAY(K7,SROffsetFromStartWD)) | AA7: =IF(ISNUMBER(Q7),Q7,"") | AG7: =IF(NOT(ISNUMBER(Q7)),"",Q7) | AJ7: =IF(NOT(ISNUMBER(T7)),"",T7) | AM7: =IF(NOT(ISNUMBER(W7)),"",W7) | AQ7: =IF(ISNUMBER(AG7),AG7,"") | AW7: =IF(NOT(ISNUMBER(Q7)),"",Q7) | AZ7: =IF(NOT(ISNUMBER(T7)),"",T7) | BC7: =IF(NOT(ISNUMBER(W7)),"",W7) | BG7: =IF(ISNUMBER(AW7),AW7,"") | BM7: 46213 | BO7: =IF(NOT(ISNUMBER(BM7)),"",IF(WEEKDAY(BM7-CodeReviewCalendarDays,2)>5,BM7-CodeReviewCalendarDays-(WEEKDAY(BM7-CodeReviewCalendarDays,2)-5),BM7-CodeReviewCalendarDays)) | BQ7: =IF(NOT(ISNUMBER(BO7)),"",IF(WEEKDAY(BO7-CodeReviewInviteCalendarDays,2)>5,BO7-CodeReviewInviteCalendarDays-(WEEKDAY(BO7-CodeReviewInviteCalendarDays,2)-5),BO7-CodeReviewInviteCalendarDays)) | BT7: =IF(A7="","",IF(IF(AND(ISNUMBER(J7),WEEKDAY(J7,2)<>2,WEEKDAY(J7,2)<>4)," | Release must be Tuesday or Thursday","")&IF(AND(ISNUMBER(H7),WEEKDAY(H7,2)<>1)," | Sprint Start is not a Monday - dates still calculated from the date entered","")&IF(AND(A7<>"",NOT(ISNUMBER(H7)),NOT(ISNUMBER(J7)))," | Enter Sprint Start or Release Date","")&IF(AND(ISNUMBER(F7),F7<TODAY(),D7<>"Completed")," | One or more raise-by dates are in the past and not completed","")&IF(AND(ISNUMBER(K7),K7-TODAY()<SprintWarningDays,K7>=TODAY(),OR(D7="Yet to start",D7="Blocked"))," | Sprint starts in under 10 days - raise access requests now","")&IF(AND(ISNUMBER(BQ7),BR7<>"Completed",BQ7-TODAY()<CodeReviewInviteCalendarDays)," | Code Review invite should be sent at least 4 days before Code Review","")="","",MID(IF(AND(ISNUMBER(J7),WEEKDAY(J7,2)<>2,WEEKDAY(J7,2)<>4)," | Release must be Tuesday or Thursday","")&IF(AND(ISNUMBER(H7),WEEKDAY(H7,2)<>1)," | Sprint Start is not a Monday - dates still calculated from the date entered","")&IF(AND(A7<>"",NOT(ISNUMBER(H7)),NOT(ISNUMBER(J7)))," | Enter Sprint Start or Release Date","")&IF(AND(ISNUMBER(F7),F7<TODAY(),D7<>"Completed")," | One or more raise-by dates are in the past and not completed","")&IF(AND(ISNUMBER(K7),K7-TODAY()<SprintWarningDays,K7>=TODAY(),OR(D7="Yet to start",D7="Blocked"))," | Sprint starts in under 10 days - raise access requests now","")&IF(AND(ISNUMBER(BQ7),BR7<>"Completed",BQ7-TODAY()<CodeReviewInviteCalendarDays)," | Code Review invite should be sent at least 4 days before Code Review",""),4,500))) | BU7: =IF(AND(ISNUMBER(Q7),S7<>"Completed"),Q7,"") | BV7: =IF(AND(ISNUMBER(T7),V7<>"Completed"),T7,"") | BW7: =IF(AND(ISNUMBER(W7),Y7<>"Completed"),W7,"") | BX7: =IF(AND(ISNUMBER(AA7),AC7<>"Completed"),AA7,"") | BY7: =IF(AND(ISNUMBER(AG7),AI7<>"Completed"),AG7,"") | BZ7: =IF(AND(ISNUMBER(AJ7),AL7<>"Completed"),AJ7,"") | CA7: =IF(AND(ISNUMBER(AM7),AO7<>"Completed"),AM7,"") | CB7: =IF(AND(ISNUMBER(AQ7),AS7<>"Completed"),AQ7,"") | CC7: =IF(AND(ISNUMBER(AW7),AY7<>"Completed"),AW7,"") | CD7: =IF(AND(ISNUMBER(AZ7),BB7<>"Completed"),AZ7,"") | CE7: =IF(AND(ISNUMBER(BC7),BE7<>"Completed"),BC7,"") | CF7: =IF(AND(ISNUMBER(BG7),BI7<>"Completed"),BG7,"") | CG7: =IF(AND(ISNUMBER(O7),P7<>"Completed"),O7,"") | CH7: =IF(AND(ISNUMBER(BQ7),BR7<>"Completed"),BQ7,"") | CI7: =IF(AND(ISNUMBER(BO7),BP7<>"Completed"),BO7,"") | CJ7: =IF(AND(ISNUMBER(BM7),BN7<>"Completed"),BM7,"") | CK7: =IF(OR(A7="",D7="Completed"),"",IF(N(G7)>0,1/(N(G7)+ROW()/100000),IF(ISNUMBER(F7),1000+F7+ROW()/100000,TODAY()+400+ROW()/100000)))
A8: CI_MART | B8: Sharath <Skotha1@randomtrees.com> | C8: Sprint 17 | D8: =IF(A3="","",IF(((S3="Blocked")+(V3="Blocked")+(Y3="Blocked")+(AC3="Blocked")+(AI3="Blocked")+(AL3="Blocked")+(AO3="Blocked")+(AS3="Blocked")+(AY3="Blocked")+(BB3="Blocked")+(BE3="Blocked")+(BI3="Blocked")+(P3="Blocked")+(BN3="Blocked")+(BP3="Blocked")+(BR3="Blocked")+(BS3="Blocked"))>0,"Blocked",IF((ISNUMBER(Q3)+ISNUMBER(T3)+ISNUMBER(W3)+ISNUMBER(AA3)+ISNUMBER(AG3)+ISNUMBER(AJ3)+ISNUMBER(AM3)+ISNUMBER(AQ3)+ISNUMBER(AW3)+ISNUMBER(AZ3)+ISNUMBER(BC3)+ISNUMBER(BG3)+ISNUMBER(O3)+ISNUMBER(BM3)+ISNUMBER(BO3)+ISNUMBER(BQ3))=0,"Yet to start",IF(AND(OR(NOT(ISNUMBER(Q3)),S3="Completed"),OR(NOT(ISNUMBER(T3)),V3="Completed"),OR(NOT(ISNUMBER(W3)),Y3="Completed"),OR(NOT(ISNUMBER(AA3)),AC3="Completed"),OR(NOT(ISNUMBER(AG3)),AI3="Completed"),OR(NOT(ISNUMBER(AJ3)),AL3="Completed"),OR(NOT(ISNUMBER(AM3)),AO3="Completed"),OR(NOT(ISNUMBER(AQ3)),AS3="Completed"),OR(NOT(ISNUMBER(AW3)),AY3="Completed"),OR(NOT(ISNUMBER(AZ3)),BB3="Completed"),OR(NOT(ISNUMBER(BC3)),BE3="Completed"),OR(NOT(ISNUMBER(BG3)),BI3="Completed"),OR(NOT(ISNUMBER(O3)),P3="Completed"),OR(NOT(ISNUMBER(BM3)),BN3="Completed"),OR(NOT(ISNUMBER(BO3)),BP3="Completed"),OR(NOT(ISNUMBER(BQ3)),BR3="Completed"),BS3="Completed"),"Completed",IF(((S3="In Progress")+(V3="In Progress")+(Y3="In Progress")+(AC3="In Progress")+(AI3="In Progress")+(AL3="In Progress")+(AO3="In Progress")+(AS3="In Progress")+(AY3="In Progress")+(BB3="In Progress")+(BE3="In Progress")+(BI3="In Progress")+(P3="In Progress")+(BN3="In Progress")+(BP3="In Progress")+(BR3="In Progress")+(BS3="In Progress"))>0,"In Progress","Yet to start"))))) | E8: =IF(A8="","",IF(F8="","All complete",INDEX({"Dev R-Task","Dev OUR","Dev Service Request","Dev File R-Task","QA R-Task","QA OUR","QA Service Request","QA File R-Task","Prod R-Task","Prod OUR","Prod Service Request","Prod File R-Task","Sprint Readiness","Code Review Invite","Code Review","CAB"},MATCH(F8,BU8:CJ8,0)))) | F8: =IF(A8="","",IF(COUNT(BU8:CJ8)=0,"",MIN(BU8:CJ8))) | G8: =IF(A8="","",MAX(0,IF(AND(ISNUMBER(Q8),S8<>"Completed",Q8<TODAY()),TODAY()-Q8,0),IF(AND(ISNUMBER(T8),V8<>"Completed",T8<TODAY()),TODAY()-T8,0),IF(AND(ISNUMBER(W8),Y8<>"Completed",W8<TODAY()),TODAY()-W8,0),IF(AND(ISNUMBER(AA8),AC8<>"Completed",AA8<TODAY()),TODAY()-AA8,0),IF(AND(ISNUMBER(AG8),AI8<>"Completed",AG8<TODAY()),TODAY()-AG8,0),IF(AND(ISNUMBER(AJ8),AL8<>"Completed",AJ8<TODAY()),TODAY()-AJ8,0),IF(AND(ISNUMBER(AM8),AO8<>"Completed",AM8<TODAY()),TODAY()-AM8,0),IF(AND(ISNUMBER(AQ8),AS8<>"Completed",AQ8<TODAY()),TODAY()-AQ8,0),IF(AND(ISNUMBER(AW8),AY8<>"Completed",AW8<TODAY()),TODAY()-AW8,0),IF(AND(ISNUMBER(AZ8),BB8<>"Completed",AZ8<TODAY()),TODAY()-AZ8,0),IF(AND(ISNUMBER(BC8),BE8<>"Completed",BC8<TODAY()),TODAY()-BC8,0),IF(AND(ISNUMBER(BG8),BI8<>"Completed",BG8<TODAY()),TODAY()-BG8,0),IF(AND(ISNUMBER(O8),P8<>"Completed",O8<TODAY()),TODAY()-O8,0),IF(AND(ISNUMBER(BQ8),BR8<>"Completed",BQ8<TODAY()),TODAY()-BQ8,0),IF(AND(ISNUMBER(BO8),BP8<>"Completed",BO8<TODAY()),TODAY()-BO8,0),IF(AND(ISNUMBER(BM8),BN8<>"Completed",BM8<TODAY()),TODAY()-BM8,0))) | H8: 46232 | I8: 46245 | J8: 46276 | K8: =IF(ISNUMBER(H8),H8,IF(ISNUMBER(M8),M8-WEEKDAY(M8,2)+1-7,"")) | L8: =IF(ISNUMBER(I8),I8,IF(ISNUMBER(H8),WORKDAY(H8,SprintWorkingDays-1),IF(ISNUMBER(K8),WORKDAY(K8,SprintWorkingDays-1),""))) | M8: =IF(ISNUMBER(J8),J8,IF(ISNUMBER(I8),I8-IF(OR(WEEKDAY(I8,2)=2,WEEKDAY(I8,2)=4),0,IF(WEEKDAY(I8,2)=3,1,IF(WEEKDAY(I8,2)=1,4,WEEKDAY(I8,2)-4))),IF(ISNUMBER(H8),WORKDAY(H8,SprintWorkingDays-1)-IF(OR(WEEKDAY(WORKDAY(H8,SprintWorkingDays-1),2)=2,WEEKDAY(WORKDAY(H8,SprintWorkingDays-1),2)=4),0,IF(WEEKDAY(WORKDAY(H8,SprintWorkingDays-1),2)=3,1,IF(WEEKDAY(WORKDAY(H8,SprintWorkingDays-1),2)=1,4,WEEKDAY(WORKDAY(H8,SprintWorkingDays-1),2)-4))),""))) | N8: =IF(NOT(ISNUMBER(K8)),"",WORKDAY(K8,ReadyOffsetWD)) | O8: =IF(NOT(ISNUMBER(K8)),"",WORKDAY(K8,SprintReadinessOffsetWD)) | Q8: =IF(NOT(ISNUMBER(T8)),"",WORKDAY(T8,RTSKOffsetFromOUR_WD)) | S8: Completed | T8: =IF(NOT(ISNUMBER(W8)),"",WORKDAY(W8,OUROffsetFromSR_WD)) | W8: =IF(NOT(ISNUMBER(K8)),"",WORKDAY(K8,SROffsetFromStartWD)) | AA8: =IF(ISNUMBER(Q8),Q8,"") | AG8: =IF(NOT(ISNUMBER(Q8)),"",Q8) | AJ8: =IF(NOT(ISNUMBER(T8)),"",T8) | AM8: =IF(NOT(ISNUMBER(W8)),"",W8) | AQ8: =IF(ISNUMBER(AG8),AG8,"") | AW8: =IF(NOT(ISNUMBER(Q8)),"",Q8) | AZ8: =IF(NOT(ISNUMBER(T8)),"",T8) | BC8: =IF(NOT(ISNUMBER(W8)),"",W8) | BG8: =IF(ISNUMBER(AW8),AW8,"") | BM8: 46213 | BO8: =IF(NOT(ISNUMBER(BM8)),"",IF(WEEKDAY(BM8-CodeReviewCalendarDays,2)>5,BM8-CodeReviewCalendarDays-(WEEKDAY(BM8-CodeReviewCalendarDays,2)-5),BM8-CodeReviewCalendarDays)) | BQ8: =IF(NOT(ISNUMBER(BO8)),"",IF(WEEKDAY(BO8-CodeReviewInviteCalendarDays,2)>5,BO8-CodeReviewInviteCalendarDays-(WEEKDAY(BO8-CodeReviewInviteCalendarDays,2)-5),BO8-CodeReviewInviteCalendarDays)) | BT8: =IF(A8="","",IF(IF(AND(ISNUMBER(J8),WEEKDAY(J8,2)<>2,WEEKDAY(J8,2)<>4)," | Release must be Tuesday or Thursday","")&IF(AND(ISNUMBER(H8),WEEKDAY(H8,2)<>1)," | Sprint Start is not a Monday - dates still calculated from the date entered","")&IF(AND(A8<>"",NOT(ISNUMBER(H8)),NOT(ISNUMBER(J8)))," | Enter Sprint Start or Release Date","")&IF(AND(ISNUMBER(F8),F8<TODAY(),D8<>"Completed")," | One or more raise-by dates are in the past and not completed","")&IF(AND(ISNUMBER(K8),K8-TODAY()<SprintWarningDays,K8>=TODAY(),OR(D8="Yet to start",D8="Blocked"))," | Sprint starts in under 10 days - raise access requests now","")&IF(AND(ISNUMBER(BQ8),BR8<>"Completed",BQ8-TODAY()<CodeReviewInviteCalendarDays)," | Code Review invite should be sent at least 4 days before Code Review","")="","",MID(IF(AND(ISNUMBER(J8),WEEKDAY(J8,2)<>2,WEEKDAY(J8,2)<>4)," | Release must be Tuesday or Thursday","")&IF(AND(ISNUMBER(H8),WEEKDAY(H8,2)<>1)," | Sprint Start is not a Monday - dates still calculated from the date entered","")&IF(AND(A8<>"",NOT(ISNUMBER(H8)),NOT(ISNUMBER(J8)))," | Enter Sprint Start or Release Date","")&IF(AND(ISNUMBER(F8),F8<TODAY(),D8<>"Completed")," | One or more raise-by dates are in the past and not completed","")&IF(AND(ISNUMBER(K8),K8-TODAY()<SprintWarningDays,K8>=TODAY(),OR(D8="Yet to start",D8="Blocked"))," | Sprint starts in under 10 days - raise access requests now","")&IF(AND(ISNUMBER(BQ8),BR8<>"Completed",BQ8-TODAY()<CodeReviewInviteCalendarDays)," | Code Review invite should be sent at least 4 days before Code Review",""),4,500))) | BU8: =IF(AND(ISNUMBER(Q8),S8<>"Completed"),Q8,"") | BV8: =IF(AND(ISNUMBER(T8),V8<>"Completed"),T8,"") | BW8: =IF(AND(ISNUMBER(W8),Y8<>"Completed"),W8,"") | BX8: =IF(AND(ISNUMBER(AA8),AC8<>"Completed"),AA8,"") | BY8: =IF(AND(ISNUMBER(AG8),AI8<>"Completed"),AG8,"") | BZ8: =IF(AND(ISNUMBER(AJ8),AL8<>"Completed"),AJ8,"") | CA8: =IF(AND(ISNUMBER(AM8),AO8<>"Completed"),AM8,"") | CB8: =IF(AND(ISNUMBER(AQ8),AS8<>"Completed"),AQ8,"") | CC8: =IF(AND(ISNUMBER(AW8),AY8<>"Completed"),AW8,"") | CD8: =IF(AND(ISNUMBER(AZ8),BB8<>"Completed"),AZ8,"") | CE8: =IF(AND(ISNUMBER(BC8),BE8<>"Completed"),BC8,"") | CF8: =IF(AND(ISNUMBER(BG8),BI8<>"Completed"),BG8,"") | CG8: =IF(AND(ISNUMBER(O8),P8<>"Completed"),O8,"") | CH8: =IF(AND(ISNUMBER(BQ8),BR8<>"Completed"),BQ8,"") | CI8: =IF(AND(ISNUMBER(BO8),BP8<>"Completed"),BO8,"") | CJ8: =IF(AND(ISNUMBER(BM8),BN8<>"Completed"),BM8,"") | CK8: =IF(OR(A8="",D8="Completed"),"",IF(N(G8)>0,1/(N(G8)+ROW()/100000),IF(ISNUMBER(F8),1000+F8+ROW()/100000,TODAY()+400+ROW()/100000)))
A9: Ecosys | B9: Santhosh <skoyalkar@randomtrees.com> | C9: Sprint 17 | D9: =IF(A13="","",IF(((S13="Blocked")+(V13="Blocked")+(Y13="Blocked")+(AC13="Blocked")+(AI13="Blocked")+(AL13="Blocked")+(AO13="Blocked")+(AS13="Blocked")+(AY13="Blocked")+(BB13="Blocked")+(BE13="Blocked")+(BI13="Blocked")+(P13="Blocked")+(BN13="Blocked")+(BP13="Blocked")+(BR13="Blocked")+(BS13="Blocked"))>0,"Blocked",IF((ISNUMBER(Q13)+ISNUMBER(T13)+ISNUMBER(W13)+ISNUMBER(AA13)+ISNUMBER(AG13)+ISNUMBER(AJ13)+ISNUMBER(AM13)+ISNUMBER(AQ13)+ISNUMBER(AW13)+ISNUMBER(AZ13)+ISNUMBER(BC13)+ISNUMBER(BG13)+ISNUMBER(O13)+ISNUMBER(BM13)+ISNUMBER(BO13)+ISNUMBER(BQ13))=0,"Yet to start",IF(AND(OR(NOT(ISNUMBER(Q13)),S13="Completed"),OR(NOT(ISNUMBER(T13)),V13="Completed"),OR(NOT(ISNUMBER(W13)),Y13="Completed"),OR(NOT(ISNUMBER(AA13)),AC13="Completed"),OR(NOT(ISNUMBER(AG13)),AI13="Completed"),OR(NOT(ISNUMBER(AJ13)),AL13="Completed"),OR(NOT(ISNUMBER(AM13)),AO13="Completed"),OR(NOT(ISNUMBER(AQ13)),AS13="Completed"),OR(NOT(ISNUMBER(AW13)),AY13="Completed"),OR(NOT(ISNUMBER(AZ13)),BB13="Completed"),OR(NOT(ISNUMBER(BC13)),BE13="Completed"),OR(NOT(ISNUMBER(BG13)),BI13="Completed"),OR(NOT(ISNUMBER(O13)),P13="Completed"),OR(NOT(ISNUMBER(BM13)),BN13="Completed"),OR(NOT(ISNUMBER(BO13)),BP13="Completed"),OR(NOT(ISNUMBER(BQ13)),BR13="Completed"),BS13="Completed"),"Completed",IF(((S13="In Progress")+(V13="In Progress")+(Y13="In Progress")+(AC13="In Progress")+(AI13="In Progress")+(AL13="In Progress")+(AO13="In Progress")+(AS13="In Progress")+(AY13="In Progress")+(BB13="In Progress")+(BE13="In Progress")+(BI13="In Progress")+(P13="In Progress")+(BN13="In Progress")+(BP13="In Progress")+(BR13="In Progress")+(BS13="In Progress"))>0,"In Progress","Yet to start"))))) | E9: =IF(A9="","",IF(F9="","All complete",INDEX({"Dev R-Task","Dev OUR","Dev Service Request","Dev File R-Task","QA R-Task","QA OUR","QA Service Request","QA File R-Task","Prod R-Task","Prod OUR","Prod Service Request","Prod File R-Task","Sprint Readiness","Code Review Invite","Code Review","CAB"},MATCH(F9,BU9:CJ9,0)))) | F9: =IF(A9="","",IF(COUNT(BU9:CJ9)=0,"",MIN(BU9:CJ9))) | G9: =IF(A9="","",MAX(0,IF(AND(ISNUMBER(Q9),S9<>"Completed",Q9<TODAY()),TODAY()-Q9,0),IF(AND(ISNUMBER(T9),V9<>"Completed",T9<TODAY()),TODAY()-T9,0),IF(AND(ISNUMBER(W9),Y9<>"Completed",W9<TODAY()),TODAY()-W9,0),IF(AND(ISNUMBER(AA9),AC9<>"Completed",AA9<TODAY()),TODAY()-AA9,0),IF(AND(ISNUMBER(AG9),AI9<>"Completed",AG9<TODAY()),TODAY()-AG9,0),IF(AND(ISNUMBER(AJ9),AL9<>"Completed",AJ9<TODAY()),TODAY()-AJ9,0),IF(AND(ISNUMBER(AM9),AO9<>"Completed",AM9<TODAY()),TODAY()-AM9,0),IF(AND(ISNUMBER(AQ9),AS9<>"Completed",AQ9<TODAY()),TODAY()-AQ9,0),IF(AND(ISNUMBER(AW9),AY9<>"Completed",AW9<TODAY()),TODAY()-AW9,0),IF(AND(ISNUMBER(AZ9),BB9<>"Completed",AZ9<TODAY()),TODAY()-AZ9,0),IF(AND(ISNUMBER(BC9),BE9<>"Completed",BC9<TODAY()),TODAY()-BC9,0),IF(AND(ISNUMBER(BG9),BI9<>"Completed",BG9<TODAY()),TODAY()-BG9,0),IF(AND(ISNUMBER(O9),P9<>"Completed",O9<TODAY()),TODAY()-O9,0),IF(AND(ISNUMBER(BQ9),BR9<>"Completed",BQ9<TODAY()),TODAY()-BQ9,0),IF(AND(ISNUMBER(BO9),BP9<>"Completed",BO9<TODAY()),TODAY()-BO9,0),IF(AND(ISNUMBER(BM9),BN9<>"Completed",BM9<TODAY()),TODAY()-BM9,0))) | H9: 46232 | I9: 46245 | J9: 46276 | K9: =IF(ISNUMBER(H9),H9,IF(ISNUMBER(M9),M9-WEEKDAY(M9,2)+1-7,"")) | L9: =IF(ISNUMBER(I9),I9,IF(ISNUMBER(H9),WORKDAY(H9,SprintWorkingDays-1),IF(ISNUMBER(K9),WORKDAY(K9,SprintWorkingDays-1),""))) | M9: =IF(ISNUMBER(J9),J9,IF(ISNUMBER(I9),I9-IF(OR(WEEKDAY(I9,2)=2,WEEKDAY(I9,2)=4),0,IF(WEEKDAY(I9,2)=3,1,IF(WEEKDAY(I9,2)=1,4,WEEKDAY(I9,2)-4))),IF(ISNUMBER(H9),WORKDAY(H9,SprintWorkingDays-1)-IF(OR(WEEKDAY(WORKDAY(H9,SprintWorkingDays-1),2)=2,WEEKDAY(WORKDAY(H9,SprintWorkingDays-1),2)=4),0,IF(WEEKDAY(WORKDAY(H9,SprintWorkingDays-1),2)=3,1,IF(WEEKDAY(WORKDAY(H9,SprintWorkingDays-1),2)=1,4,WEEKDAY(WORKDAY(H9,SprintWorkingDays-1),2)-4))),""))) | N9: =IF(NOT(ISNUMBER(K9)),"",WORKDAY(K9,ReadyOffsetWD)) | O9: =IF(NOT(ISNUMBER(K9)),"",WORKDAY(K9,SprintReadinessOffsetWD)) | Q9: =IF(NOT(ISNUMBER(T9)),"",WORKDAY(T9,RTSKOffsetFromOUR_WD)) | T9: =IF(NOT(ISNUMBER(W9)),"",WORKDAY(W9,OUROffsetFromSR_WD)) | W9: =IF(NOT(ISNUMBER(K9)),"",WORKDAY(K9,SROffsetFromStartWD)) | AA9: =IF(ISNUMBER(Q9),Q9,"") | AG9: =IF(NOT(ISNUMBER(Q9)),"",Q9) | AJ9: =IF(NOT(ISNUMBER(T9)),"",T9) | AM9: =IF(NOT(ISNUMBER(W9)),"",W9) | AQ9: =IF(ISNUMBER(AG9),AG9,"") | AW9: =IF(NOT(ISNUMBER(Q9)),"",Q9) | AZ9: =IF(NOT(ISNUMBER(T9)),"",T9) | BC9: =IF(NOT(ISNUMBER(W9)),"",W9) | BG9: =IF(ISNUMBER(AW9),AW9,"") | BM9: 46213 | BO9: =IF(NOT(ISNUMBER(BM9)),"",IF(WEEKDAY(BM9-CodeReviewCalendarDays,2)>5,BM9-CodeReviewCalendarDays-(WEEKDAY(BM9-CodeReviewCalendarDays,2)-5),BM9-CodeReviewCalendarDays)) | BQ9: =IF(NOT(ISNUMBER(BO9)),"",IF(WEEKDAY(BO9-CodeReviewInviteCalendarDays,2)>5,BO9-CodeReviewInviteCalendarDays-(WEEKDAY(BO9-CodeReviewInviteCalendarDays,2)-5),BO9-CodeReviewInviteCalendarDays)) | BT9: =IF(A9="","",IF(IF(AND(ISNUMBER(J9),WEEKDAY(J9,2)<>2,WEEKDAY(J9,2)<>4)," | Release must be Tuesday or Thursday","")&IF(AND(ISNUMBER(H9),WEEKDAY(H9,2)<>1)," | Sprint Start is not a Monday - dates still calculated from the date entered","")&IF(AND(A9<>"",NOT(ISNUMBER(H9)),NOT(ISNUMBER(J9)))," | Enter Sprint Start or Release Date","")&IF(AND(ISNUMBER(F9),F9<TODAY(),D9<>"Completed")," | One or more raise-by dates are in the past and not completed","")&IF(AND(ISNUMBER(K9),K9-TODAY()<SprintWarningDays,K9>=TODAY(),OR(D9="Yet to start",D9="Blocked"))," | Sprint starts in under 10 days - raise access requests now","")&IF(AND(ISNUMBER(BQ9),BR9<>"Completed",BQ9-TODAY()<CodeReviewInviteCalendarDays)," | Code Review invite should be sent at least 4 days before Code Review","")="","",MID(IF(AND(ISNUMBER(J9),WEEKDAY(J9,2)<>2,WEEKDAY(J9,2)<>4)," | Release must be Tuesday or Thursday","")&IF(AND(ISNUMBER(H9),WEEKDAY(H9,2)<>1)," | Sprint Start is not a Monday - dates still calculated from the date entered","")&IF(AND(A9<>"",NOT(ISNUMBER(H9)),NOT(ISNUMBER(J9)))," | Enter Sprint Start or Release Date","")&IF(AND(ISNUMBER(F9),F9<TODAY(),D9<>"Completed")," | One or more raise-by dates are in the past and not completed","")&IF(AND(ISNUMBER(K9),K9-TODAY()<SprintWarningDays,K9>=TODAY(),OR(D9="Yet to start",D9="Blocked"))," | Sprint starts in under 10 days - raise access requests now","")&IF(AND(ISNUMBER(BQ9),BR9<>"Completed",BQ9-TODAY()<CodeReviewInviteCalendarDays)," | Code Review invite should be sent at least 4 days before Code Review",""),4,500))) | BU9: =IF(AND(ISNUMBER(Q9),S9<>"Completed"),Q9,"") | BV9: =IF(AND(ISNUMBER(T9),V9<>"Completed"),T9,"") | BW9: =IF(AND(ISNUMBER(W9),Y9<>"Completed"),W9,"") | BX9: =IF(AND(ISNUMBER(AA9),AC9<>"Completed"),AA9,"") | BY9: =IF(AND(ISNUMBER(AG9),AI9<>"Completed"),AG9,"") | BZ9: =IF(AND(ISNUMBER(AJ9),AL9<>"Completed"),AJ9,"") | CA9: =IF(AND(ISNUMBER(AM9),AO9<>"Completed"),AM9,"") | CB9: =IF(AND(ISNUMBER(AQ9),AS9<>"Completed"),AQ9,"") | CC9: =IF(AND(ISNUMBER(AW9),AY9<>"Completed"),AW9,"") | CD9: =IF(AND(ISNUMBER(AZ9),BB9<>"Completed"),AZ9,"") | CE9: =IF(AND(ISNUMBER(BC9),BE9<>"Completed"),BC9,"") | CF9: =IF(AND(ISNUMBER(BG9),BI9<>"Completed"),BG9,"") | CG9: =IF(AND(ISNUMBER(O9),P9<>"Completed"),O9,"") | CH9: =IF(AND(ISNUMBER(BQ9),BR9<>"Completed"),BQ9,"") | CI9: =IF(AND(ISNUMBER(BO9),BP9<>"Completed"),BO9,"") | CJ9: =IF(AND(ISNUMBER(BM9),BN9<>"Completed"),BM9,"") | CK9: =IF(OR(A9="",D9="Completed"),"",IF(N(G9)>0,1/(N(G9)+ROW()/100000),IF(ISNUMBER(F9),1000+F9+ROW()/100000,TODAY()+400+ROW()/100000)))
A10: EDDS | B10: Sandeep <sgodi@randomtrees.com> | C10: Sprint 17 | D10: =IF(A12="","",IF(((S12="Blocked")+(V12="Blocked")+(Y12="Blocked")+(AC12="Blocked")+(AI12="Blocked")+(AL12="Blocked")+(AO12="Blocked")+(AS12="Blocked")+(AY12="Blocked")+(BB12="Blocked")+(BE12="Blocked")+(BI12="Blocked")+(P12="Blocked")+(BN12="Blocked")+(BP12="Blocked")+(BR12="Blocked")+(BS12="Blocked"))>0,"Blocked",IF((ISNUMBER(Q12)+ISNUMBER(T12)+ISNUMBER(W12)+ISNUMBER(AA12)+ISNUMBER(AG12)+ISNUMBER(AJ12)+ISNUMBER(AM12)+ISNUMBER(AQ12)+ISNUMBER(AW12)+ISNUMBER(AZ12)+ISNUMBER(BC12)+ISNUMBER(BG12)+ISNUMBER(O12)+ISNUMBER(BM12)+ISNUMBER(BO12)+ISNUMBER(BQ12))=0,"Yet to start",IF(AND(OR(NOT(ISNUMBER(Q12)),S12="Completed"),OR(NOT(ISNUMBER(T12)),V12="Completed"),OR(NOT(ISNUMBER(W12)),Y12="Completed"),OR(NOT(ISNUMBER(AA12)),AC12="Completed"),OR(NOT(ISNUMBER(AG12)),AI12="Completed"),OR(NOT(ISNUMBER(AJ12)),AL12="Completed"),OR(NOT(ISNUMBER(AM12)),AO12="Completed"),OR(NOT(ISNUMBER(AQ12)),AS12="Completed"),OR(NOT(ISNUMBER(AW12)),AY12="Completed"),OR(NOT(ISNUMBER(AZ12)),BB12="Completed"),OR(NOT(ISNUMBER(BC12)),BE12="Completed"),OR(NOT(ISNUMBER(BG12)),BI12="Completed"),OR(NOT(ISNUMBER(O12)),P12="Completed"),OR(NOT(ISNUMBER(BM12)),BN12="Completed"),OR(NOT(ISNUMBER(BO12)),BP12="Completed"),OR(NOT(ISNUMBER(BQ12)),BR12="Completed"),BS12="Completed"),"Completed",IF(((S12="In Progress")+(V12="In Progress")+(Y12="In Progress")+(AC12="In Progress")+(AI12="In Progress")+(AL12="In Progress")+(AO12="In Progress")+(AS12="In Progress")+(AY12="In Progress")+(BB12="In Progress")+(BE12="In Progress")+(BI12="In Progress")+(P12="In Progress")+(BN12="In Progress")+(BP12="In Progress")+(BR12="In Progress")+(BS12="In Progress"))>0,"In Progress","Yet to start"))))) | E10: =IF(A10="","",IF(F10="","All complete",INDEX({"Dev R-Task","Dev OUR","Dev Service Request","Dev File R-Task","QA R-Task","QA OUR","QA Service Request","QA File R-Task","Prod R-Task","Prod OUR","Prod Service Request","Prod File R-Task","Sprint Readiness","Code Review Invite","Code Review","CAB"},MATCH(F10,BU10:CJ10,0)))) | F10: =IF(A10="","",IF(COUNT(BU10:CJ10)=0,"",MIN(BU10:CJ10))) | G10: =IF(A10="","",MAX(0,IF(AND(ISNUMBER(Q10),S10<>"Completed",Q10<TODAY()),TODAY()-Q10,0),IF(AND(ISNUMBER(T10),V10<>"Completed",T10<TODAY()),TODAY()-T10,0),IF(AND(ISNUMBER(W10),Y10<>"Completed",W10<TODAY()),TODAY()-W10,0),IF(AND(ISNUMBER(AA10),AC10<>"Completed",AA10<TODAY()),TODAY()-AA10,0),IF(AND(ISNUMBER(AG10),AI10<>"Completed",AG10<TODAY()),TODAY()-AG10,0),IF(AND(ISNUMBER(AJ10),AL10<>"Completed",AJ10<TODAY()),TODAY()-AJ10,0),IF(AND(ISNUMBER(AM10),AO10<>"Completed",AM10<TODAY()),TODAY()-AM10,0),IF(AND(ISNUMBER(AQ10),AS10<>"Completed",AQ10<TODAY()),TODAY()-AQ10,0),IF(AND(ISNUMBER(AW10),AY10<>"Completed",AW10<TODAY()),TODAY()-AW10,0),IF(AND(ISNUMBER(AZ10),BB10<>"Completed",AZ10<TODAY()),TODAY()-AZ10,0),IF(AND(ISNUMBER(BC10),BE10<>"Completed",BC10<TODAY()),TODAY()-BC10,0),IF(AND(ISNUMBER(BG10),BI10<>"Completed",BG10<TODAY()),TODAY()-BG10,0),IF(AND(ISNUMBER(O10),P10<>"Completed",O10<TODAY()),TODAY()-O10,0),IF(AND(ISNUMBER(BQ10),BR10<>"Completed",BQ10<TODAY()),TODAY()-BQ10,0),IF(AND(ISNUMBER(BO10),BP10<>"Completed",BO10<TODAY()),TODAY()-BO10,0),IF(AND(ISNUMBER(BM10),BN10<>"Completed",BM10<TODAY()),TODAY()-BM10,0))) | H10: 46232 | I10: 46245 | J10: 46276 | K10: =IF(ISNUMBER(H10),H10,IF(ISNUMBER(M10),M10-WEEKDAY(M10,2)+1-7,"")) | L10: =IF(ISNUMBER(I10),I10,IF(ISNUMBER(H10),WORKDAY(H10,SprintWorkingDays-1),IF(ISNUMBER(K10),WORKDAY(K10,SprintWorkingDays-1),""))) | M10: =IF(ISNUMBER(J10),J10,IF(ISNUMBER(I10),I10-IF(OR(WEEKDAY(I10,2)=2,WEEKDAY(I10,2)=4),0,IF(WEEKDAY(I10,2)=3,1,IF(WEEKDAY(I10,2)=1,4,WEEKDAY(I10,2)-4))),IF(ISNUMBER(H10),WORKDAY(H10,SprintWorkingDays-1)-IF(OR(WEEKDAY(WORKDAY(H10,SprintWorkingDays-1),2)=2,WEEKDAY(WORKDAY(H10,SprintWorkingDays-1),2)=4),0,IF(WEEKDAY(WORKDAY(H10,SprintWorkingDays-1),2)=3,1,IF(WEEKDAY(WORKDAY(H10,SprintWorkingDays-1),2)=1,4,WEEKDAY(WORKDAY(H10,SprintWorkingDays-1),2)-4))),""))) | N10: =IF(NOT(ISNUMBER(K10)),"",WORKDAY(K10,ReadyOffsetWD)) | O10: =IF(NOT(ISNUMBER(K10)),"",WORKDAY(K10,SprintReadinessOffsetWD)) | Q10: =IF(NOT(ISNUMBER(T10)),"",WORKDAY(T10,RTSKOffsetFromOUR_WD)) | T10: =IF(NOT(ISNUMBER(W10)),"",WORKDAY(W10,OUROffsetFromSR_WD)) | W10: =IF(NOT(ISNUMBER(K10)),"",WORKDAY(K10,SROffsetFromStartWD)) | AA10: =IF(ISNUMBER(Q10),Q10,"") | AG10: =IF(NOT(ISNUMBER(Q10)),"",Q10) | AJ10: =IF(NOT(ISNUMBER(T10)),"",T10) | AM10: =IF(NOT(ISNUMBER(W10)),"",W10) | AQ10: =IF(ISNUMBER(AG10),AG10,"") | AW10: =IF(NOT(ISNUMBER(Q10)),"",Q10) | AZ10: =IF(NOT(ISNUMBER(T10)),"",T10) | BC10: =IF(NOT(ISNUMBER(W10)),"",W10) | BG10: =IF(ISNUMBER(AW10),AW10,"") | BM10: 46213 | BO10: =IF(NOT(ISNUMBER(BM10)),"",IF(WEEKDAY(BM10-CodeReviewCalendarDays,2)>5,BM10-CodeReviewCalendarDays-(WEEKDAY(BM10-CodeReviewCalendarDays,2)-5),BM10-CodeReviewCalendarDays)) | BQ10: =IF(NOT(ISNUMBER(BO10)),"",IF(WEEKDAY(BO10-CodeReviewInviteCalendarDays,2)>5,BO10-CodeReviewInviteCalendarDays-(WEEKDAY(BO10-CodeReviewInviteCalendarDays,2)-5),BO10-CodeReviewInviteCalendarDays)) | BT10: =IF(A10="","",IF(IF(AND(ISNUMBER(J10),WEEKDAY(J10,2)<>2,WEEKDAY(J10,2)<>4)," | Release must be Tuesday or Thursday","")&IF(AND(ISNUMBER(H10),WEEKDAY(H10,2)<>1)," | Sprint Start is not a Monday - dates still calculated from the date entered","")&IF(AND(A10<>"",NOT(ISNUMBER(H10)),NOT(ISNUMBER(J10)))," | Enter Sprint Start or Release Date","")&IF(AND(ISNUMBER(F10),F10<TODAY(),D10<>"Completed")," | One or more raise-by dates are in the past and not completed","")&IF(AND(ISNUMBER(K10),K10-TODAY()<SprintWarningDays,K10>=TODAY(),OR(D10="Yet to start",D10="Blocked"))," | Sprint starts in under 10 days - raise access requests now","")&IF(AND(ISNUMBER(BQ10),BR10<>"Completed",BQ10-TODAY()<CodeReviewInviteCalendarDays)," | Code Review invite should be sent at least 4 days before Code Review","")="","",MID(IF(AND(ISNUMBER(J10),WEEKDAY(J10,2)<>2,WEEKDAY(J10,2)<>4)," | Release must be Tuesday or Thursday","")&IF(AND(ISNUMBER(H10),WEEKDAY(H10,2)<>1)," | Sprint Start is not a Monday - dates still calculated from the date entered","")&IF(AND(A10<>"",NOT(ISNUMBER(H10)),NOT(ISNUMBER(J10)))," | Enter Sprint Start or Release Date","")&IF(AND(ISNUMBER(F10),F10<TODAY(),D10<>"Completed")," | One or more raise-by dates are in the past and not completed","")&IF(AND(ISNUMBER(K10),K10-TODAY()<SprintWarningDays,K10>=TODAY(),OR(D10="Yet to start",D10="Blocked"))," | Sprint starts in under 10 days - raise access requests now","")&IF(AND(ISNUMBER(BQ10),BR10<>"Completed",BQ10-TODAY()<CodeReviewInviteCalendarDays)," | Code Review invite should be sent at least 4 days before Code Review",""),4,500))) | BU10: =IF(AND(ISNUMBER(Q10),S10<>"Completed"),Q10,"") | BV10: =IF(AND(ISNUMBER(T10),V10<>"Completed"),T10,"") | BW10: =IF(AND(ISNUMBER(W10),Y10<>"Completed"),W10,"") | BX10: =IF(AND(ISNUMBER(AA10),AC10<>"Completed"),AA10,"") | BY10: =IF(AND(ISNUMBER(AG10),AI10<>"Completed"),AG10,"") | BZ10: =IF(AND(ISNUMBER(AJ10),AL10<>"Completed"),AJ10,"") | CA10: =IF(AND(ISNUMBER(AM10),AO10<>"Completed"),AM10,"") | CB10: =IF(AND(ISNUMBER(AQ10),AS10<>"Completed"),AQ10,"") | CC10: =IF(AND(ISNUMBER(AW10),AY10<>"Completed"),AW10,"") | CD10: =IF(AND(ISNUMBER(AZ10),BB10<>"Completed"),AZ10,"") | CE10: =IF(AND(ISNUMBER(BC10),BE10<>"Completed"),BC10,"") | CF10: =IF(AND(ISNUMBER(BG10),BI10<>"Completed"),BG10,"") | CG10: =IF(AND(ISNUMBER(O10),P10<>"Completed"),O10,"") | CH10: =IF(AND(ISNUMBER(BQ10),BR10<>"Completed"),BQ10,"") | CI10: =IF(AND(ISNUMBER(BO10),BP10<>"Completed"),BO10,"") | CJ10: =IF(AND(ISNUMBER(BM10),BN10<>"Completed"),BM10,"") | CK10: =IF(OR(A10="",D10="Completed"),"",IF(N(G10)>0,1/(N(G10)+ROW()/100000),IF(ISNUMBER(F10),1000+F10+ROW()/100000,TODAY()+400+ROW()/100000)))
A11: EPM_BALANCES | B11: Ragavendhar <aragavendhar@randomtrees.com> | C11: Sprint 17 | D11: =IF(A11="","",IF(((S11="Blocked")+(V11="Blocked")+(Y11="Blocked")+(AC11="Blocked")+(AI11="Blocked")+(AL11="Blocked")+(AO11="Blocked")+(AS11="Blocked")+(AY11="Blocked")+(BB11="Blocked")+(BE11="Blocked")+(BI11="Blocked")+(P11="Blocked")+(BN11="Blocked")+(BP11="Blocked")+(BR11="Blocked")+(BS11="Blocked"))>0,"Blocked",IF((ISNUMBER(Q11)+ISNUMBER(T11)+ISNUMBER(W11)+ISNUMBER(AA11)+ISNUMBER(AG11)+ISNUMBER(AJ11)+ISNUMBER(AM11)+ISNUMBER(AQ11)+ISNUMBER(AW11)+ISNUMBER(AZ11)+ISNUMBER(BC11)+ISNUMBER(BG11)+ISNUMBER(O11)+ISNUMBER(BM11)+ISNUMBER(BO11)+ISNUMBER(BQ11))=0,"Yet to start",IF(AND(OR(NOT(ISNUMBER(Q11)),S11="Completed"),OR(NOT(ISNUMBER(T11)),V11="Completed"),OR(NOT(ISNUMBER(W11)),Y11="Completed"),OR(NOT(ISNUMBER(AA11)),AC11="Completed"),OR(NOT(ISNUMBER(AG11)),AI11="Completed"),OR(NOT(ISNUMBER(AJ11)),AL11="Completed"),OR(NOT(ISNUMBER(AM11)),AO11="Completed"),OR(NOT(ISNUMBER(AQ11)),AS11="Completed"),OR(NOT(ISNUMBER(AW11)),AY11="Completed"),OR(NOT(ISNUMBER(AZ11)),BB11="Completed"),OR(NOT(ISNUMBER(BC11)),BE11="Completed"),OR(NOT(ISNUMBER(BG11)),BI11="Completed"),OR(NOT(ISNUMBER(O11)),P11="Completed"),OR(NOT(ISNUMBER(BM11)),BN11="Completed"),OR(NOT(ISNUMBER(BO11)),BP11="Completed"),OR(NOT(ISNUMBER(BQ11)),BR11="Completed"),BS11="Completed"),"Completed",IF(((S11="In Progress")+(V11="In Progress")+(Y11="In Progress")+(AC11="In Progress")+(AI11="In Progress")+(AL11="In Progress")+(AO11="In Progress")+(AS11="In Progress")+(AY11="In Progress")+(BB11="In Progress")+(BE11="In Progress")+(BI11="In Progress")+(P11="In Progress")+(BN11="In Progress")+(BP11="In Progress")+(BR11="In Progress")+(BS11="In Progress"))>0,"In Progress","Yet to start"))))) | E11: =IF(A11="","",IF(F11="","All complete",INDEX({"Dev R-Task","Dev OUR","Dev Service Request","Dev File R-Task","QA R-Task","QA OUR","QA Service Request","QA File R-Task","Prod R-Task","Prod OUR","Prod Service Request","Prod File R-Task","Sprint Readiness","Code Review Invite","Code Review","CAB"},MATCH(F11,BU11:CJ11,0)))) | F11: =IF(A11="","",IF(COUNT(BU11:CJ11)=0,"",MIN(BU11:CJ11))) | G11: =IF(A11="","",MAX(0,IF(AND(ISNUMBER(Q11),S11<>"Completed",Q11<TODAY()),TODAY()-Q11,0),IF(AND(ISNUMBER(T11),V11<>"Completed",T11<TODAY()),TODAY()-T11,0),IF(AND(ISNUMBER(W11),Y11<>"Completed",W11<TODAY()),TODAY()-W11,0),IF(AND(ISNUMBER(AA11),AC11<>"Completed",AA11<TODAY()),TODAY()-AA11,0),IF(AND(ISNUMBER(AG11),AI11<>"Completed",AG11<TODAY()),TODAY()-AG11,0),IF(AND(ISNUMBER(AJ11),AL11<>"Completed",AJ11<TODAY()),TODAY()-AJ11,0),IF(AND(ISNUMBER(AM11),AO11<>"Completed",AM11<TODAY()),TODAY()-AM11,0),IF(AND(ISNUMBER(AQ11),AS11<>"Completed",AQ11<TODAY()),TODAY()-AQ11,0),IF(AND(ISNUMBER(AW11),AY11<>"Completed",AW11<TODAY()),TODAY()-AW11,0),IF(AND(ISNUMBER(AZ11),BB11<>"Completed",AZ11<TODAY()),TODAY()-AZ11,0),IF(AND(ISNUMBER(BC11),BE11<>"Completed",BC11<TODAY()),TODAY()-BC11,0),IF(AND(ISNUMBER(BG11),BI11<>"Completed",BG11<TODAY()),TODAY()-BG11,0),IF(AND(ISNUMBER(O11),P11<>"Completed",O11<TODAY()),TODAY()-O11,0),IF(AND(ISNUMBER(BQ11),BR11<>"Completed",BQ11<TODAY()),TODAY()-BQ11,0),IF(AND(ISNUMBER(BO11),BP11<>"Completed",BO11<TODAY()),TODAY()-BO11,0),IF(AND(ISNUMBER(BM11),BN11<>"Completed",BM11<TODAY()),TODAY()-BM11,0))) | H11: 46232 | I11: 46245 | J11: 46276 | K11: =IF(ISNUMBER(H11),H11,IF(ISNUMBER(M11),M11-WEEKDAY(M11,2)+1-7,"")) | L11: =IF(ISNUMBER(I11),I11,IF(ISNUMBER(H11),WORKDAY(H11,SprintWorkingDays-1),IF(ISNUMBER(K11),WORKDAY(K11,SprintWorkingDays-1),""))) | M11: =IF(ISNUMBER(J11),J11,IF(ISNUMBER(I11),I11-IF(OR(WEEKDAY(I11,2)=2,WEEKDAY(I11,2)=4),0,IF(WEEKDAY(I11,2)=3,1,IF(WEEKDAY(I11,2)=1,4,WEEKDAY(I11,2)-4))),IF(ISNUMBER(H11),WORKDAY(H11,SprintWorkingDays-1)-IF(OR(WEEKDAY(WORKDAY(H11,SprintWorkingDays-1),2)=2,WEEKDAY(WORKDAY(H11,SprintWorkingDays-1),2)=4),0,IF(WEEKDAY(WORKDAY(H11,SprintWorkingDays-1),2)=3,1,IF(WEEKDAY(WORKDAY(H11,SprintWorkingDays-1),2)=1,4,WEEKDAY(WORKDAY(H11,SprintWorkingDays-1),2)-4))),""))) | N11: =IF(NOT(ISNUMBER(K11)),"",WORKDAY(K11,ReadyOffsetWD)) | O11: =IF(NOT(ISNUMBER(K11)),"",WORKDAY(K11,SprintReadinessOffsetWD)) | Q11: =IF(NOT(ISNUMBER(T11)),"",WORKDAY(T11,RTSKOffsetFromOUR_WD)) | T11: =IF(NOT(ISNUMBER(W11)),"",WORKDAY(W11,OUROffsetFromSR_WD)) | W11: =IF(NOT(ISNUMBER(K11)),"",WORKDAY(K11,SROffsetFromStartWD)) | AA11: =IF(ISNUMBER(Q11),Q11,"") | AG11: =IF(NOT(ISNUMBER(Q11)),"",Q11) | AJ11: =IF(NOT(ISNUMBER(T11)),"",T11) | AM11: =IF(NOT(ISNUMBER(W11)),"",W11) | AQ11: =IF(ISNUMBER(AG11),AG11,"") | AW11: =IF(NOT(ISNUMBER(Q11)),"",Q11) | AZ11: =IF(NOT(ISNUMBER(T11)),"",T11) | BC11: =IF(NOT(ISNUMBER(W11)),"",W11) | BG11: =IF(ISNUMBER(AW11),AW11,"") | BM11: 46213 | BO11: =IF(NOT(ISNUMBER(BM11)),"",IF(WEEKDAY(BM11-CodeReviewCalendarDays,2)>5,BM11-CodeReviewCalendarDays-(WEEKDAY(BM11-CodeReviewCalendarDays,2)-5),BM11-CodeReviewCalendarDays)) | BQ11: =IF(NOT(ISNUMBER(BO11)),"",IF(WEEKDAY(BO11-CodeReviewInviteCalendarDays,2)>5,BO11-CodeReviewInviteCalendarDays-(WEEKDAY(BO11-CodeReviewInviteCalendarDays,2)-5),BO11-CodeReviewInviteCalendarDays)) | BT11: =IF(A11="","",IF(IF(AND(ISNUMBER(J11),WEEKDAY(J11,2)<>2,WEEKDAY(J11,2)<>4)," | Release must be Tuesday or Thursday","")&IF(AND(ISNUMBER(H11),WEEKDAY(H11,2)<>1)," | Sprint Start is not a Monday - dates still calculated from the date entered","")&IF(AND(A11<>"",NOT(ISNUMBER(H11)),NOT(ISNUMBER(J11)))," | Enter Sprint Start or Release Date","")&IF(AND(ISNUMBER(F11),F11<TODAY(),D11<>"Completed")," | One or more raise-by dates are in the past and not completed","")&IF(AND(ISNUMBER(K11),K11-TODAY()<SprintWarningDays,K11>=TODAY(),OR(D11="Yet to start",D11="Blocked"))," | Sprint starts in under 10 days - raise access requests now","")&IF(AND(ISNUMBER(BQ11),BR11<>"Completed",BQ11-TODAY()<CodeReviewInviteCalendarDays)," | Code Review invite should be sent at least 4 days before Code Review","")="","",MID(IF(AND(ISNUMBER(J11),WEEKDAY(J11,2)<>2,WEEKDAY(J11,2)<>4)," | Release must be Tuesday or Thursday","")&IF(AND(ISNUMBER(H11),WEEKDAY(H11,2)<>1)," | Sprint Start is not a Monday - dates still calculated from the date entered","")&IF(AND(A11<>"",NOT(ISNUMBER(H11)),NOT(ISNUMBER(J11)))," | Enter Sprint Start or Release Date","")&IF(AND(ISNUMBER(F11),F11<TODAY(),D11<>"Completed")," | One or more raise-by dates are in the past and not completed","")&IF(AND(ISNUMBER(K11),K11-TODAY()<SprintWarningDays,K11>=TODAY(),OR(D11="Yet to start",D11="Blocked"))," | Sprint starts in under 10 days - raise access requests now","")&IF(AND(ISNUMBER(BQ11),BR11<>"Completed",BQ11-TODAY()<CodeReviewInviteCalendarDays)," | Code Review invite should be sent at least 4 days before Code Review",""),4,500))) | BU11: =IF(AND(ISNUMBER(Q11),S11<>"Completed"),Q11,"") | BV11: =IF(AND(ISNUMBER(T11),V11<>"Completed"),T11,"") | BW11: =IF(AND(ISNUMBER(W11),Y11<>"Completed"),W11,"") | BX11: =IF(AND(ISNUMBER(AA11),AC11<>"Completed"),AA11,"") | BY11: =IF(AND(ISNUMBER(AG11),AI11<>"Completed"),AG11,"") | BZ11: =IF(AND(ISNUMBER(AJ11),AL11<>"Completed"),AJ11,"") | CA11: =IF(AND(ISNUMBER(AM11),AO11<>"Completed"),AM11,"") | CB11: =IF(AND(ISNUMBER(AQ11),AS11<>"Completed"),AQ11,"") | CC11: =IF(AND(ISNUMBER(AW11),AY11<>"Completed"),AW11,"") | CD11: =IF(AND(ISNUMBER(AZ11),BB11<>"Completed"),AZ11,"") | CE11: =IF(AND(ISNUMBER(BC11),BE11<>"Completed"),BC11,"") | CF11: =IF(AND(ISNUMBER(BG11),BI11<>"Completed"),BG11,"") | CG11: =IF(AND(ISNUMBER(O11),P11<>"Completed"),O11,"") | CH11: =IF(AND(ISNUMBER(BQ11),BR11<>"Completed"),BQ11,"") | CI11: =IF(AND(ISNUMBER(BO11),BP11<>"Completed"),BO11,"") | CJ11: =IF(AND(ISNUMBER(BM11),BN11<>"Completed"),BM11,"") | CK11: =IF(OR(A11="",D11="Completed"),"",IF(N(G11)>0,1/(N(G11)+ROW()/100000),IF(ISNUMBER(F11),1000+F11+ROW()/100000,TODAY()+400+ROW()/100000)))
A12: EPM_DIM_NOD | B12: Vidhesha <vkumaran@randomtrees.com> | C12: Sprint 17 | D12: =IF(A10="","",IF(((S10="Blocked")+(V10="Blocked")+(Y10="Blocked")+(AC10="Blocked")+(AI10="Blocked")+(AL10="Blocked")+(AO10="Blocked")+(AS10="Blocked")+(AY10="Blocked")+(BB10="Blocked")+(BE10="Blocked")+(BI10="Blocked")+(P10="Blocked")+(BN10="Blocked")+(BP10="Blocked")+(BR10="Blocked")+(BS10="Blocked"))>0,"Blocked",IF((ISNUMBER(Q10)+ISNUMBER(T10)+ISNUMBER(W10)+ISNUMBER(AA10)+ISNUMBER(AG10)+ISNUMBER(AJ10)+ISNUMBER(AM10)+ISNUMBER(AQ10)+ISNUMBER(AW10)+ISNUMBER(AZ10)+ISNUMBER(BC10)+ISNUMBER(BG10)+ISNUMBER(O10)+ISNUMBER(BM10)+ISNUMBER(BO10)+ISNUMBER(BQ10))=0,"Yet to start",IF(AND(OR(NOT(ISNUMBER(Q10)),S10="Completed"),OR(NOT(ISNUMBER(T10)),V10="Completed"),OR(NOT(ISNUMBER(W10)),Y10="Completed"),OR(NOT(ISNUMBER(AA10)),AC10="Completed"),OR(NOT(ISNUMBER(AG10)),AI10="Completed"),OR(NOT(ISNUMBER(AJ10)),AL10="Completed"),OR(NOT(ISNUMBER(AM10)),AO10="Completed"),OR(NOT(ISNUMBER(AQ10)),AS10="Completed"),OR(NOT(ISNUMBER(AW10)),AY10="Completed"),OR(NOT(ISNUMBER(AZ10)),BB10="Completed"),OR(NOT(ISNUMBER(BC10)),BE10="Completed"),OR(NOT(ISNUMBER(BG10)),BI10="Completed"),OR(NOT(ISNUMBER(O10)),P10="Completed"),OR(NOT(ISNUMBER(BM10)),BN10="Completed"),OR(NOT(ISNUMBER(BO10)),BP10="Completed"),OR(NOT(ISNUMBER(BQ10)),BR10="Completed"),BS10="Completed"),"Completed",IF(((S10="In Progress")+(V10="In Progress")+(Y10="In Progress")+(AC10="In Progress")+(AI10="In Progress")+(AL10="In Progress")+(AO10="In Progress")+(AS10="In Progress")+(AY10="In Progress")+(BB10="In Progress")+(BE10="In Progress")+(BI10="In Progress")+(P10="In Progress")+(BN10="In Progress")+(BP10="In Progress")+(BR10="In Progress")+(BS10="In Progress"))>0,"In Progress","Yet to start"))))) | E12: =IF(A12="","",IF(F12="","All complete",INDEX({"Dev R-Task","Dev OUR","Dev Service Request","Dev File R-Task","QA R-Task","QA OUR","QA Service Request","QA File R-Task","Prod R-Task","Prod OUR","Prod Service Request","Prod File R-Task","Sprint Readiness","Code Review Invite","Code Review","CAB"},MATCH(F12,BU12:CJ12,0)))) | F12: =IF(A12="","",IF(COUNT(BU12:CJ12)=0,"",MIN(BU12:CJ12))) | G12: =IF(A12="","",MAX(0,IF(AND(ISNUMBER(Q12),S12<>"Completed",Q12<TODAY()),TODAY()-Q12,0),IF(AND(ISNUMBER(T12),V12<>"Completed",T12<TODAY()),TODAY()-T12,0),IF(AND(ISNUMBER(W12),Y12<>"Completed",W12<TODAY()),TODAY()-W12,0),IF(AND(ISNUMBER(AA12),AC12<>"Completed",AA12<TODAY()),TODAY()-AA12,0),IF(AND(ISNUMBER(AG12),AI12<>"Completed",AG12<TODAY()),TODAY()-AG12,0),IF(AND(ISNUMBER(AJ12),AL12<>"Completed",AJ12<TODAY()),TODAY()-AJ12,0),IF(AND(ISNUMBER(AM12),AO12<>"Completed",AM12<TODAY()),TODAY()-AM12,0),IF(AND(ISNUMBER(AQ12),AS12<>"Completed",AQ12<TODAY()),TODAY()-AQ12,0),IF(AND(ISNUMBER(AW12),AY12<>"Completed",AW12<TODAY()),TODAY()-AW12,0),IF(AND(ISNUMBER(AZ12),BB12<>"Completed",AZ12<TODAY()),TODAY()-AZ12,0),IF(AND(ISNUMBER(BC12),BE12<>"Completed",BC12<TODAY()),TODAY()-BC12,0),IF(AND(ISNUMBER(BG12),BI12<>"Completed",BG12<TODAY()),TODAY()-BG12,0),IF(AND(ISNUMBER(O12),P12<>"Completed",O12<TODAY()),TODAY()-O12,0),IF(AND(ISNUMBER(BQ12),BR12<>"Completed",BQ12<TODAY()),TODAY()-BQ12,0),IF(AND(ISNUMBER(BO12),BP12<>"Completed",BO12<TODAY()),TODAY()-BO12,0),IF(AND(ISNUMBER(BM12),BN12<>"Completed",BM12<TODAY()),TODAY()-BM12,0))) | H12: 46232 | I12: 46245 | J12: 46276 | K12: =IF(ISNUMBER(H12),H12,IF(ISNUMBER(M12),M12-WEEKDAY(M12,2)+1-7,"")) | L12: =IF(ISNUMBER(I12),I12,IF(ISNUMBER(H12),WORKDAY(H12,SprintWorkingDays-1),IF(ISNUMBER(K12),WORKDAY(K12,SprintWorkingDays-1),""))) | M12: =IF(ISNUMBER(J12),J12,IF(ISNUMBER(I12),I12-IF(OR(WEEKDAY(I12,2)=2,WEEKDAY(I12,2)=4),0,IF(WEEKDAY(I12,2)=3,1,IF(WEEKDAY(I12,2)=1,4,WEEKDAY(I12,2)-4))),IF(ISNUMBER(H12),WORKDAY(H12,SprintWorkingDays-1)-IF(OR(WEEKDAY(WORKDAY(H12,SprintWorkingDays-1),2)=2,WEEKDAY(WORKDAY(H12,SprintWorkingDays-1),2)=4),0,IF(WEEKDAY(WORKDAY(H12,SprintWorkingDays-1),2)=3,1,IF(WEEKDAY(WORKDAY(H12,SprintWorkingDays-1),2)=1,4,WEEKDAY(WORKDAY(H12,SprintWorkingDays-1),2)-4))),""))) | N12: =IF(NOT(ISNUMBER(K12)),"",WORKDAY(K12,ReadyOffsetWD)) | O12: =IF(NOT(ISNUMBER(K12)),"",WORKDAY(K12,SprintReadinessOffsetWD)) | Q12: =IF(NOT(ISNUMBER(T12)),"",WORKDAY(T12,RTSKOffsetFromOUR_WD)) | T12: =IF(NOT(ISNUMBER(W12)),"",WORKDAY(W12,OUROffsetFromSR_WD)) | W12: =IF(NOT(ISNUMBER(K12)),"",WORKDAY(K12,SROffsetFromStartWD)) | AA12: =IF(ISNUMBER(Q12),Q12,"") | AG12: =IF(NOT(ISNUMBER(Q12)),"",Q12) | AJ12: =IF(NOT(ISNUMBER(T12)),"",T12) | AM12: =IF(NOT(ISNUMBER(W12)),"",W12) | AQ12: =IF(ISNUMBER(AG12),AG12,"") | AW12: =IF(NOT(ISNUMBER(Q12)),"",Q12) | AZ12: =IF(NOT(ISNUMBER(T12)),"",T12) | BC12: =IF(NOT(ISNUMBER(W12)),"",W12) | BG12: =IF(ISNUMBER(AW12),AW12,"") | BM12: 46213 | BO12: =IF(NOT(ISNUMBER(BM12)),"",IF(WEEKDAY(BM12-CodeReviewCalendarDays,2)>5,BM12-CodeReviewCalendarDays-(WEEKDAY(BM12-CodeReviewCalendarDays,2)-5),BM12-CodeReviewCalendarDays)) | BQ12: =IF(NOT(ISNUMBER(BO12)),"",IF(WEEKDAY(BO12-CodeReviewInviteCalendarDays,2)>5,BO12-CodeReviewInviteCalendarDays-(WEEKDAY(BO12-CodeReviewInviteCalendarDays,2)-5),BO12-CodeReviewInviteCalendarDays)) | BT12: =IF(A12="","",IF(IF(AND(ISNUMBER(J12),WEEKDAY(J12,2)<>2,WEEKDAY(J12,2)<>4)," | Release must be Tuesday or Thursday","")&IF(AND(ISNUMBER(H12),WEEKDAY(H12,2)<>1)," | Sprint Start is not a Monday - dates still calculated from the date entered","")&IF(AND(A12<>"",NOT(ISNUMBER(H12)),NOT(ISNUMBER(J12)))," | Enter Sprint Start or Release Date","")&IF(AND(ISNUMBER(F12),F12<TODAY(),D12<>"Completed")," | One or more raise-by dates are in the past and not completed","")&IF(AND(ISNUMBER(K12),K12-TODAY()<SprintWarningDays,K12>=TODAY(),OR(D12="Yet to start",D12="Blocked"))," | Sprint starts in under 10 days - raise access requests now","")&IF(AND(ISNUMBER(BQ12),BR12<>"Completed",BQ12-TODAY()<CodeReviewInviteCalendarDays)," | Code Review invite should be sent at least 4 days before Code Review","")="","",MID(IF(AND(ISNUMBER(J12),WEEKDAY(J12,2)<>2,WEEKDAY(J12,2)<>4)," | Release must be Tuesday or Thursday","")&IF(AND(ISNUMBER(H12),WEEKDAY(H12,2)<>1)," | Sprint Start is not a Monday - dates still calculated from the date entered","")&IF(AND(A12<>"",NOT(ISNUMBER(H12)),NOT(ISNUMBER(J12)))," | Enter Sprint Start or Release Date","")&IF(AND(ISNUMBER(F12),F12<TODAY(),D12<>"Completed")," | One or more raise-by dates are in the past and not completed","")&IF(AND(ISNUMBER(K12),K12-TODAY()<SprintWarningDays,K12>=TODAY(),OR(D12="Yet to start",D12="Blocked"))," | Sprint starts in under 10 days - raise access requests now","")&IF(AND(ISNUMBER(BQ12),BR12<>"Completed",BQ12-TODAY()<CodeReviewInviteCalendarDays)," | Code Review invite should be sent at least 4 days before Code Review",""),4,500))) | BU12: =IF(AND(ISNUMBER(Q12),S12<>"Completed"),Q12,"") | BV12: =IF(AND(ISNUMBER(T12),V12<>"Completed"),T12,"") | BW12: =IF(AND(ISNUMBER(W12),Y12<>"Completed"),W12,"") | BX12: =IF(AND(ISNUMBER(AA12),AC12<>"Completed"),AA12,"") | BY12: =IF(AND(ISNUMBER(AG12),AI12<>"Completed"),AG12,"") | BZ12: =IF(AND(ISNUMBER(AJ12),AL12<>"Completed"),AJ12,"") | CA12: =IF(AND(ISNUMBER(AM12),AO12<>"Completed"),AM12,"") | CB12: =IF(AND(ISNUMBER(AQ12),AS12<>"Completed"),AQ12,"") | CC12: =IF(AND(ISNUMBER(AW12),AY12<>"Completed"),AW12,"") | CD12: =IF(AND(ISNUMBER(AZ12),BB12<>"Completed"),AZ12,"") | CE12: =IF(AND(ISNUMBER(BC12),BE12<>"Completed"),BC12,"") | CF12: =IF(AND(ISNUMBER(BG12),BI12<>"Completed"),BG12,"") | CG12: =IF(AND(ISNUMBER(O12),P12<>"Completed"),O12,"") | CH12: =IF(AND(ISNUMBER(BQ12),BR12<>"Completed"),BQ12,"") | CI12: =IF(AND(ISNUMBER(BO12),BP12<>"Completed"),BO12,"") | CJ12: =IF(AND(ISNUMBER(BM12),BN12<>"Completed"),BM12,"") | CK12: =IF(OR(A12="",D12="Completed"),"",IF(N(G12)>0,1/(N(G12)+ROW()/100000),IF(ISNUMBER(F12),1000+F12+ROW()/100000,TODAY()+400+ROW()/100000)))
A13: EPM_UI PUSH | B13: Sharath <Skotha1@randomtrees.com> | C13: Sprint 17 | D13: =IF(A9="","",IF(((S9="Blocked")+(V9="Blocked")+(Y9="Blocked")+(AC9="Blocked")+(AI9="Blocked")+(AL9="Blocked")+(AO9="Blocked")+(AS9="Blocked")+(AY9="Blocked")+(BB9="Blocked")+(BE9="Blocked")+(BI9="Blocked")+(P9="Blocked")+(BN9="Blocked")+(BP9="Blocked")+(BR9="Blocked")+(BS9="Blocked"))>0,"Blocked",IF((ISNUMBER(Q9)+ISNUMBER(T9)+ISNUMBER(W9)+ISNUMBER(AA9)+ISNUMBER(AG9)+ISNUMBER(AJ9)+ISNUMBER(AM9)+ISNUMBER(AQ9)+ISNUMBER(AW9)+ISNUMBER(AZ9)+ISNUMBER(BC9)+ISNUMBER(BG9)+ISNUMBER(O9)+ISNUMBER(BM9)+ISNUMBER(BO9)+ISNUMBER(BQ9))=0,"Yet to start",IF(AND(OR(NOT(ISNUMBER(Q9)),S9="Completed"),OR(NOT(ISNUMBER(T9)),V9="Completed"),OR(NOT(ISNUMBER(W9)),Y9="Completed"),OR(NOT(ISNUMBER(AA9)),AC9="Completed"),OR(NOT(ISNUMBER(AG9)),AI9="Completed"),OR(NOT(ISNUMBER(AJ9)),AL9="Completed"),OR(NOT(ISNUMBER(AM9)),AO9="Completed"),OR(NOT(ISNUMBER(AQ9)),AS9="Completed"),OR(NOT(ISNUMBER(AW9)),AY9="Completed"),OR(NOT(ISNUMBER(AZ9)),BB9="Completed"),OR(NOT(ISNUMBER(BC9)),BE9="Completed"),OR(NOT(ISNUMBER(BG9)),BI9="Completed"),OR(NOT(ISNUMBER(O9)),P9="Completed"),OR(NOT(ISNUMBER(BM9)),BN9="Completed"),OR(NOT(ISNUMBER(BO9)),BP9="Completed"),OR(NOT(ISNUMBER(BQ9)),BR9="Completed"),BS9="Completed"),"Completed",IF(((S9="In Progress")+(V9="In Progress")+(Y9="In Progress")+(AC9="In Progress")+(AI9="In Progress")+(AL9="In Progress")+(AO9="In Progress")+(AS9="In Progress")+(AY9="In Progress")+(BB9="In Progress")+(BE9="In Progress")+(BI9="In Progress")+(P9="In Progress")+(BN9="In Progress")+(BP9="In Progress")+(BR9="In Progress")+(BS9="In Progress"))>0,"In Progress","Yet to start"))))) | E13: =IF(A13="","",IF(F13="","All complete",INDEX({"Dev R-Task","Dev OUR","Dev Service Request","Dev File R-Task","QA R-Task","QA OUR","QA Service Request","QA File R-Task","Prod R-Task","Prod OUR","Prod Service Request","Prod File R-Task","Sprint Readiness","Code Review Invite","Code Review","CAB"},MATCH(F13,BU13:CJ13,0)))) | F13: =IF(A13="","",IF(COUNT(BU13:CJ13)=0,"",MIN(BU13:CJ13))) | G13: =IF(A13="","",MAX(0,IF(AND(ISNUMBER(Q13),S13<>"Completed",Q13<TODAY()),TODAY()-Q13,0),IF(AND(ISNUMBER(T13),V13<>"Completed",T13<TODAY()),TODAY()-T13,0),IF(AND(ISNUMBER(W13),Y13<>"Completed",W13<TODAY()),TODAY()-W13,0),IF(AND(ISNUMBER(AA13),AC13<>"Completed",AA13<TODAY()),TODAY()-AA13,0),IF(AND(ISNUMBER(AG13),AI13<>"Completed",AG13<TODAY()),TODAY()-AG13,0),IF(AND(ISNUMBER(AJ13),AL13<>"Completed",AJ13<TODAY()),TODAY()-AJ13,0),IF(AND(ISNUMBER(AM13),AO13<>"Completed",AM13<TODAY()),TODAY()-AM13,0),IF(AND(ISNUMBER(AQ13),AS13<>"Completed",AQ13<TODAY()),TODAY()-AQ13,0),IF(AND(ISNUMBER(AW13),AY13<>"Completed",AW13<TODAY()),TODAY()-AW13,0),IF(AND(ISNUMBER(AZ13),BB13<>"Completed",AZ13<TODAY()),TODAY()-AZ13,0),IF(AND(ISNUMBER(BC13),BE13<>"Completed",BC13<TODAY()),TODAY()-BC13,0),IF(AND(ISNUMBER(BG13),BI13<>"Completed",BG13<TODAY()),TODAY()-BG13,0),IF(AND(ISNUMBER(O13),P13<>"Completed",O13<TODAY()),TODAY()-O13,0),IF(AND(ISNUMBER(BQ13),BR13<>"Completed",BQ13<TODAY()),TODAY()-BQ13,0),IF(AND(ISNUMBER(BO13),BP13<>"Completed",BO13<TODAY()),TODAY()-BO13,0),IF(AND(ISNUMBER(BM13),BN13<>"Completed",BM13<TODAY()),TODAY()-BM13,0))) | H13: 46232 | I13: 46245 | J13: 46276 | K13: =IF(ISNUMBER(H13),H13,IF(ISNUMBER(M13),M13-WEEKDAY(M13,2)+1-7,"")) | L13: =IF(ISNUMBER(I13),I13,IF(ISNUMBER(H13),WORKDAY(H13,SprintWorkingDays-1),IF(ISNUMBER(K13),WORKDAY(K13,SprintWorkingDays-1),""))) | M13: =IF(ISNUMBER(J13),J13,IF(ISNUMBER(I13),I13-IF(OR(WEEKDAY(I13,2)=2,WEEKDAY(I13,2)=4),0,IF(WEEKDAY(I13,2)=3,1,IF(WEEKDAY(I13,2)=1,4,WEEKDAY(I13,2)-4))),IF(ISNUMBER(H13),WORKDAY(H13,SprintWorkingDays-1)-IF(OR(WEEKDAY(WORKDAY(H13,SprintWorkingDays-1),2)=2,WEEKDAY(WORKDAY(H13,SprintWorkingDays-1),2)=4),0,IF(WEEKDAY(WORKDAY(H13,SprintWorkingDays-1),2)=3,1,IF(WEEKDAY(WORKDAY(H13,SprintWorkingDays-1),2)=1,4,WEEKDAY(WORKDAY(H13,SprintWorkingDays-1),2)-4))),""))) | N13: =IF(NOT(ISNUMBER(K13)),"",WORKDAY(K13,ReadyOffsetWD)) | O13: =IF(NOT(ISNUMBER(K13)),"",WORKDAY(K13,SprintReadinessOffsetWD)) | Q13: =IF(NOT(ISNUMBER(T13)),"",WORKDAY(T13,RTSKOffsetFromOUR_WD)) | T13: =IF(NOT(ISNUMBER(W13)),"",WORKDAY(W13,OUROffsetFromSR_WD)) | W13: =IF(NOT(ISNUMBER(K13)),"",WORKDAY(K13,SROffsetFromStartWD)) | AA13: =IF(ISNUMBER(Q13),Q13,"") | AG13: =IF(NOT(ISNUMBER(Q13)),"",Q13) | AJ13: =IF(NOT(ISNUMBER(T13)),"",T13) | AM13: =IF(NOT(ISNUMBER(W13)),"",W13) | AQ13: =IF(ISNUMBER(AG13),AG13,"") | AW13: =IF(NOT(ISNUMBER(Q13)),"",Q13) | AZ13: =IF(NOT(ISNUMBER(T13)),"",T13) | BC13: =IF(NOT(ISNUMBER(W13)),"",W13) | BG13: =IF(ISNUMBER(AW13),AW13,"") | BM13: 46213 | BO13: =IF(NOT(ISNUMBER(BM13)),"",IF(WEEKDAY(BM13-CodeReviewCalendarDays,2)>5,BM13-CodeReviewCalendarDays-(WEEKDAY(BM13-CodeReviewCalendarDays,2)-5),BM13-CodeReviewCalendarDays)) | BQ13: =IF(NOT(ISNUMBER(BO13)),"",IF(WEEKDAY(BO13-CodeReviewInviteCalendarDays,2)>5,BO13-CodeReviewInviteCalendarDays-(WEEKDAY(BO13-CodeReviewInviteCalendarDays,2)-5),BO13-CodeReviewInviteCalendarDays)) | BT13: =IF(A13="","",IF(IF(AND(ISNUMBER(J13),WEEKDAY(J13,2)<>2,WEEKDAY(J13,2)<>4)," | Release must be Tuesday or Thursday","")&IF(AND(ISNUMBER(H13),WEEKDAY(H13,2)<>1)," | Sprint Start is not a Monday - dates still calculated from the date entered","")&IF(AND(A13<>"",NOT(ISNUMBER(H13)),NOT(ISNUMBER(J13)))," | Enter Sprint Start or Release Date","")&IF(AND(ISNUMBER(F13),F13<TODAY(),D13<>"Completed")," | One or more raise-by dates are in the past and not completed","")&IF(AND(ISNUMBER(K13),K13-TODAY()<SprintWarningDays,K13>=TODAY(),OR(D13="Yet to start",D13="Blocked"))," | Sprint starts in under 10 days - raise access requests now","")&IF(AND(ISNUMBER(BQ13),BR13<>"Completed",BQ13-TODAY()<CodeReviewInviteCalendarDays)," | Code Review invite should be sent at least 4 days before Code Review","")="","",MID(IF(AND(ISNUMBER(J13),WEEKDAY(J13,2)<>2,WEEKDAY(J13,2)<>4)," | Release must be Tuesday or Thursday","")&IF(AND(ISNUMBER(H13),WEEKDAY(H13,2)<>1)," | Sprint Start is not a Monday - dates still calculated from the date entered","")&IF(AND(A13<>"",NOT(ISNUMBER(H13)),NOT(ISNUMBER(J13)))," | Enter Sprint Start or Release Date","")&IF(AND(ISNUMBER(F13),F13<TODAY(),D13<>"Completed")," | One or more raise-by dates are in the past and not completed","")&IF(AND(ISNUMBER(K13),K13-TODAY()<SprintWarningDays,K13>=TODAY(),OR(D13="Yet to start",D13="Blocked"))," | Sprint starts in under 10 days - raise access requests now","")&IF(AND(ISNUMBER(BQ13),BR13<>"Completed",BQ13-TODAY()<CodeReviewInviteCalendarDays)," | Code Review invite should be sent at least 4 days before Code Review",""),4,500))) | BU13: =IF(AND(ISNUMBER(Q13),S13<>"Completed"),Q13,"") | BV13: =IF(AND(ISNUMBER(T13),V13<>"Completed"),T13,"") | BW13: =IF(AND(ISNUMBER(W13),Y13<>"Completed"),W13,"") | BX13: =IF(AND(ISNUMBER(AA13),AC13<>"Completed"),AA13,"") | BY13: =IF(AND(ISNUMBER(AG13),AI13<>"Completed"),AG13,"") | BZ13: =IF(AND(ISNUMBER(AJ13),AL13<>"Completed"),AJ13,"") | CA13: =IF(AND(ISNUMBER(AM13),AO13<>"Completed"),AM13,"") | CB13: =IF(AND(ISNUMBER(AQ13),AS13<>"Completed"),AQ13,"") | CC13: =IF(AND(ISNUMBER(AW13),AY13<>"Completed"),AW13,"") | CD13: =IF(AND(ISNUMBER(AZ13),BB13<>"Completed"),AZ13,"") | CE13: =IF(AND(ISNUMBER(BC13),BE13<>"Completed"),BC13,"") | CF13: =IF(AND(ISNUMBER(BG13),BI13<>"Completed"),BG13,"") | CG13: =IF(AND(ISNUMBER(O13),P13<>"Completed"),O13,"") | CH13: =IF(AND(ISNUMBER(BQ13),BR13<>"Completed"),BQ13,"") | CI13: =IF(AND(ISNUMBER(BO13),BP13<>"Completed"),BO13,"") | CJ13: =IF(AND(ISNUMBER(BM13),BN13<>"Completed"),BM13,"") | CK13: =IF(OR(A13="",D13="Completed"),"",IF(N(G13)>0,1/(N(G13)+ROW()/100000),IF(ISNUMBER(F13),1000+F13+ROW()/100000,TODAY()+400+ROW()/100000)))
A14: AUDIT REPORTS | B14: Santhosh <skoyalkar@randomtrees.com> | C14: Sprint 17 | D14: =IF(A14="","",IF(((S14="Blocked")+(V14="Blocked")+(Y14="Blocked")+(AC14="Blocked")+(AI14="Blocked")+(AL14="Blocked")+(AO14="Blocked")+(AS14="Blocked")+(AY14="Blocked")+(BB14="Blocked")+(BE14="Blocked")+(BI14="Blocked")+(P14="Blocked")+(BN14="Blocked")+(BP14="Blocked")+(BR14="Blocked")+(BS14="Blocked"))>0,"Blocked",IF((ISNUMBER(Q14)+ISNUMBER(T14)+ISNUMBER(W14)+ISNUMBER(AA14)+ISNUMBER(AG14)+ISNUMBER(AJ14)+ISNUMBER(AM14)+ISNUMBER(AQ14)+ISNUMBER(AW14)+ISNUMBER(AZ14)+ISNUMBER(BC14)+ISNUMBER(BG14)+ISNUMBER(O14)+ISNUMBER(BM14)+ISNUMBER(BO14)+ISNUMBER(BQ14))=0,"Yet to start",IF(AND(OR(NOT(ISNUMBER(Q14)),S14="Completed"),OR(NOT(ISNUMBER(T14)),V14="Completed"),OR(NOT(ISNUMBER(W14)),Y14="Completed"),OR(NOT(ISNUMBER(AA14)),AC14="Completed"),OR(NOT(ISNUMBER(AG14)),AI14="Completed"),OR(NOT(ISNUMBER(AJ14)),AL14="Completed"),OR(NOT(ISNUMBER(AM14)),AO14="Completed"),OR(NOT(ISNUMBER(AQ14)),AS14="Completed"),OR(NOT(ISNUMBER(AW14)),AY14="Completed"),OR(NOT(ISNUMBER(AZ14)),BB14="Completed"),OR(NOT(ISNUMBER(BC14)),BE14="Completed"),OR(NOT(ISNUMBER(BG14)),BI14="Completed"),OR(NOT(ISNUMBER(O14)),P14="Completed"),OR(NOT(ISNUMBER(BM14)),BN14="Completed"),OR(NOT(ISNUMBER(BO14)),BP14="Completed"),OR(NOT(ISNUMBER(BQ14)),BR14="Completed"),BS14="Completed"),"Completed",IF(((S14="In Progress")+(V14="In Progress")+(Y14="In Progress")+(AC14="In Progress")+(AI14="In Progress")+(AL14="In Progress")+(AO14="In Progress")+(AS14="In Progress")+(AY14="In Progress")+(BB14="In Progress")+(BE14="In Progress")+(BI14="In Progress")+(P14="In Progress")+(BN14="In Progress")+(BP14="In Progress")+(BR14="In Progress")+(BS14="In Progress"))>0,"In Progress","Yet to start"))))) | E14: =IF(A14="","",IF(F14="","All complete",INDEX({"Dev R-Task","Dev OUR","Dev Service Request","Dev File R-Task","QA R-Task","QA OUR","QA Service Request","QA File R-Task","Prod R-Task","Prod OUR","Prod Service Request","Prod File R-Task","Sprint Readiness","Code Review Invite","Code Review","CAB"},MATCH(F14,BU14:CJ14,0)))) | F14: =IF(A14="","",IF(COUNT(BU14:CJ14)=0,"",MIN(BU14:CJ14))) | G14: =IF(A14="","",MAX(0,IF(AND(ISNUMBER(Q14),S14<>"Completed",Q14<TODAY()),TODAY()-Q14,0),IF(AND(ISNUMBER(T14),V14<>"Completed",T14<TODAY()),TODAY()-T14,0),IF(AND(ISNUMBER(W14),Y14<>"Completed",W14<TODAY()),TODAY()-W14,0),IF(AND(ISNUMBER(AA14),AC14<>"Completed",AA14<TODAY()),TODAY()-AA14,0),IF(AND(ISNUMBER(AG14),AI14<>"Completed",AG14<TODAY()),TODAY()-AG14,0),IF(AND(ISNUMBER(AJ14),AL14<>"Completed",AJ14<TODAY()),TODAY()-AJ14,0),IF(AND(ISNUMBER(AM14),AO14<>"Completed",AM14<TODAY()),TODAY()-AM14,0),IF(AND(ISNUMBER(AQ14),AS14<>"Completed",AQ14<TODAY()),TODAY()-AQ14,0),IF(AND(ISNUMBER(AW14),AY14<>"Completed",AW14<TODAY()),TODAY()-AW14,0),IF(AND(ISNUMBER(AZ14),BB14<>"Completed",AZ14<TODAY()),TODAY()-AZ14,0),IF(AND(ISNUMBER(BC14),BE14<>"Completed",BC14<TODAY()),TODAY()-BC14,0),IF(AND(ISNUMBER(BG14),BI14<>"Completed",BG14<TODAY()),TODAY()-BG14,0),IF(AND(ISNUMBER(O14),P14<>"Completed",O14<TODAY()),TODAY()-O14,0),IF(AND(ISNUMBER(BQ14),BR14<>"Completed",BQ14<TODAY()),TODAY()-BQ14,0),IF(AND(ISNUMBER(BO14),BP14<>"Completed",BO14<TODAY()),TODAY()-BO14,0),IF(AND(ISNUMBER(BM14),BN14<>"Completed",BM14<TODAY()),TODAY()-BM14,0))) | H14: 46232 | I14: 46245 | J14: 46276 | K14: =IF(ISNUMBER(H14),H14,IF(ISNUMBER(M14),M14-WEEKDAY(M14,2)+1-7,"")) | L14: =IF(ISNUMBER(I14),I14,IF(ISNUMBER(H14),WORKDAY(H14,SprintWorkingDays-1),IF(ISNUMBER(K14),WORKDAY(K14,SprintWorkingDays-1),""))) | M14: =IF(ISNUMBER(J14),J14,IF(ISNUMBER(I14),I14-IF(OR(WEEKDAY(I14,2)=2,WEEKDAY(I14,2)=4),0,IF(WEEKDAY(I14,2)=3,1,IF(WEEKDAY(I14,2)=1,4,WEEKDAY(I14,2)-4))),IF(ISNUMBER(H14),WORKDAY(H14,SprintWorkingDays-1)-IF(OR(WEEKDAY(WORKDAY(H14,SprintWorkingDays-1),2)=2,WEEKDAY(WORKDAY(H14,SprintWorkingDays-1),2)=4),0,IF(WEEKDAY(WORKDAY(H14,SprintWorkingDays-1),2)=3,1,IF(WEEKDAY(WORKDAY(H14,SprintWorkingDays-1),2)=1,4,WEEKDAY(WORKDAY(H14,SprintWorkingDays-1),2)-4))),""))) | N14: =IF(NOT(ISNUMBER(K14)),"",WORKDAY(K14,ReadyOffsetWD)) | O14: =IF(NOT(ISNUMBER(K14)),"",WORKDAY(K14,SprintReadinessOffsetWD)) | Q14: =IF(NOT(ISNUMBER(T14)),"",WORKDAY(T14,RTSKOffsetFromOUR_WD)) | T14: =IF(NOT(ISNUMBER(W14)),"",WORKDAY(W14,OUROffsetFromSR_WD)) | W14: =IF(NOT(ISNUMBER(K14)),"",WORKDAY(K14,SROffsetFromStartWD)) | AA14: =IF(ISNUMBER(Q14),Q14,"") | AG14: =IF(NOT(ISNUMBER(Q14)),"",Q14) | AJ14: =IF(NOT(ISNUMBER(T14)),"",T14) | AM14: =IF(NOT(ISNUMBER(W14)),"",W14) | AQ14: =IF(ISNUMBER(AG14),AG14,"") | AW14: =IF(NOT(ISNUMBER(Q14)),"",Q14) | AZ14: =IF(NOT(ISNUMBER(T14)),"",T14) | BC14: =IF(NOT(ISNUMBER(W14)),"",W14) | BG14: =IF(ISNUMBER(AW14),AW14,"") | BM14: 46213 | BO14: =IF(NOT(ISNUMBER(BM14)),"",IF(WEEKDAY(BM14-CodeReviewCalendarDays,2)>5,BM14-CodeReviewCalendarDays-(WEEKDAY(BM14-CodeReviewCalendarDays,2)-5),BM14-CodeReviewCalendarDays)) | BQ14: =IF(NOT(ISNUMBER(BO14)),"",IF(WEEKDAY(BO14-CodeReviewInviteCalendarDays,2)>5,BO14-CodeReviewInviteCalendarDays-(WEEKDAY(BO14-CodeReviewInviteCalendarDays,2)-5),BO14-CodeReviewInviteCalendarDays)) | BT14: =IF(A14="","",IF(IF(AND(ISNUMBER(J14),WEEKDAY(J14,2)<>2,WEEKDAY(J14,2)<>4)," | Release must be Tuesday or Thursday","")&IF(AND(ISNUMBER(H14),WEEKDAY(H14,2)<>1)," | Sprint Start is not a Monday - dates still calculated from the date entered","")&IF(AND(A14<>"",NOT(ISNUMBER(H14)),NOT(ISNUMBER(J14)))," | Enter Sprint Start or Release Date","")&IF(AND(ISNUMBER(F14),F14<TODAY(),D14<>"Completed")," | One or more raise-by dates are in the past and not completed","")&IF(AND(ISNUMBER(K14),K14-TODAY()<SprintWarningDays,K14>=TODAY(),OR(D14="Yet to start",D14="Blocked"))," | Sprint starts in under 10 days - raise access requests now","")&IF(AND(ISNUMBER(BQ14),BR14<>"Completed",BQ14-TODAY()<CodeReviewInviteCalendarDays)," | Code Review invite should be sent at least 4 days before Code Review","")="","",MID(IF(AND(ISNUMBER(J14),WEEKDAY(J14,2)<>2,WEEKDAY(J14,2)<>4)," | Release must be Tuesday or Thursday","")&IF(AND(ISNUMBER(H14),WEEKDAY(H14,2)<>1)," | Sprint Start is not a Monday - dates still calculated from the date entered","")&IF(AND(A14<>"",NOT(ISNUMBER(H14)),NOT(ISNUMBER(J14)))," | Enter Sprint Start or Release Date","")&IF(AND(ISNUMBER(F14),F14<TODAY(),D14<>"Completed")," | One or more raise-by dates are in the past and not completed","")&IF(AND(ISNUMBER(K14),K14-TODAY()<SprintWarningDays,K14>=TODAY(),OR(D14="Yet to start",D14="Blocked"))," | Sprint starts in under 10 days - raise access requests now","")&IF(AND(ISNUMBER(BQ14),BR14<>"Completed",BQ14-TODAY()<CodeReviewInviteCalendarDays)," | Code Review invite should be sent at least 4 days before Code Review",""),4,500))) | BU14: =IF(AND(ISNUMBER(Q14),S14<>"Completed"),Q14,"") | BV14: =IF(AND(ISNUMBER(T14),V14<>"Completed"),T14,"") | BW14: =IF(AND(ISNUMBER(W14),Y14<>"Completed"),W14,"") | BX14: =IF(AND(ISNUMBER(AA14),AC14<>"Completed"),AA14,"") | BY14: =IF(AND(ISNUMBER(AG14),AI14<>"Completed"),AG14,"") | BZ14: =IF(AND(ISNUMBER(AJ14),AL14<>"Completed"),AJ14,"") | CA14: =IF(AND(ISNUMBER(AM14),AO14<>"Completed"),AM14,"") | CB14: =IF(AND(ISNUMBER(AQ14),AS14<>"Completed"),AQ14,"") | CC14: =IF(AND(ISNUMBER(AW14),AY14<>"Completed"),AW14,"") | CD14: =IF(AND(ISNUMBER(AZ14),BB14<>"Completed"),AZ14,"") | CE14: =IF(AND(ISNUMBER(BC14),BE14<>"Completed"),BC14,"") | CF14: =IF(AND(ISNUMBER(BG14),BI14<>"Completed"),BG14,"") | CG14: =IF(AND(ISNUMBER(O14),P14<>"Completed"),O14,"") | CH14: =IF(AND(ISNUMBER(BQ14),BR14<>"Completed"),BQ14,"") | CI14: =IF(AND(ISNUMBER(BO14),BP14<>"Completed"),BO14,"") | CJ14: =IF(AND(ISNUMBER(BM14),BN14<>"Completed"),BM14,"") | CK14: =IF(OR(A14="",D14="Completed"),"",IF(N(G14)>0,1/(N(G14)+ROW()/100000),IF(ISNUMBER(F14),1000+F14+ROW()/100000,TODAY()+400+ROW()/100000)))
A15: FIN | B15: Sandeep <sgodi@randomtrees.com> | C15: Sprint 18 | D15: =IF(A15="","",IF(((S15="Blocked")+(V15="Blocked")+(Y15="Blocked")+(AC15="Blocked")+(AI15="Blocked")+(AL15="Blocked")+(AO15="Blocked")+(AS15="Blocked")+(AY15="Blocked")+(BB15="Blocked")+(BE15="Blocked")+(BI15="Blocked")+(P15="Blocked")+(BN15="Blocked")+(BP15="Blocked")+(BR15="Blocked")+(BS15="Blocked"))>0,"Blocked",IF((ISNUMBER(Q15)+ISNUMBER(T15)+ISNUMBER(W15)+ISNUMBER(AA15)+ISNUMBER(AG15)+ISNUMBER(AJ15)+ISNUMBER(AM15)+ISNUMBER(AQ15)+ISNUMBER(AW15)+ISNUMBER(AZ15)+ISNUMBER(BC15)+ISNUMBER(BG15)+ISNUMBER(O15)+ISNUMBER(BM15)+ISNUMBER(BO15)+ISNUMBER(BQ15))=0,"Yet to start",IF(AND(OR(NOT(ISNUMBER(Q15)),S15="Completed"),OR(NOT(ISNUMBER(T15)),V15="Completed"),OR(NOT(ISNUMBER(W15)),Y15="Completed"),OR(NOT(ISNUMBER(AA15)),AC15="Completed"),OR(NOT(ISNUMBER(AG15)),AI15="Completed"),OR(NOT(ISNUMBER(AJ15)),AL15="Completed"),OR(NOT(ISNUMBER(AM15)),AO15="Completed"),OR(NOT(ISNUMBER(AQ15)),AS15="Completed"),OR(NOT(ISNUMBER(AW15)),AY15="Completed"),OR(NOT(ISNUMBER(AZ15)),BB15="Completed"),OR(NOT(ISNUMBER(BC15)),BE15="Completed"),OR(NOT(ISNUMBER(BG15)),BI15="Completed"),OR(NOT(ISNUMBER(O15)),P15="Completed"),OR(NOT(ISNUMBER(BM15)),BN15="Completed"),OR(NOT(ISNUMBER(BO15)),BP15="Completed"),OR(NOT(ISNUMBER(BQ15)),BR15="Completed"),BS15="Completed"),"Completed",IF(((S15="In Progress")+(V15="In Progress")+(Y15="In Progress")+(AC15="In Progress")+(AI15="In Progress")+(AL15="In Progress")+(AO15="In Progress")+(AS15="In Progress")+(AY15="In Progress")+(BB15="In Progress")+(BE15="In Progress")+(BI15="In Progress")+(P15="In Progress")+(BN15="In Progress")+(BP15="In Progress")+(BR15="In Progress")+(BS15="In Progress"))>0,"In Progress","Yet to start"))))) | E15: =IF(A15="","",IF(F15="","All complete",INDEX({"Dev R-Task","Dev OUR","Dev Service Request","Dev File R-Task","QA R-Task","QA OUR","QA Service Request","QA File R-Task","Prod R-Task","Prod OUR","Prod Service Request","Prod File R-Task","Sprint Readiness","Code Review Invite","Code Review","CAB"},MATCH(F15,BU15:CJ15,0)))) | F15: =IF(A15="","",IF(COUNT(BU15:CJ15)=0,"",MIN(BU15:CJ15))) | G15: =IF(A15="","",MAX(0,IF(AND(ISNUMBER(Q15),S15<>"Completed",Q15<TODAY()),TODAY()-Q15,0),IF(AND(ISNUMBER(T15),V15<>"Completed",T15<TODAY()),TODAY()-T15,0),IF(AND(ISNUMBER(W15),Y15<>"Completed",W15<TODAY()),TODAY()-W15,0),IF(AND(ISNUMBER(AA15),AC15<>"Completed",AA15<TODAY()),TODAY()-AA15,0),IF(AND(ISNUMBER(AG15),AI15<>"Completed",AG15<TODAY()),TODAY()-AG15,0),IF(AND(ISNUMBER(AJ15),AL15<>"Completed",AJ15<TODAY()),TODAY()-AJ15,0),IF(AND(ISNUMBER(AM15),AO15<>"Completed",AM15<TODAY()),TODAY()-AM15,0),IF(AND(ISNUMBER(AQ15),AS15<>"Completed",AQ15<TODAY()),TODAY()-AQ15,0),IF(AND(ISNUMBER(AW15),AY15<>"Completed",AW15<TODAY()),TODAY()-AW15,0),IF(AND(ISNUMBER(AZ15),BB15<>"Completed",AZ15<TODAY()),TODAY()-AZ15,0),IF(AND(ISNUMBER(BC15),BE15<>"Completed",BC15<TODAY()),TODAY()-BC15,0),IF(AND(ISNUMBER(BG15),BI15<>"Completed",BG15<TODAY()),TODAY()-BG15,0),IF(AND(ISNUMBER(O15),P15<>"Completed",O15<TODAY()),TODAY()-O15,0),IF(AND(ISNUMBER(BQ15),BR15<>"Completed",BQ15<TODAY()),TODAY()-BQ15,0),IF(AND(ISNUMBER(BO15),BP15<>"Completed",BO15<TODAY()),TODAY()-BO15,0),IF(AND(ISNUMBER(BM15),BN15<>"Completed",BM15<TODAY()),TODAY()-BM15,0))) | H15: 46246 | I15: 46259 | K15: =IF(ISNUMBER(H15),H15,IF(ISNUMBER(M15),M15-WEEKDAY(M15,2)+1-7,"")) | L15: =IF(ISNUMBER(I15),I15,IF(ISNUMBER(H15),WORKDAY(H15,SprintWorkingDays-1),IF(ISNUMBER(K15),WORKDAY(K15,SprintWorkingDays-1),""))) | M15: =IF(ISNUMBER(J15),J15,IF(ISNUMBER(I15),I15-IF(OR(WEEKDAY(I15,2)=2,WEEKDAY(I15,2)=4),0,IF(WEEKDAY(I15,2)=3,1,IF(WEEKDAY(I15,2)=1,4,WEEKDAY(I15,2)-4))),IF(ISNUMBER(H15),WORKDAY(H15,SprintWorkingDays-1)-IF(OR(WEEKDAY(WORKDAY(H15,SprintWorkingDays-1),2)=2,WEEKDAY(WORKDAY(H15,SprintWorkingDays-1),2)=4),0,IF(WEEKDAY(WORKDAY(H15,SprintWorkingDays-1),2)=3,1,IF(WEEKDAY(WORKDAY(H15,SprintWorkingDays-1),2)=1,4,WEEKDAY(WORKDAY(H15,SprintWorkingDays-1),2)-4))),""))) | N15: =IF(NOT(ISNUMBER(K15)),"",WORKDAY(K15,ReadyOffsetWD)) | O15: =IF(NOT(ISNUMBER(K15)),"",WORKDAY(K15,SprintReadinessOffsetWD)) | Q15: =IF(NOT(ISNUMBER(T15)),"",WORKDAY(T15,RTSKOffsetFromOUR_WD)) | T15: =IF(NOT(ISNUMBER(W15)),"",WORKDAY(W15,OUROffsetFromSR_WD)) | W15: =IF(NOT(ISNUMBER(K15)),"",WORKDAY(K15,SROffsetFromStartWD)) | AA15: =IF(ISNUMBER(Q15),Q15,"") | AG15: =IF(NOT(ISNUMBER(Q15)),"",Q15) | AJ15: =IF(NOT(ISNUMBER(T15)),"",T15) | AM15: =IF(NOT(ISNUMBER(W15)),"",W15) | AQ15: =IF(ISNUMBER(AG15),AG15,"") | AW15: =IF(NOT(ISNUMBER(Q15)),"",Q15) | AZ15: =IF(NOT(ISNUMBER(T15)),"",T15) | BC15: =IF(NOT(ISNUMBER(W15)),"",W15) | BG15: =IF(ISNUMBER(AW15),AW15,"") | BM15: =IF(OR(NOT(ISNUMBER(M15)),AND(WEEKDAY(M15,2)<>2,WEEKDAY(M15,2)<>4)),"",WORKDAY(M15,CABOffsetFromReleaseWD)) | BO15: =IF(NOT(ISNUMBER(BM15)),"",IF(WEEKDAY(BM15-CodeReviewCalendarDays,2)>5,BM15-CodeReviewCalendarDays-(WEEKDAY(BM15-CodeReviewCalendarDays,2)-5),BM15-CodeReviewCalendarDays)) | BQ15: =IF(NOT(ISNUMBER(BO15)),"",IF(WEEKDAY(BO15-CodeReviewInviteCalendarDays,2)>5,BO15-CodeReviewInviteCalendarDays-(WEEKDAY(BO15-CodeReviewInviteCalendarDays,2)-5),BO15-CodeReviewInviteCalendarDays)) | BT15: =IF(A15="","",IF(IF(AND(ISNUMBER(J15),WEEKDAY(J15,2)<>2,WEEKDAY(J15,2)<>4)," | Release must be Tuesday or Thursday","")&IF(AND(ISNUMBER(H15),WEEKDAY(H15,2)<>1)," | Sprint Start is not a Monday - dates still calculated from the date entered","")&IF(AND(A15<>"",NOT(ISNUMBER(H15)),NOT(ISNUMBER(J15)))," | Enter Sprint Start or Release Date","")&IF(AND(ISNUMBER(F15),F15<TODAY(),D15<>"Completed")," | One or more raise-by dates are in the past and not completed","")&IF(AND(ISNUMBER(K15),K15-TODAY()<SprintWarningDays,K15>=TODAY(),OR(D15="Yet to start",D15="Blocked"))," | Sprint starts in under 10 days - raise access requests now","")&IF(AND(ISNUMBER(BQ15),BR15<>"Completed",BQ15-TODAY()<CodeReviewInviteCalendarDays)," | Code Review invite should be sent at least 4 days before Code Review","")="","",MID(IF(AND(ISNUMBER(J15),WEEKDAY(J15,2)<>2,WEEKDAY(J15,2)<>4)," | Release must be Tuesday or Thursday","")&IF(AND(ISNUMBER(H15),WEEKDAY(H15,2)<>1)," | Sprint Start is not a Monday - dates still calculated from the date entered","")&IF(AND(A15<>"",NOT(ISNUMBER(H15)),NOT(ISNUMBER(J15)))," | Enter Sprint Start or Release Date","")&IF(AND(ISNUMBER(F15),F15<TODAY(),D15<>"Completed")," | One or more raise-by dates are in the past and not completed","")&IF(AND(ISNUMBER(K15),K15-TODAY()<SprintWarningDays,K15>=TODAY(),OR(D15="Yet to start",D15="Blocked"))," | Sprint starts in under 10 days - raise access requests now","")&IF(AND(ISNUMBER(BQ15),BR15<>"Completed",BQ15-TODAY()<CodeReviewInviteCalendarDays)," | Code Review invite should be sent at least 4 days before Code Review",""),4,500))) | BU15: =IF(AND(ISNUMBER(Q15),S15<>"Completed"),Q15,"") | BV15: =IF(AND(ISNUMBER(T15),V15<>"Completed"),T15,"") | BW15: =IF(AND(ISNUMBER(W15),Y15<>"Completed"),W15,"") | BX15: =IF(AND(ISNUMBER(AA15),AC15<>"Completed"),AA15,"") | BY15: =IF(AND(ISNUMBER(AG15),AI15<>"Completed"),AG15,"") | BZ15: =IF(AND(ISNUMBER(AJ15),AL15<>"Completed"),AJ15,"") | CA15: =IF(AND(ISNUMBER(AM15),AO15<>"Completed"),AM15,"") | CB15: =IF(AND(ISNUMBER(AQ15),AS15<>"Completed"),AQ15,"") | CC15: =IF(AND(ISNUMBER(AW15),AY15<>"Completed"),AW15,"") | CD15: =IF(AND(ISNUMBER(AZ15),BB15<>"Completed"),AZ15,"") | CE15: =IF(AND(ISNUMBER(BC15),BE15<>"Completed"),BC15,"") | CF15: =IF(AND(ISNUMBER(BG15),BI15<>"Completed"),BG15,"") | CG15: =IF(AND(ISNUMBER(O15),P15<>"Completed"),O15,"") | CH15: =IF(AND(ISNUMBER(BQ15),BR15<>"Completed"),BQ15,"") | CI15: =IF(AND(ISNUMBER(BO15),BP15<>"Completed"),BO15,"") | CJ15: =IF(AND(ISNUMBER(BM15),BN15<>"Completed"),BM15,"") | CK15: =IF(OR(A15="",D15="Completed"),"",IF(N(G15)>0,1/(N(G15)+ROW()/100000),IF(ISNUMBER(F15),1000+F15+ROW()/100000,TODAY()+400+ROW()/100000)))
A16: FINDET_BUDGETS | B16: Ragavendhar <aragavendhar@randomtrees.com> | C16: Sprint 18 | D16: =IF(A16="","",IF(((S16="Blocked")+(V16="Blocked")+(Y16="Blocked")+(AC16="Blocked")+(AI16="Blocked")+(AL16="Blocked")+(AO16="Blocked")+(AS16="Blocked")+(AY16="Blocked")+(BB16="Blocked")+(BE16="Blocked")+(BI16="Blocked")+(P16="Blocked")+(BN16="Blocked")+(BP16="Blocked")+(BR16="Blocked")+(BS16="Blocked"))>0,"Blocked",IF((ISNUMBER(Q16)+ISNUMBER(T16)+ISNUMBER(W16)+ISNUMBER(AA16)+ISNUMBER(AG16)+ISNUMBER(AJ16)+ISNUMBER(AM16)+ISNUMBER(AQ16)+ISNUMBER(AW16)+ISNUMBER(AZ16)+ISNUMBER(BC16)+ISNUMBER(BG16)+ISNUMBER(O16)+ISNUMBER(BM16)+ISNUMBER(BO16)+ISNUMBER(BQ16))=0,"Yet to start",IF(AND(OR(NOT(ISNUMBER(Q16)),S16="Completed"),OR(NOT(ISNUMBER(T16)),V16="Completed"),OR(NOT(ISNUMBER(W16)),Y16="Completed"),OR(NOT(ISNUMBER(AA16)),AC16="Completed"),OR(NOT(ISNUMBER(AG16)),AI16="Completed"),OR(NOT(ISNUMBER(AJ16)),AL16="Completed"),OR(NOT(ISNUMBER(AM16)),AO16="Completed"),OR(NOT(ISNUMBER(AQ16)),AS16="Completed"),OR(NOT(ISNUMBER(AW16)),AY16="Completed"),OR(NOT(ISNUMBER(AZ16)),BB16="Completed"),OR(NOT(ISNUMBER(BC16)),BE16="Completed"),OR(NOT(ISNUMBER(BG16)),BI16="Completed"),OR(NOT(ISNUMBER(O16)),P16="Completed"),OR(NOT(ISNUMBER(BM16)),BN16="Completed"),OR(NOT(ISNUMBER(BO16)),BP16="Completed"),OR(NOT(ISNUMBER(BQ16)),BR16="Completed"),BS16="Completed"),"Completed",IF(((S16="In Progress")+(V16="In Progress")+(Y16="In Progress")+(AC16="In Progress")+(AI16="In Progress")+(AL16="In Progress")+(AO16="In Progress")+(AS16="In Progress")+(AY16="In Progress")+(BB16="In Progress")+(BE16="In Progress")+(BI16="In Progress")+(P16="In Progress")+(BN16="In Progress")+(BP16="In Progress")+(BR16="In Progress")+(BS16="In Progress"))>0,"In Progress","Yet to start"))))) | E16: =IF(A16="","",IF(F16="","All complete",INDEX({"Dev R-Task","Dev OUR","Dev Service Request","Dev File R-Task","QA R-Task","QA OUR","QA Service Request","QA File R-Task","Prod R-Task","Prod OUR","Prod Service Request","Prod File R-Task","Sprint Readiness","Code Review Invite","Code Review","CAB"},MATCH(F16,BU16:CJ16,0)))) | F16: =IF(A16="","",IF(COUNT(BU16:CJ16)=0,"",MIN(BU16:CJ16))) | G16: =IF(A16="","",MAX(0,IF(AND(ISNUMBER(Q16),S16<>"Completed",Q16<TODAY()),TODAY()-Q16,0),IF(AND(ISNUMBER(T16),V16<>"Completed",T16<TODAY()),TODAY()-T16,0),IF(AND(ISNUMBER(W16),Y16<>"Completed",W16<TODAY()),TODAY()-W16,0),IF(AND(ISNUMBER(AA16),AC16<>"Completed",AA16<TODAY()),TODAY()-AA16,0),IF(AND(ISNUMBER(AG16),AI16<>"Completed",AG16<TODAY()),TODAY()-AG16,0),IF(AND(ISNUMBER(AJ16),AL16<>"Completed",AJ16<TODAY()),TODAY()-AJ16,0),IF(AND(ISNUMBER(AM16),AO16<>"Completed",AM16<TODAY()),TODAY()-AM16,0),IF(AND(ISNUMBER(AQ16),AS16<>"Completed",AQ16<TODAY()),TODAY()-AQ16,0),IF(AND(ISNUMBER(AW16),AY16<>"Completed",AW16<TODAY()),TODAY()-AW16,0),IF(AND(ISNUMBER(AZ16),BB16<>"Completed",AZ16<TODAY()),TODAY()-AZ16,0),IF(AND(ISNUMBER(BC16),BE16<>"Completed",BC16<TODAY()),TODAY()-BC16,0),IF(AND(ISNUMBER(BG16),BI16<>"Completed",BG16<TODAY()),TODAY()-BG16,0),IF(AND(ISNUMBER(O16),P16<>"Completed",O16<TODAY()),TODAY()-O16,0),IF(AND(ISNUMBER(BQ16),BR16<>"Completed",BQ16<TODAY()),TODAY()-BQ16,0),IF(AND(ISNUMBER(BO16),BP16<>"Completed",BO16<TODAY()),TODAY()-BO16,0),IF(AND(ISNUMBER(BM16),BN16<>"Completed",BM16<TODAY()),TODAY()-BM16,0))) | H16: 46246 | I16: 46259 | K16: =IF(ISNUMBER(H16),H16,IF(ISNUMBER(M16),M16-WEEKDAY(M16,2)+1-7,"")) | L16: =IF(ISNUMBER(I16),I16,IF(ISNUMBER(H16),WORKDAY(H16,SprintWorkingDays-1),IF(ISNUMBER(K16),WORKDAY(K16,SprintWorkingDays-1),""))) | M16: =IF(ISNUMBER(J16),J16,IF(ISNUMBER(I16),I16-IF(OR(WEEKDAY(I16,2)=2,WEEKDAY(I16,2)=4),0,IF(WEEKDAY(I16,2)=3,1,IF(WEEKDAY(I16,2)=1,4,WEEKDAY(I16,2)-4))),IF(ISNUMBER(H16),WORKDAY(H16,SprintWorkingDays-1)-IF(OR(WEEKDAY(WORKDAY(H16,SprintWorkingDays-1),2)=2,WEEKDAY(WORKDAY(H16,SprintWorkingDays-1),2)=4),0,IF(WEEKDAY(WORKDAY(H16,SprintWorkingDays-1),2)=3,1,IF(WEEKDAY(WORKDAY(H16,SprintWorkingDays-1),2)=1,4,WEEKDAY(WORKDAY(H16,SprintWorkingDays-1),2)-4))),""))) | N16: =IF(NOT(ISNUMBER(K16)),"",WORKDAY(K16,ReadyOffsetWD)) | O16: =IF(NOT(ISNUMBER(K16)),"",WORKDAY(K16,SprintReadinessOffsetWD)) | Q16: =IF(NOT(ISNUMBER(T16)),"",WORKDAY(T16,RTSKOffsetFromOUR_WD)) | T16: =IF(NOT(ISNUMBER(W16)),"",WORKDAY(W16,OUROffsetFromSR_WD)) | W16: =IF(NOT(ISNUMBER(K16)),"",WORKDAY(K16,SROffsetFromStartWD)) | AA16: =IF(ISNUMBER(Q16),Q16,"") | AG16: =IF(NOT(ISNUMBER(Q16)),"",Q16) | AJ16: =IF(NOT(ISNUMBER(T16)),"",T16) | AM16: =IF(NOT(ISNUMBER(W16)),"",W16) | AQ16: =IF(ISNUMBER(AG16),AG16,"") | AW16: =IF(NOT(ISNUMBER(Q16)),"",Q16) | AZ16: =IF(NOT(ISNUMBER(T16)),"",T16) | BC16: =IF(NOT(ISNUMBER(W16)),"",W16) | BG16: =IF(ISNUMBER(AW16),AW16,"") | BM16: =IF(OR(NOT(ISNUMBER(M16)),AND(WEEKDAY(M16,2)<>2,WEEKDAY(M16,2)<>4)),"",WORKDAY(M16,CABOffsetFromReleaseWD)) | BO16: =IF(NOT(ISNUMBER(BM16)),"",IF(WEEKDAY(BM16-CodeReviewCalendarDays,2)>5,BM16-CodeReviewCalendarDays-(WEEKDAY(BM16-CodeReviewCalendarDays,2)-5),BM16-CodeReviewCalendarDays)) | BQ16: =IF(NOT(ISNUMBER(BO16)),"",IF(WEEKDAY(BO16-CodeReviewInviteCalendarDays,2)>5,BO16-CodeReviewInviteCalendarDays-(WEEKDAY(BO16-CodeReviewInviteCalendarDays,2)-5),BO16-CodeReviewInviteCalendarDays)) | BT16: =IF(A16="","",IF(IF(AND(ISNUMBER(J16),WEEKDAY(J16,2)<>2,WEEKDAY(J16,2)<>4)," | Release must be Tuesday or Thursday","")&IF(AND(ISNUMBER(H16),WEEKDAY(H16,2)<>1)," | Sprint Start is not a Monday - dates still calculated from the date entered","")&IF(AND(A16<>"",NOT(ISNUMBER(H16)),NOT(ISNUMBER(J16)))," | Enter Sprint Start or Release Date","")&IF(AND(ISNUMBER(F16),F16<TODAY(),D16<>"Completed")," | One or more raise-by dates are in the past and not completed","")&IF(AND(ISNUMBER(K16),K16-TODAY()<SprintWarningDays,K16>=TODAY(),OR(D16="Yet to start",D16="Blocked"))," | Sprint starts in under 10 days - raise access requests now","")&IF(AND(ISNUMBER(BQ16),BR16<>"Completed",BQ16-TODAY()<CodeReviewInviteCalendarDays)," | Code Review invite should be sent at least 4 days before Code Review","")="","",MID(IF(AND(ISNUMBER(J16),WEEKDAY(J16,2)<>2,WEEKDAY(J16,2)<>4)," | Release must be Tuesday or Thursday","")&IF(AND(ISNUMBER(H16),WEEKDAY(H16,2)<>1)," | Sprint Start is not a Monday - dates still calculated from the date entered","")&IF(AND(A16<>"",NOT(ISNUMBER(H16)),NOT(ISNUMBER(J16)))," | Enter Sprint Start or Release Date","")&IF(AND(ISNUMBER(F16),F16<TODAY(),D16<>"Completed")," | One or more raise-by dates are in the past and not completed","")&IF(AND(ISNUMBER(K16),K16-TODAY()<SprintWarningDays,K16>=TODAY(),OR(D16="Yet to start",D16="Blocked"))," | Sprint starts in under 10 days - raise access requests now","")&IF(AND(ISNUMBER(BQ16),BR16<>"Completed",BQ16-TODAY()<CodeReviewInviteCalendarDays)," | Code Review invite should be sent at least 4 days before Code Review",""),4,500))) | BU16: =IF(AND(ISNUMBER(Q16),S16<>"Completed"),Q16,"") | BV16: =IF(AND(ISNUMBER(T16),V16<>"Completed"),T16,"") | BW16: =IF(AND(ISNUMBER(W16),Y16<>"Completed"),W16,"") | BX16: =IF(AND(ISNUMBER(AA16),AC16<>"Completed"),AA16,"") | BY16: =IF(AND(ISNUMBER(AG16),AI16<>"Completed"),AG16,"") | BZ16: =IF(AND(ISNUMBER(AJ16),AL16<>"Completed"),AJ16,"") | CA16: =IF(AND(ISNUMBER(AM16),AO16<>"Completed"),AM16,"") | CB16: =IF(AND(ISNUMBER(AQ16),AS16<>"Completed"),AQ16,"") | CC16: =IF(AND(ISNUMBER(AW16),AY16<>"Completed"),AW16,"") | CD16: =IF(AND(ISNUMBER(AZ16),BB16<>"Completed"),AZ16,"") | CE16: =IF(AND(ISNUMBER(BC16),BE16<>"Completed"),BC16,"") | CF16: =IF(AND(ISNUMBER(BG16),BI16<>"Completed"),BG16,"") | CG16: =IF(AND(ISNUMBER(O16),P16<>"Completed"),O16,"") | CH16: =IF(AND(ISNUMBER(BQ16),BR16<>"Completed"),BQ16,"") | CI16: =IF(AND(ISNUMBER(BO16),BP16<>"Completed"),BO16,"") | CJ16: =IF(AND(ISNUMBER(BM16),BN16<>"Completed"),BM16,"") | CK16: =IF(OR(A16="",D16="Completed"),"",IF(N(G16)>0,1/(N(G16)+ROW()/100000),IF(ISNUMBER(F16),1000+F16+ROW()/100000,TODAY()+400+ROW()/100000)))
A17: FINREC | B17: Vidhesha <vkumaran@randomtrees.com> | C17: Sprint 18 | D17: =IF(A17="","",IF(((S17="Blocked")+(V17="Blocked")+(Y17="Blocked")+(AC17="Blocked")+(AI17="Blocked")+(AL17="Blocked")+(AO17="Blocked")+(AS17="Blocked")+(AY17="Blocked")+(BB17="Blocked")+(BE17="Blocked")+(BI17="Blocked")+(P17="Blocked")+(BN17="Blocked")+(BP17="Blocked")+(BR17="Blocked")+(BS17="Blocked"))>0,"Blocked",IF((ISNUMBER(Q17)+ISNUMBER(T17)+ISNUMBER(W17)+ISNUMBER(AA17)+ISNUMBER(AG17)+ISNUMBER(AJ17)+ISNUMBER(AM17)+ISNUMBER(AQ17)+ISNUMBER(AW17)+ISNUMBER(AZ17)+ISNUMBER(BC17)+ISNUMBER(BG17)+ISNUMBER(O17)+ISNUMBER(BM17)+ISNUMBER(BO17)+ISNUMBER(BQ17))=0,"Yet to start",IF(AND(OR(NOT(ISNUMBER(Q17)),S17="Completed"),OR(NOT(ISNUMBER(T17)),V17="Completed"),OR(NOT(ISNUMBER(W17)),Y17="Completed"),OR(NOT(ISNUMBER(AA17)),AC17="Completed"),OR(NOT(ISNUMBER(AG17)),AI17="Completed"),OR(NOT(ISNUMBER(AJ17)),AL17="Completed"),OR(NOT(ISNUMBER(AM17)),AO17="Completed"),OR(NOT(ISNUMBER(AQ17)),AS17="Completed"),OR(NOT(ISNUMBER(AW17)),AY17="Completed"),OR(NOT(ISNUMBER(AZ17)),BB17="Completed"),OR(NOT(ISNUMBER(BC17)),BE17="Completed"),OR(NOT(ISNUMBER(BG17)),BI17="Completed"),OR(NOT(ISNUMBER(O17)),P17="Completed"),OR(NOT(ISNUMBER(BM17)),BN17="Completed"),OR(NOT(ISNUMBER(BO17)),BP17="Completed"),OR(NOT(ISNUMBER(BQ17)),BR17="Completed"),BS17="Completed"),"Completed",IF(((S17="In Progress")+(V17="In Progress")+(Y17="In Progress")+(AC17="In Progress")+(AI17="In Progress")+(AL17="In Progress")+(AO17="In Progress")+(AS17="In Progress")+(AY17="In Progress")+(BB17="In Progress")+(BE17="In Progress")+(BI17="In Progress")+(P17="In Progress")+(BN17="In Progress")+(BP17="In Progress")+(BR17="In Progress")+(BS17="In Progress"))>0,"In Progress","Yet to start"))))) | E17: =IF(A17="","",IF(F17="","All complete",INDEX({"Dev R-Task","Dev OUR","Dev Service Request","Dev File R-Task","QA R-Task","QA OUR","QA Service Request","QA File R-Task","Prod R-Task","Prod OUR","Prod Service Request","Prod File R-Task","Sprint Readiness","Code Review Invite","Code Review","CAB"},MATCH(F17,BU17:CJ17,0)))) | F17: =IF(A17="","",IF(COUNT(BU17:CJ17)=0,"",MIN(BU17:CJ17))) | G17: =IF(A17="","",MAX(0,IF(AND(ISNUMBER(Q17),S17<>"Completed",Q17<TODAY()),TODAY()-Q17,0),IF(AND(ISNUMBER(T17),V17<>"Completed",T17<TODAY()),TODAY()-T17,0),IF(AND(ISNUMBER(W17),Y17<>"Completed",W17<TODAY()),TODAY()-W17,0),IF(AND(ISNUMBER(AA17),AC17<>"Completed",AA17<TODAY()),TODAY()-AA17,0),IF(AND(ISNUMBER(AG17),AI17<>"Completed",AG17<TODAY()),TODAY()-AG17,0),IF(AND(ISNUMBER(AJ17),AL17<>"Completed",AJ17<TODAY()),TODAY()-AJ17,0),IF(AND(ISNUMBER(AM17),AO17<>"Completed",AM17<TODAY()),TODAY()-AM17,0),IF(AND(ISNUMBER(AQ17),AS17<>"Completed",AQ17<TODAY()),TODAY()-AQ17,0),IF(AND(ISNUMBER(AW17),AY17<>"Completed",AW17<TODAY()),TODAY()-AW17,0),IF(AND(ISNUMBER(AZ17),BB17<>"Completed",AZ17<TODAY()),TODAY()-AZ17,0),IF(AND(ISNUMBER(BC17),BE17<>"Completed",BC17<TODAY()),TODAY()-BC17,0),IF(AND(ISNUMBER(BG17),BI17<>"Completed",BG17<TODAY()),TODAY()-BG17,0),IF(AND(ISNUMBER(O17),P17<>"Completed",O17<TODAY()),TODAY()-O17,0),IF(AND(ISNUMBER(BQ17),BR17<>"Completed",BQ17<TODAY()),TODAY()-BQ17,0),IF(AND(ISNUMBER(BO17),BP17<>"Completed",BO17<TODAY()),TODAY()-BO17,0),IF(AND(ISNUMBER(BM17),BN17<>"Completed",BM17<TODAY()),TODAY()-BM17,0))) | H17: 46246 | I17: 46259 | K17: =IF(ISNUMBER(H17),H17,IF(ISNUMBER(M17),M17-WEEKDAY(M17,2)+1-7,"")) | L17: =IF(ISNUMBER(I17),I17,IF(ISNUMBER(H17),WORKDAY(H17,SprintWorkingDays-1),IF(ISNUMBER(K17),WORKDAY(K17,SprintWorkingDays-1),""))) | M17: =IF(ISNUMBER(J17),J17,IF(ISNUMBER(I17),I17-IF(OR(WEEKDAY(I17,2)=2,WEEKDAY(I17,2)=4),0,IF(WEEKDAY(I17,2)=3,1,IF(WEEKDAY(I17,2)=1,4,WEEKDAY(I17,2)-4))),IF(ISNUMBER(H17),WORKDAY(H17,SprintWorkingDays-1)-IF(OR(WEEKDAY(WORKDAY(H17,SprintWorkingDays-1),2)=2,WEEKDAY(WORKDAY(H17,SprintWorkingDays-1),2)=4),0,IF(WEEKDAY(WORKDAY(H17,SprintWorkingDays-1),2)=3,1,IF(WEEKDAY(WORKDAY(H17,SprintWorkingDays-1),2)=1,4,WEEKDAY(WORKDAY(H17,SprintWorkingDays-1),2)-4))),""))) | N17: =IF(NOT(ISNUMBER(K17)),"",WORKDAY(K17,ReadyOffsetWD)) | O17: =IF(NOT(ISNUMBER(K17)),"",WORKDAY(K17,SprintReadinessOffsetWD)) | Q17: =IF(NOT(ISNUMBER(T17)),"",WORKDAY(T17,RTSKOffsetFromOUR_WD)) | T17: =IF(NOT(ISNUMBER(W17)),"",WORKDAY(W17,OUROffsetFromSR_WD)) | W17: =IF(NOT(ISNUMBER(K17)),"",WORKDAY(K17,SROffsetFromStartWD)) | AA17: =IF(ISNUMBER(Q17),Q17,"") | AG17: =IF(NOT(ISNUMBER(Q17)),"",Q17) | AJ17: =IF(NOT(ISNUMBER(T17)),"",T17) | AM17: =IF(NOT(ISNUMBER(W17)),"",W17) | AQ17: =IF(ISNUMBER(AG17),AG17,"") | AW17: =IF(NOT(ISNUMBER(Q17)),"",Q17) | AZ17: =IF(NOT(ISNUMBER(T17)),"",T17) | BC17: =IF(NOT(ISNUMBER(W17)),"",W17) | BG17: =IF(ISNUMBER(AW17),AW17,"") | BM17: =IF(OR(NOT(ISNUMBER(M17)),AND(WEEKDAY(M17,2)<>2,WEEKDAY(M17,2)<>4)),"",WORKDAY(M17,CABOffsetFromReleaseWD)) | BO17: =IF(NOT(ISNUMBER(BM17)),"",IF(WEEKDAY(BM17-CodeReviewCalendarDays,2)>5,BM17-CodeReviewCalendarDays-(WEEKDAY(BM17-CodeReviewCalendarDays,2)-5),BM17-CodeReviewCalendarDays)) | BQ17: =IF(NOT(ISNUMBER(BO17)),"",IF(WEEKDAY(BO17-CodeReviewInviteCalendarDays,2)>5,BO17-CodeReviewInviteCalendarDays-(WEEKDAY(BO17-CodeReviewInviteCalendarDays,2)-5),BO17-CodeReviewInviteCalendarDays)) | BT17: =IF(A17="","",IF(IF(AND(ISNUMBER(J17),WEEKDAY(J17,2)<>2,WEEKDAY(J17,2)<>4)," | Release must be Tuesday or Thursday","")&IF(AND(ISNUMBER(H17),WEEKDAY(H17,2)<>1)," | Sprint Start is not a Monday - dates still calculated from the date entered","")&IF(AND(A17<>"",NOT(ISNUMBER(H17)),NOT(ISNUMBER(J17)))," | Enter Sprint Start or Release Date","")&IF(AND(ISNUMBER(F17),F17<TODAY(),D17<>"Completed")," | One or more raise-by dates are in the past and not completed","")&IF(AND(ISNUMBER(K17),K17-TODAY()<SprintWarningDays,K17>=TODAY(),OR(D17="Yet to start",D17="Blocked"))," | Sprint starts in under 10 days - raise access requests now","")&IF(AND(ISNUMBER(BQ17),BR17<>"Completed",BQ17-TODAY()<CodeReviewInviteCalendarDays)," | Code Review invite should be sent at least 4 days before Code Review","")="","",MID(IF(AND(ISNUMBER(J17),WEEKDAY(J17,2)<>2,WEEKDAY(J17,2)<>4)," | Release must be Tuesday or Thursday","")&IF(AND(ISNUMBER(H17),WEEKDAY(H17,2)<>1)," | Sprint Start is not a Monday - dates still calculated from the date entered","")&IF(AND(A17<>"",NOT(ISNUMBER(H17)),NOT(ISNUMBER(J17)))," | Enter Sprint Start or Release Date","")&IF(AND(ISNUMBER(F17),F17<TODAY(),D17<>"Completed")," | One or more raise-by dates are in the past and not completed","")&IF(AND(ISNUMBER(K17),K17-TODAY()<SprintWarningDays,K17>=TODAY(),OR(D17="Yet to start",D17="Blocked"))," | Sprint starts in under 10 days - raise access requests now","")&IF(AND(ISNUMBER(BQ17),BR17<>"Completed",BQ17-TODAY()<CodeReviewInviteCalendarDays)," | Code Review invite should be sent at least 4 days before Code Review",""),4,500))) | BU17: =IF(AND(ISNUMBER(Q17),S17<>"Completed"),Q17,"") | BV17: =IF(AND(ISNUMBER(T17),V17<>"Completed"),T17,"") | BW17: =IF(AND(ISNUMBER(W17),Y17<>"Completed"),W17,"") | BX17: =IF(AND(ISNUMBER(AA17),AC17<>"Completed"),AA17,"") | BY17: =IF(AND(ISNUMBER(AG17),AI17<>"Completed"),AG17,"") | BZ17: =IF(AND(ISNUMBER(AJ17),AL17<>"Completed"),AJ17,"") | CA17: =IF(AND(ISNUMBER(AM17),AO17<>"Completed"),AM17,"") | CB17: =IF(AND(ISNUMBER(AQ17),AS17<>"Completed"),AQ17,"") | CC17: =IF(AND(ISNUMBER(AW17),AY17<>"Completed"),AW17,"") | CD17: =IF(AND(ISNUMBER(AZ17),BB17<>"Completed"),AZ17,"") | CE17: =IF(AND(ISNUMBER(BC17),BE17<>"Completed"),BC17,"") | CF17: =IF(AND(ISNUMBER(BG17),BI17<>"Completed"),BG17,"") | CG17: =IF(AND(ISNUMBER(O17),P17<>"Completed"),O17,"") | CH17: =IF(AND(ISNUMBER(BQ17),BR17<>"Completed"),BQ17,"") | CI17: =IF(AND(ISNUMBER(BO17),BP17<>"Completed"),BO17,"") | CJ17: =IF(AND(ISNUMBER(BM17),BN17<>"Completed"),BM17,"") | CK17: =IF(OR(A17="",D17="Completed"),"",IF(N(G17)>0,1/(N(G17)+ROW()/100000),IF(ISNUMBER(F17),1000+F17+ROW()/100000,TODAY()+400+ROW()/100000)))
A18: FOF_WORKIVA | B18: Sharath <Skotha1@randomtrees.com> | C18: Sprint 18 | D18: =IF(A18="","",IF(((S18="Blocked")+(V18="Blocked")+(Y18="Blocked")+(AC18="Blocked")+(AI18="Blocked")+(AL18="Blocked")+(AO18="Blocked")+(AS18="Blocked")+(AY18="Blocked")+(BB18="Blocked")+(BE18="Blocked")+(BI18="Blocked")+(P18="Blocked")+(BN18="Blocked")+(BP18="Blocked")+(BR18="Blocked")+(BS18="Blocked"))>0,"Blocked",IF((ISNUMBER(Q18)+ISNUMBER(T18)+ISNUMBER(W18)+ISNUMBER(AA18)+ISNUMBER(AG18)+ISNUMBER(AJ18)+ISNUMBER(AM18)+ISNUMBER(AQ18)+ISNUMBER(AW18)+ISNUMBER(AZ18)+ISNUMBER(BC18)+ISNUMBER(BG18)+ISNUMBER(O18)+ISNUMBER(BM18)+ISNUMBER(BO18)+ISNUMBER(BQ18))=0,"Yet to start",IF(AND(OR(NOT(ISNUMBER(Q18)),S18="Completed"),OR(NOT(ISNUMBER(T18)),V18="Completed"),OR(NOT(ISNUMBER(W18)),Y18="Completed"),OR(NOT(ISNUMBER(AA18)),AC18="Completed"),OR(NOT(ISNUMBER(AG18)),AI18="Completed"),OR(NOT(ISNUMBER(AJ18)),AL18="Completed"),OR(NOT(ISNUMBER(AM18)),AO18="Completed"),OR(NOT(ISNUMBER(AQ18)),AS18="Completed"),OR(NOT(ISNUMBER(AW18)),AY18="Completed"),OR(NOT(ISNUMBER(AZ18)),BB18="Completed"),OR(NOT(ISNUMBER(BC18)),BE18="Completed"),OR(NOT(ISNUMBER(BG18)),BI18="Completed"),OR(NOT(ISNUMBER(O18)),P18="Completed"),OR(NOT(ISNUMBER(BM18)),BN18="Completed"),OR(NOT(ISNUMBER(BO18)),BP18="Completed"),OR(NOT(ISNUMBER(BQ18)),BR18="Completed"),BS18="Completed"),"Completed",IF(((S18="In Progress")+(V18="In Progress")+(Y18="In Progress")+(AC18="In Progress")+(AI18="In Progress")+(AL18="In Progress")+(AO18="In Progress")+(AS18="In Progress")+(AY18="In Progress")+(BB18="In Progress")+(BE18="In Progress")+(BI18="In Progress")+(P18="In Progress")+(BN18="In Progress")+(BP18="In Progress")+(BR18="In Progress")+(BS18="In Progress"))>0,"In Progress","Yet to start"))))) | E18: =IF(A18="","",IF(F18="","All complete",INDEX({"Dev R-Task","Dev OUR","Dev Service Request","Dev File R-Task","QA R-Task","QA OUR","QA Service Request","QA File R-Task","Prod R-Task","Prod OUR","Prod Service Request","Prod File R-Task","Sprint Readiness","Code Review Invite","Code Review","CAB"},MATCH(F18,BU18:CJ18,0)))) | F18: =IF(A18="","",IF(COUNT(BU18:CJ18)=0,"",MIN(BU18:CJ18))) | G18: =IF(A18="","",MAX(0,IF(AND(ISNUMBER(Q18),S18<>"Completed",Q18<TODAY()),TODAY()-Q18,0),IF(AND(ISNUMBER(T18),V18<>"Completed",T18<TODAY()),TODAY()-T18,0),IF(AND(ISNUMBER(W18),Y18<>"Completed",W18<TODAY()),TODAY()-W18,0),IF(AND(ISNUMBER(AA18),AC18<>"Completed",AA18<TODAY()),TODAY()-AA18,0),IF(AND(ISNUMBER(AG18),AI18<>"Completed",AG18<TODAY()),TODAY()-AG18,0),IF(AND(ISNUMBER(AJ18),AL18<>"Completed",AJ18<TODAY()),TODAY()-AJ18,0),IF(AND(ISNUMBER(AM18),AO18<>"Completed",AM18<TODAY()),TODAY()-AM18,0),IF(AND(ISNUMBER(AQ18),AS18<>"Completed",AQ18<TODAY()),TODAY()-AQ18,0),IF(AND(ISNUMBER(AW18),AY18<>"Completed",AW18<TODAY()),TODAY()-AW18,0),IF(AND(ISNUMBER(AZ18),BB18<>"Completed",AZ18<TODAY()),TODAY()-AZ18,0),IF(AND(ISNUMBER(BC18),BE18<>"Completed",BC18<TODAY()),TODAY()-BC18,0),IF(AND(ISNUMBER(BG18),BI18<>"Completed",BG18<TODAY()),TODAY()-BG18,0),IF(AND(ISNUMBER(O18),P18<>"Completed",O18<TODAY()),TODAY()-O18,0),IF(AND(ISNUMBER(BQ18),BR18<>"Completed",BQ18<TODAY()),TODAY()-BQ18,0),IF(AND(ISNUMBER(BO18),BP18<>"Completed",BO18<TODAY()),TODAY()-BO18,0),IF(AND(ISNUMBER(BM18),BN18<>"Completed",BM18<TODAY()),TODAY()-BM18,0))) | H18: 46246 | I18: 46259 | K18: =IF(ISNUMBER(H18),H18,IF(ISNUMBER(M18),M18-WEEKDAY(M18,2)+1-7,"")) | L18: =IF(ISNUMBER(I18),I18,IF(ISNUMBER(H18),WORKDAY(H18,SprintWorkingDays-1),IF(ISNUMBER(K18),WORKDAY(K18,SprintWorkingDays-1),""))) | M18: =IF(ISNUMBER(J18),J18,IF(ISNUMBER(I18),I18-IF(OR(WEEKDAY(I18,2)=2,WEEKDAY(I18,2)=4),0,IF(WEEKDAY(I18,2)=3,1,IF(WEEKDAY(I18,2)=1,4,WEEKDAY(I18,2)-4))),IF(ISNUMBER(H18),WORKDAY(H18,SprintWorkingDays-1)-IF(OR(WEEKDAY(WORKDAY(H18,SprintWorkingDays-1),2)=2,WEEKDAY(WORKDAY(H18,SprintWorkingDays-1),2)=4),0,IF(WEEKDAY(WORKDAY(H18,SprintWorkingDays-1),2)=3,1,IF(WEEKDAY(WORKDAY(H18,SprintWorkingDays-1),2)=1,4,WEEKDAY(WORKDAY(H18,SprintWorkingDays-1),2)-4))),""))) | N18: =IF(NOT(ISNUMBER(K18)),"",WORKDAY(K18,ReadyOffsetWD)) | O18: =IF(NOT(ISNUMBER(K18)),"",WORKDAY(K18,SprintReadinessOffsetWD)) | Q18: =IF(NOT(ISNUMBER(T18)),"",WORKDAY(T18,RTSKOffsetFromOUR_WD)) | T18: =IF(NOT(ISNUMBER(W18)),"",WORKDAY(W18,OUROffsetFromSR_WD)) | W18: =IF(NOT(ISNUMBER(K18)),"",WORKDAY(K18,SROffsetFromStartWD)) | AA18: =IF(ISNUMBER(Q18),Q18,"") | AG18: =IF(NOT(ISNUMBER(Q18)),"",Q18) | AJ18: =IF(NOT(ISNUMBER(T18)),"",T18) | AM18: =IF(NOT(ISNUMBER(W18)),"",W18) | AQ18: =IF(ISNUMBER(AG18),AG18,"") | AW18: =IF(NOT(ISNUMBER(Q18)),"",Q18) | AZ18: =IF(NOT(ISNUMBER(T18)),"",T18) | BC18: =IF(NOT(ISNUMBER(W18)),"",W18) | BG18: =IF(ISNUMBER(AW18),AW18,"") | BM18: =IF(OR(NOT(ISNUMBER(M18)),AND(WEEKDAY(M18,2)<>2,WEEKDAY(M18,2)<>4)),"",WORKDAY(M18,CABOffsetFromReleaseWD)) | BO18: =IF(NOT(ISNUMBER(BM18)),"",IF(WEEKDAY(BM18-CodeReviewCalendarDays,2)>5,BM18-CodeReviewCalendarDays-(WEEKDAY(BM18-CodeReviewCalendarDays,2)-5),BM18-CodeReviewCalendarDays)) | BQ18: =IF(NOT(ISNUMBER(BO18)),"",IF(WEEKDAY(BO18-CodeReviewInviteCalendarDays,2)>5,BO18-CodeReviewInviteCalendarDays-(WEEKDAY(BO18-CodeReviewInviteCalendarDays,2)-5),BO18-CodeReviewInviteCalendarDays)) | BT18: =IF(A18="","",IF(IF(AND(ISNUMBER(J18),WEEKDAY(J18,2)<>2,WEEKDAY(J18,2)<>4)," | Release must be Tuesday or Thursday","")&IF(AND(ISNUMBER(H18),WEEKDAY(H18,2)<>1)," | Sprint Start is not a Monday - dates still calculated from the date entered","")&IF(AND(A18<>"",NOT(ISNUMBER(H18)),NOT(ISNUMBER(J18)))," | Enter Sprint Start or Release Date","")&IF(AND(ISNUMBER(F18),F18<TODAY(),D18<>"Completed")," | One or more raise-by dates are in the past and not completed","")&IF(AND(ISNUMBER(K18),K18-TODAY()<SprintWarningDays,K18>=TODAY(),OR(D18="Yet to start",D18="Blocked"))," | Sprint starts in under 10 days - raise access requests now","")&IF(AND(ISNUMBER(BQ18),BR18<>"Completed",BQ18-TODAY()<CodeReviewInviteCalendarDays)," | Code Review invite should be sent at least 4 days before Code Review","")="","",MID(IF(AND(ISNUMBER(J18),WEEKDAY(J18,2)<>2,WEEKDAY(J18,2)<>4)," | Release must be Tuesday or Thursday","")&IF(AND(ISNUMBER(H18),WEEKDAY(H18,2)<>1)," | Sprint Start is not a Monday - dates still calculated from the date entered","")&IF(AND(A18<>"",NOT(ISNUMBER(H18)),NOT(ISNUMBER(J18)))," | Enter Sprint Start or Release Date","")&IF(AND(ISNUMBER(F18),F18<TODAY(),D18<>"Completed")," | One or more raise-by dates are in the past and not completed","")&IF(AND(ISNUMBER(K18),K18-TODAY()<SprintWarningDays,K18>=TODAY(),OR(D18="Yet to start",D18="Blocked"))," | Sprint starts in under 10 days - raise access requests now","")&IF(AND(ISNUMBER(BQ18),BR18<>"Completed",BQ18-TODAY()<CodeReviewInviteCalendarDays)," | Code Review invite should be sent at least 4 days before Code Review",""),4,500))) | BU18: =IF(AND(ISNUMBER(Q18),S18<>"Completed"),Q18,"") | BV18: =IF(AND(ISNUMBER(T18),V18<>"Completed"),T18,"") | BW18: =IF(AND(ISNUMBER(W18),Y18<>"Completed"),W18,"") | BX18: =IF(AND(ISNUMBER(AA18),AC18<>"Completed"),AA18,"") | BY18: =IF(AND(ISNUMBER(AG18),AI18<>"Completed"),AG18,"") | BZ18: =IF(AND(ISNUMBER(AJ18),AL18<>"Completed"),AJ18,"") | CA18: =IF(AND(ISNUMBER(AM18),AO18<>"Completed"),AM18,"") | CB18: =IF(AND(ISNUMBER(AQ18),AS18<>"Completed"),AQ18,"") | CC18: =IF(AND(ISNUMBER(AW18),AY18<>"Completed"),AW18,"") | CD18: =IF(AND(ISNUMBER(AZ18),BB18<>"Completed"),AZ18,"") | CE18: =IF(AND(ISNUMBER(BC18),BE18<>"Completed"),BC18,"") | CF18: =IF(AND(ISNUMBER(BG18),BI18<>"Completed"),BG18,"") | CG18: =IF(AND(ISNUMBER(O18),P18<>"Completed"),O18,"") | CH18: =IF(AND(ISNUMBER(BQ18),BR18<>"Completed"),BQ18,"") | CI18: =IF(AND(ISNUMBER(BO18),BP18<>"Completed"),BO18,"") | CJ18: =IF(AND(ISNUMBER(BM18),BN18<>"Completed"),BM18,"") | CK18: =IF(OR(A18="",D18="Completed"),"",IF(N(G18)>0,1/(N(G18)+ROW()/100000),IF(ISNUMBER(F18),1000+F18+ROW()/100000,TODAY()+400+ROW()/100000)))
A19: GL80 | B19: Santhosh <skoyalkar@randomtrees.com> | C19: Sprint 18 | D19: =IF(A19="","",IF(((S19="Blocked")+(V19="Blocked")+(Y19="Blocked")+(AC19="Blocked")+(AI19="Blocked")+(AL19="Blocked")+(AO19="Blocked")+(AS19="Blocked")+(AY19="Blocked")+(BB19="Blocked")+(BE19="Blocked")+(BI19="Blocked")+(P19="Blocked")+(BN19="Blocked")+(BP19="Blocked")+(BR19="Blocked")+(BS19="Blocked"))>0,"Blocked",IF((ISNUMBER(Q19)+ISNUMBER(T19)+ISNUMBER(W19)+ISNUMBER(AA19)+ISNUMBER(AG19)+ISNUMBER(AJ19)+ISNUMBER(AM19)+ISNUMBER(AQ19)+ISNUMBER(AW19)+ISNUMBER(AZ19)+ISNUMBER(BC19)+ISNUMBER(BG19)+ISNUMBER(O19)+ISNUMBER(BM19)+ISNUMBER(BO19)+ISNUMBER(BQ19))=0,"Yet to start",IF(AND(OR(NOT(ISNUMBER(Q19)),S19="Completed"),OR(NOT(ISNUMBER(T19)),V19="Completed"),OR(NOT(ISNUMBER(W19)),Y19="Completed"),OR(NOT(ISNUMBER(AA19)),AC19="Completed"),OR(NOT(ISNUMBER(AG19)),AI19="Completed"),OR(NOT(ISNUMBER(AJ19)),AL19="Completed"),OR(NOT(ISNUMBER(AM19)),AO19="Completed"),OR(NOT(ISNUMBER(AQ19)),AS19="Completed"),OR(NOT(ISNUMBER(AW19)),AY19="Completed"),OR(NOT(ISNUMBER(AZ19)),BB19="Completed"),OR(NOT(ISNUMBER(BC19)),BE19="Completed"),OR(NOT(ISNUMBER(BG19)),BI19="Completed"),OR(NOT(ISNUMBER(O19)),P19="Completed"),OR(NOT(ISNUMBER(BM19)),BN19="Completed"),OR(NOT(ISNUMBER(BO19)),BP19="Completed"),OR(NOT(ISNUMBER(BQ19)),BR19="Completed"),BS19="Completed"),"Completed",IF(((S19="In Progress")+(V19="In Progress")+(Y19="In Progress")+(AC19="In Progress")+(AI19="In Progress")+(AL19="In Progress")+(AO19="In Progress")+(AS19="In Progress")+(AY19="In Progress")+(BB19="In Progress")+(BE19="In Progress")+(BI19="In Progress")+(P19="In Progress")+(BN19="In Progress")+(BP19="In Progress")+(BR19="In Progress")+(BS19="In Progress"))>0,"In Progress","Yet to start"))))) | E19: =IF(A19="","",IF(F19="","All complete",INDEX({"Dev R-Task","Dev OUR","Dev Service Request","Dev File R-Task","QA R-Task","QA OUR","QA Service Request","QA File R-Task","Prod R-Task","Prod OUR","Prod Service Request","Prod File R-Task","Sprint Readiness","Code Review Invite","Code Review","CAB"},MATCH(F19,BU19:CJ19,0)))) | F19: =IF(A19="","",IF(COUNT(BU19:CJ19)=0,"",MIN(BU19:CJ19))) | G19: =IF(A19="","",MAX(0,IF(AND(ISNUMBER(Q19),S19<>"Completed",Q19<TODAY()),TODAY()-Q19,0),IF(AND(ISNUMBER(T19),V19<>"Completed",T19<TODAY()),TODAY()-T19,0),IF(AND(ISNUMBER(W19),Y19<>"Completed",W19<TODAY()),TODAY()-W19,0),IF(AND(ISNUMBER(AA19),AC19<>"Completed",AA19<TODAY()),TODAY()-AA19,0),IF(AND(ISNUMBER(AG19),AI19<>"Completed",AG19<TODAY()),TODAY()-AG19,0),IF(AND(ISNUMBER(AJ19),AL19<>"Completed",AJ19<TODAY()),TODAY()-AJ19,0),IF(AND(ISNUMBER(AM19),AO19<>"Completed",AM19<TODAY()),TODAY()-AM19,0),IF(AND(ISNUMBER(AQ19),AS19<>"Completed",AQ19<TODAY()),TODAY()-AQ19,0),IF(AND(ISNUMBER(AW19),AY19<>"Completed",AW19<TODAY()),TODAY()-AW19,0),IF(AND(ISNUMBER(AZ19),BB19<>"Completed",AZ19<TODAY()),TODAY()-AZ19,0),IF(AND(ISNUMBER(BC19),BE19<>"Completed",BC19<TODAY()),TODAY()-BC19,0),IF(AND(ISNUMBER(BG19),BI19<>"Completed",BG19<TODAY()),TODAY()-BG19,0),IF(AND(ISNUMBER(O19),P19<>"Completed",O19<TODAY()),TODAY()-O19,0),IF(AND(ISNUMBER(BQ19),BR19<>"Completed",BQ19<TODAY()),TODAY()-BQ19,0),IF(AND(ISNUMBER(BO19),BP19<>"Completed",BO19<TODAY()),TODAY()-BO19,0),IF(AND(ISNUMBER(BM19),BN19<>"Completed",BM19<TODAY()),TODAY()-BM19,0))) | H19: 46246 | I19: 46259 | K19: =IF(ISNUMBER(H19),H19,IF(ISNUMBER(M19),M19-WEEKDAY(M19,2)+1-7,"")) | L19: =IF(ISNUMBER(I19),I19,IF(ISNUMBER(H19),WORKDAY(H19,SprintWorkingDays-1),IF(ISNUMBER(K19),WORKDAY(K19,SprintWorkingDays-1),""))) | M19: =IF(ISNUMBER(J19),J19,IF(ISNUMBER(I19),I19-IF(OR(WEEKDAY(I19,2)=2,WEEKDAY(I19,2)=4),0,IF(WEEKDAY(I19,2)=3,1,IF(WEEKDAY(I19,2)=1,4,WEEKDAY(I19,2)-4))),IF(ISNUMBER(H19),WORKDAY(H19,SprintWorkingDays-1)-IF(OR(WEEKDAY(WORKDAY(H19,SprintWorkingDays-1),2)=2,WEEKDAY(WORKDAY(H19,SprintWorkingDays-1),2)=4),0,IF(WEEKDAY(WORKDAY(H19,SprintWorkingDays-1),2)=3,1,IF(WEEKDAY(WORKDAY(H19,SprintWorkingDays-1),2)=1,4,WEEKDAY(WORKDAY(H19,SprintWorkingDays-1),2)-4))),""))) | N19: =IF(NOT(ISNUMBER(K19)),"",WORKDAY(K19,ReadyOffsetWD)) | O19: =IF(NOT(ISNUMBER(K19)),"",WORKDAY(K19,SprintReadinessOffsetWD)) | Q19: =IF(NOT(ISNUMBER(T19)),"",WORKDAY(T19,RTSKOffsetFromOUR_WD)) | T19: =IF(NOT(ISNUMBER(W19)),"",WORKDAY(W19,OUROffsetFromSR_WD)) | W19: =IF(NOT(ISNUMBER(K19)),"",WORKDAY(K19,SROffsetFromStartWD)) | AA19: =IF(ISNUMBER(Q19),Q19,"") | AG19: =IF(NOT(ISNUMBER(Q19)),"",Q19) | AJ19: =IF(NOT(ISNUMBER(T19)),"",T19) | AM19: =IF(NOT(ISNUMBER(W19)),"",W19) | AQ19: =IF(ISNUMBER(AG19),AG19,"") | AW19: =IF(NOT(ISNUMBER(Q19)),"",Q19) | AZ19: =IF(NOT(ISNUMBER(T19)),"",T19) | BC19: =IF(NOT(ISNUMBER(W19)),"",W19) | BG19: =IF(ISNUMBER(AW19),AW19,"") | BM19: =IF(OR(NOT(ISNUMBER(M19)),AND(WEEKDAY(M19,2)<>2,WEEKDAY(M19,2)<>4)),"",WORKDAY(M19,CABOffsetFromReleaseWD)) | BO19: =IF(NOT(ISNUMBER(BM19)),"",IF(WEEKDAY(BM19-CodeReviewCalendarDays,2)>5,BM19-CodeReviewCalendarDays-(WEEKDAY(BM19-CodeReviewCalendarDays,2)-5),BM19-CodeReviewCalendarDays)) | BQ19: =IF(NOT(ISNUMBER(BO19)),"",IF(WEEKDAY(BO19-CodeReviewInviteCalendarDays,2)>5,BO19-CodeReviewInviteCalendarDays-(WEEKDAY(BO19-CodeReviewInviteCalendarDays,2)-5),BO19-CodeReviewInviteCalendarDays)) | BT19: =IF(A19="","",IF(IF(AND(ISNUMBER(J19),WEEKDAY(J19,2)<>2,WEEKDAY(J19,2)<>4)," | Release must be Tuesday or Thursday","")&IF(AND(ISNUMBER(H19),WEEKDAY(H19,2)<>1)," | Sprint Start is not a Monday - dates still calculated from the date entered","")&IF(AND(A19<>"",NOT(ISNUMBER(H19)),NOT(ISNUMBER(J19)))," | Enter Sprint Start or Release Date","")&IF(AND(ISNUMBER(F19),F19<TODAY(),D19<>"Completed")," | One or more raise-by dates are in the past and not completed","")&IF(AND(ISNUMBER(K19),K19-TODAY()<SprintWarningDays,K19>=TODAY(),OR(D19="Yet to start",D19="Blocked"))," | Sprint starts in under 10 days - raise access requests now","")&IF(AND(ISNUMBER(BQ19),BR19<>"Completed",BQ19-TODAY()<CodeReviewInviteCalendarDays)," | Code Review invite should be sent at least 4 days before Code Review","")="","",MID(IF(AND(ISNUMBER(J19),WEEKDAY(J19,2)<>2,WEEKDAY(J19,2)<>4)," | Release must be Tuesday or Thursday","")&IF(AND(ISNUMBER(H19),WEEKDAY(H19,2)<>1)," | Sprint Start is not a Monday - dates still calculated from the date entered","")&IF(AND(A19<>"",NOT(ISNUMBER(H19)),NOT(ISNUMBER(J19)))," | Enter Sprint Start or Release Date","")&IF(AND(ISNUMBER(F19),F19<TODAY(),D19<>"Completed")," | One or more raise-by dates are in the past and not completed","")&IF(AND(ISNUMBER(K19),K19-TODAY()<SprintWarningDays,K19>=TODAY(),OR(D19="Yet to start",D19="Blocked"))," | Sprint starts in under 10 days - raise access requests now","")&IF(AND(ISNUMBER(BQ19),BR19<>"Completed",BQ19-TODAY()<CodeReviewInviteCalendarDays)," | Code Review invite should be sent at least 4 days before Code Review",""),4,500))) | BU19: =IF(AND(ISNUMBER(Q19),S19<>"Completed"),Q19,"") | BV19: =IF(AND(ISNUMBER(T19),V19<>"Completed"),T19,"") | BW19: =IF(AND(ISNUMBER(W19),Y19<>"Completed"),W19,"") | BX19: =IF(AND(ISNUMBER(AA19),AC19<>"Completed"),AA19,"") | BY19: =IF(AND(ISNUMBER(AG19),AI19<>"Completed"),AG19,"") | BZ19: =IF(AND(ISNUMBER(AJ19),AL19<>"Completed"),AJ19,"") | CA19: =IF(AND(ISNUMBER(AM19),AO19<>"Completed"),AM19,"") | CB19: =IF(AND(ISNUMBER(AQ19),AS19<>"Completed"),AQ19,"") | CC19: =IF(AND(ISNUMBER(AW19),AY19<>"Completed"),AW19,"") | CD19: =IF(AND(ISNUMBER(AZ19),BB19<>"Completed"),AZ19,"") | CE19: =IF(AND(ISNUMBER(BC19),BE19<>"Completed"),BC19,"") | CF19: =IF(AND(ISNUMBER(BG19),BI19<>"Completed"),BG19,"") | CG19: =IF(AND(ISNUMBER(O19),P19<>"Completed"),O19,"") | CH19: =IF(AND(ISNUMBER(BQ19),BR19<>"Completed"),BQ19,"") | CI19: =IF(AND(ISNUMBER(BO19),BP19<>"Completed"),BO19,"") | CJ19: =IF(AND(ISNUMBER(BM19),BN19<>"Completed"),BM19,"") | CK19: =IF(OR(A19="",D19="Completed"),"",IF(N(G19)>0,1/(N(G19)+ROW()/100000),IF(ISNUMBER(F19),1000+F19+ROW()/100000,TODAY()+400+ROW()/100000)))
A20: IKW | B20: Sandeep <sgodi@randomtrees.com> | C20: Sprint 18 | D20: =IF(A20="","",IF(((S20="Blocked")+(V20="Blocked")+(Y20="Blocked")+(AC20="Blocked")+(AI20="Blocked")+(AL20="Blocked")+(AO20="Blocked")+(AS20="Blocked")+(AY20="Blocked")+(BB20="Blocked")+(BE20="Blocked")+(BI20="Blocked")+(P20="Blocked")+(BN20="Blocked")+(BP20="Blocked")+(BR20="Blocked")+(BS20="Blocked"))>0,"Blocked",IF((ISNUMBER(Q20)+ISNUMBER(T20)+ISNUMBER(W20)+ISNUMBER(AA20)+ISNUMBER(AG20)+ISNUMBER(AJ20)+ISNUMBER(AM20)+ISNUMBER(AQ20)+ISNUMBER(AW20)+ISNUMBER(AZ20)+ISNUMBER(BC20)+ISNUMBER(BG20)+ISNUMBER(O20)+ISNUMBER(BM20)+ISNUMBER(BO20)+ISNUMBER(BQ20))=0,"Yet to start",IF(AND(OR(NOT(ISNUMBER(Q20)),S20="Completed"),OR(NOT(ISNUMBER(T20)),V20="Completed"),OR(NOT(ISNUMBER(W20)),Y20="Completed"),OR(NOT(ISNUMBER(AA20)),AC20="Completed"),OR(NOT(ISNUMBER(AG20)),AI20="Completed"),OR(NOT(ISNUMBER(AJ20)),AL20="Completed"),OR(NOT(ISNUMBER(AM20)),AO20="Completed"),OR(NOT(ISNUMBER(AQ20)),AS20="Completed"),OR(NOT(ISNUMBER(AW20)),AY20="Completed"),OR(NOT(ISNUMBER(AZ20)),BB20="Completed"),OR(NOT(ISNUMBER(BC20)),BE20="Completed"),OR(NOT(ISNUMBER(BG20)),BI20="Completed"),OR(NOT(ISNUMBER(O20)),P20="Completed"),OR(NOT(ISNUMBER(BM20)),BN20="Completed"),OR(NOT(ISNUMBER(BO20)),BP20="Completed"),OR(NOT(ISNUMBER(BQ20)),BR20="Completed"),BS20="Completed"),"Completed",IF(((S20="In Progress")+(V20="In Progress")+(Y20="In Progress")+(AC20="In Progress")+(AI20="In Progress")+(AL20="In Progress")+(AO20="In Progress")+(AS20="In Progress")+(AY20="In Progress")+(BB20="In Progress")+(BE20="In Progress")+(BI20="In Progress")+(P20="In Progress")+(BN20="In Progress")+(BP20="In Progress")+(BR20="In Progress")+(BS20="In Progress"))>0,"In Progress","Yet to start"))))) | E20: =IF(A20="","",IF(F20="","All complete",INDEX({"Dev R-Task","Dev OUR","Dev Service Request","Dev File R-Task","QA R-Task","QA OUR","QA Service Request","QA File R-Task","Prod R-Task","Prod OUR","Prod Service Request","Prod File R-Task","Sprint Readiness","Code Review Invite","Code Review","CAB"},MATCH(F20,BU20:CJ20,0)))) | F20: =IF(A20="","",IF(COUNT(BU20:CJ20)=0,"",MIN(BU20:CJ20))) | G20: =IF(A20="","",MAX(0,IF(AND(ISNUMBER(Q20),S20<>"Completed",Q20<TODAY()),TODAY()-Q20,0),IF(AND(ISNUMBER(T20),V20<>"Completed",T20<TODAY()),TODAY()-T20,0),IF(AND(ISNUMBER(W20),Y20<>"Completed",W20<TODAY()),TODAY()-W20,0),IF(AND(ISNUMBER(AA20),AC20<>"Completed",AA20<TODAY()),TODAY()-AA20,0),IF(AND(ISNUMBER(AG20),AI20<>"Completed",AG20<TODAY()),TODAY()-AG20,0),IF(AND(ISNUMBER(AJ20),AL20<>"Completed",AJ20<TODAY()),TODAY()-AJ20,0),IF(AND(ISNUMBER(AM20),AO20<>"Completed",AM20<TODAY()),TODAY()-AM20,0),IF(AND(ISNUMBER(AQ20),AS20<>"Completed",AQ20<TODAY()),TODAY()-AQ20,0),IF(AND(ISNUMBER(AW20),AY20<>"Completed",AW20<TODAY()),TODAY()-AW20,0),IF(AND(ISNUMBER(AZ20),BB20<>"Completed",AZ20<TODAY()),TODAY()-AZ20,0),IF(AND(ISNUMBER(BC20),BE20<>"Completed",BC20<TODAY()),TODAY()-BC20,0),IF(AND(ISNUMBER(BG20),BI20<>"Completed",BG20<TODAY()),TODAY()-BG20,0),IF(AND(ISNUMBER(O20),P20<>"Completed",O20<TODAY()),TODAY()-O20,0),IF(AND(ISNUMBER(BQ20),BR20<>"Completed",BQ20<TODAY()),TODAY()-BQ20,0),IF(AND(ISNUMBER(BO20),BP20<>"Completed",BO20<TODAY()),TODAY()-BO20,0),IF(AND(ISNUMBER(BM20),BN20<>"Completed",BM20<TODAY()),TODAY()-BM20,0))) | H20: 46246 | I20: 46259 | K20: =IF(ISNUMBER(H20),H20,IF(ISNUMBER(M20),M20-WEEKDAY(M20,2)+1-7,"")) | L20: =IF(ISNUMBER(I20),I20,IF(ISNUMBER(H20),WORKDAY(H20,SprintWorkingDays-1),IF(ISNUMBER(K20),WORKDAY(K20,SprintWorkingDays-1),""))) | M20: =IF(ISNUMBER(J20),J20,IF(ISNUMBER(I20),I20-IF(OR(WEEKDAY(I20,2)=2,WEEKDAY(I20,2)=4),0,IF(WEEKDAY(I20,2)=3,1,IF(WEEKDAY(I20,2)=1,4,WEEKDAY(I20,2)-4))),IF(ISNUMBER(H20),WORKDAY(H20,SprintWorkingDays-1)-IF(OR(WEEKDAY(WORKDAY(H20,SprintWorkingDays-1),2)=2,WEEKDAY(WORKDAY(H20,SprintWorkingDays-1),2)=4),0,IF(WEEKDAY(WORKDAY(H20,SprintWorkingDays-1),2)=3,1,IF(WEEKDAY(WORKDAY(H20,SprintWorkingDays-1),2)=1,4,WEEKDAY(WORKDAY(H20,SprintWorkingDays-1),2)-4))),""))) | N20: =IF(NOT(ISNUMBER(K20)),"",WORKDAY(K20,ReadyOffsetWD)) | O20: =IF(NOT(ISNUMBER(K20)),"",WORKDAY(K20,SprintReadinessOffsetWD)) | Q20: =IF(NOT(ISNUMBER(T20)),"",WORKDAY(T20,RTSKOffsetFromOUR_WD)) | T20: =IF(NOT(ISNUMBER(W20)),"",WORKDAY(W20,OUROffsetFromSR_WD)) | W20: =IF(NOT(ISNUMBER(K20)),"",WORKDAY(K20,SROffsetFromStartWD)) | AA20: =IF(ISNUMBER(Q20),Q20,"") | AG20: =IF(NOT(ISNUMBER(Q20)),"",Q20) | AJ20: =IF(NOT(ISNUMBER(T20)),"",T20) | AM20: =IF(NOT(ISNUMBER(W20)),"",W20) | AQ20: =IF(ISNUMBER(AG20),AG20,"") | AW20: =IF(NOT(ISNUMBER(Q20)),"",Q20) | AZ20: =IF(NOT(ISNUMBER(T20)),"",T20) | BC20: =IF(NOT(ISNUMBER(W20)),"",W20) | BG20: =IF(ISNUMBER(AW20),AW20,"") | BM20: =IF(OR(NOT(ISNUMBER(M20)),AND(WEEKDAY(M20,2)<>2,WEEKDAY(M20,2)<>4)),"",WORKDAY(M20,CABOffsetFromReleaseWD)) | BO20: =IF(NOT(ISNUMBER(BM20)),"",IF(WEEKDAY(BM20-CodeReviewCalendarDays,2)>5,BM20-CodeReviewCalendarDays-(WEEKDAY(BM20-CodeReviewCalendarDays,2)-5),BM20-CodeReviewCalendarDays)) | BQ20: =IF(NOT(ISNUMBER(BO20)),"",IF(WEEKDAY(BO20-CodeReviewInviteCalendarDays,2)>5,BO20-CodeReviewInviteCalendarDays-(WEEKDAY(BO20-CodeReviewInviteCalendarDays,2)-5),BO20-CodeReviewInviteCalendarDays)) | BT20: =IF(A20="","",IF(IF(AND(ISNUMBER(J20),WEEKDAY(J20,2)<>2,WEEKDAY(J20,2)<>4)," | Release must be Tuesday or Thursday","")&IF(AND(ISNUMBER(H20),WEEKDAY(H20,2)<>1)," | Sprint Start is not a Monday - dates still calculated from the date entered","")&IF(AND(A20<>"",NOT(ISNUMBER(H20)),NOT(ISNUMBER(J20)))," | Enter Sprint Start or Release Date","")&IF(AND(ISNUMBER(F20),F20<TODAY(),D20<>"Completed")," | One or more raise-by dates are in the past and not completed","")&IF(AND(ISNUMBER(K20),K20-TODAY()<SprintWarningDays,K20>=TODAY(),OR(D20="Yet to start",D20="Blocked"))," | Sprint starts in under 10 days - raise access requests now","")&IF(AND(ISNUMBER(BQ20),BR20<>"Completed",BQ20-TODAY()<CodeReviewInviteCalendarDays)," | Code Review invite should be sent at least 4 days before Code Review","")="","",MID(IF(AND(ISNUMBER(J20),WEEKDAY(J20,2)<>2,WEEKDAY(J20,2)<>4)," | Release must be Tuesday or Thursday","")&IF(AND(ISNUMBER(H20),WEEKDAY(H20,2)<>1)," | Sprint Start is not a Monday - dates still calculated from the date entered","")&IF(AND(A20<>"",NOT(ISNUMBER(H20)),NOT(ISNUMBER(J20)))," | Enter Sprint Start or Release Date","")&IF(AND(ISNUMBER(F20),F20<TODAY(),D20<>"Completed")," | One or more raise-by dates are in the past and not completed","")&IF(AND(ISNUMBER(K20),K20-TODAY()<SprintWarningDays,K20>=TODAY(),OR(D20="Yet to start",D20="Blocked"))," | Sprint starts in under 10 days - raise access requests now","")&IF(AND(ISNUMBER(BQ20),BR20<>"Completed",BQ20-TODAY()<CodeReviewInviteCalendarDays)," | Code Review invite should be sent at least 4 days before Code Review",""),4,500))) | BU20: =IF(AND(ISNUMBER(Q20),S20<>"Completed"),Q20,"") | BV20: =IF(AND(ISNUMBER(T20),V20<>"Completed"),T20,"") | BW20: =IF(AND(ISNUMBER(W20),Y20<>"Completed"),W20,"") | BX20: =IF(AND(ISNUMBER(AA20),AC20<>"Completed"),AA20,"") | BY20: =IF(AND(ISNUMBER(AG20),AI20<>"Completed"),AG20,"") | BZ20: =IF(AND(ISNUMBER(AJ20),AL20<>"Completed"),AJ20,"") | CA20: =IF(AND(ISNUMBER(AM20),AO20<>"Completed"),AM20,"") | CB20: =IF(AND(ISNUMBER(AQ20),AS20<>"Completed"),AQ20,"") | CC20: =IF(AND(ISNUMBER(AW20),AY20<>"Completed"),AW20,"") | CD20: =IF(AND(ISNUMBER(AZ20),BB20<>"Completed"),AZ20,"") | CE20: =IF(AND(ISNUMBER(BC20),BE20<>"Completed"),BC20,"") | CF20: =IF(AND(ISNUMBER(BG20),BI20<>"Completed"),BG20,"") | CG20: =IF(AND(ISNUMBER(O20),P20<>"Completed"),O20,"") | CH20: =IF(AND(ISNUMBER(BQ20),BR20<>"Completed"),BQ20,"") | CI20: =IF(AND(ISNUMBER(BO20),BP20<>"Completed"),BO20,"") | CJ20: =IF(AND(ISNUMBER(BM20),BN20<>"Completed"),BM20,"") | CK20: =IF(OR(A20="",D20="Completed"),"",IF(N(G20)>0,1/(N(G20)+ROW()/100000),IF(ISNUMBER(F20),1000+F20+ROW()/100000,TODAY()+400+ROW()/100000)))
A21: P2P | B21: Ragavendhar <aragavendhar@randomtrees.com> | C21: Sprint 18 | D21: =IF(A21="","",IF(((S21="Blocked")+(V21="Blocked")+(Y21="Blocked")+(AC21="Blocked")+(AI21="Blocked")+(AL21="Blocked")+(AO21="Blocked")+(AS21="Blocked")+(AY21="Blocked")+(BB21="Blocked")+(BE21="Blocked")+(BI21="Blocked")+(P21="Blocked")+(BN21="Blocked")+(BP21="Blocked")+(BR21="Blocked")+(BS21="Blocked"))>0,"Blocked",IF((ISNUMBER(Q21)+ISNUMBER(T21)+ISNUMBER(W21)+ISNUMBER(AA21)+ISNUMBER(AG21)+ISNUMBER(AJ21)+ISNUMBER(AM21)+ISNUMBER(AQ21)+ISNUMBER(AW21)+ISNUMBER(AZ21)+ISNUMBER(BC21)+ISNUMBER(BG21)+ISNUMBER(O21)+ISNUMBER(BM21)+ISNUMBER(BO21)+ISNUMBER(BQ21))=0,"Yet to start",IF(AND(OR(NOT(ISNUMBER(Q21)),S21="Completed"),OR(NOT(ISNUMBER(T21)),V21="Completed"),OR(NOT(ISNUMBER(W21)),Y21="Completed"),OR(NOT(ISNUMBER(AA21)),AC21="Completed"),OR(NOT(ISNUMBER(AG21)),AI21="Completed"),OR(NOT(ISNUMBER(AJ21)),AL21="Completed"),OR(NOT(ISNUMBER(AM21)),AO21="Completed"),OR(NOT(ISNUMBER(AQ21)),AS21="Completed"),OR(NOT(ISNUMBER(AW21)),AY21="Completed"),OR(NOT(ISNUMBER(AZ21)),BB21="Completed"),OR(NOT(ISNUMBER(BC21)),BE21="Completed"),OR(NOT(ISNUMBER(BG21)),BI21="Completed"),OR(NOT(ISNUMBER(O21)),P21="Completed"),OR(NOT(ISNUMBER(BM21)),BN21="Completed"),OR(NOT(ISNUMBER(BO21)),BP21="Completed"),OR(NOT(ISNUMBER(BQ21)),BR21="Completed"),BS21="Completed"),"Completed",IF(((S21="In Progress")+(V21="In Progress")+(Y21="In Progress")+(AC21="In Progress")+(AI21="In Progress")+(AL21="In Progress")+(AO21="In Progress")+(AS21="In Progress")+(AY21="In Progress")+(BB21="In Progress")+(BE21="In Progress")+(BI21="In Progress")+(P21="In Progress")+(BN21="In Progress")+(BP21="In Progress")+(BR21="In Progress")+(BS21="In Progress"))>0,"In Progress","Yet to start"))))) | E21: =IF(A21="","",IF(F21="","All complete",INDEX({"Dev R-Task","Dev OUR","Dev Service Request","Dev File R-Task","QA R-Task","QA OUR","QA Service Request","QA File R-Task","Prod R-Task","Prod OUR","Prod Service Request","Prod File R-Task","Sprint Readiness","Code Review Invite","Code Review","CAB"},MATCH(F21,BU21:CJ21,0)))) | F21: =IF(A21="","",IF(COUNT(BU21:CJ21)=0,"",MIN(BU21:CJ21))) | G21: =IF(A21="","",MAX(0,IF(AND(ISNUMBER(Q21),S21<>"Completed",Q21<TODAY()),TODAY()-Q21,0),IF(AND(ISNUMBER(T21),V21<>"Completed",T21<TODAY()),TODAY()-T21,0),IF(AND(ISNUMBER(W21),Y21<>"Completed",W21<TODAY()),TODAY()-W21,0),IF(AND(ISNUMBER(AA21),AC21<>"Completed",AA21<TODAY()),TODAY()-AA21,0),IF(AND(ISNUMBER(AG21),AI21<>"Completed",AG21<TODAY()),TODAY()-AG21,0),IF(AND(ISNUMBER(AJ21),AL21<>"Completed",AJ21<TODAY()),TODAY()-AJ21,0),IF(AND(ISNUMBER(AM21),AO21<>"Completed",AM21<TODAY()),TODAY()-AM21,0),IF(AND(ISNUMBER(AQ21),AS21<>"Completed",AQ21<TODAY()),TODAY()-AQ21,0),IF(AND(ISNUMBER(AW21),AY21<>"Completed",AW21<TODAY()),TODAY()-AW21,0),IF(AND(ISNUMBER(AZ21),BB21<>"Completed",AZ21<TODAY()),TODAY()-AZ21,0),IF(AND(ISNUMBER(BC21),BE21<>"Completed",BC21<TODAY()),TODAY()-BC21,0),IF(AND(ISNUMBER(BG21),BI21<>"Completed",BG21<TODAY()),TODAY()-BG21,0),IF(AND(ISNUMBER(O21),P21<>"Completed",O21<TODAY()),TODAY()-O21,0),IF(AND(ISNUMBER(BQ21),BR21<>"Completed",BQ21<TODAY()),TODAY()-BQ21,0),IF(AND(ISNUMBER(BO21),BP21<>"Completed",BO21<TODAY()),TODAY()-BO21,0),IF(AND(ISNUMBER(BM21),BN21<>"Completed",BM21<TODAY()),TODAY()-BM21,0))) | H21: 46246 | I21: 46259 | K21: =IF(ISNUMBER(H21),H21,IF(ISNUMBER(M21),M21-WEEKDAY(M21,2)+1-7,"")) | L21: =IF(ISNUMBER(I21),I21,IF(ISNUMBER(H21),WORKDAY(H21,SprintWorkingDays-1),IF(ISNUMBER(K21),WORKDAY(K21,SprintWorkingDays-1),""))) | M21: =IF(ISNUMBER(J21),J21,IF(ISNUMBER(I21),I21-IF(OR(WEEKDAY(I21,2)=2,WEEKDAY(I21,2)=4),0,IF(WEEKDAY(I21,2)=3,1,IF(WEEKDAY(I21,2)=1,4,WEEKDAY(I21,2)-4))),IF(ISNUMBER(H21),WORKDAY(H21,SprintWorkingDays-1)-IF(OR(WEEKDAY(WORKDAY(H21,SprintWorkingDays-1),2)=2,WEEKDAY(WORKDAY(H21,SprintWorkingDays-1),2)=4),0,IF(WEEKDAY(WORKDAY(H21,SprintWorkingDays-1),2)=3,1,IF(WEEKDAY(WORKDAY(H21,SprintWorkingDays-1),2)=1,4,WEEKDAY(WORKDAY(H21,SprintWorkingDays-1),2)-4))),""))) | N21: =IF(NOT(ISNUMBER(K21)),"",WORKDAY(K21,ReadyOffsetWD)) | O21: =IF(NOT(ISNUMBER(K21)),"",WORKDAY(K21,SprintReadinessOffsetWD)) | Q21: =IF(NOT(ISNUMBER(T21)),"",WORKDAY(T21,RTSKOffsetFromOUR_WD)) | T21: =IF(NOT(ISNUMBER(W21)),"",WORKDAY(W21,OUROffsetFromSR_WD)) | W21: =IF(NOT(ISNUMBER(K21)),"",WORKDAY(K21,SROffsetFromStartWD)) | AA21: =IF(ISNUMBER(Q21),Q21,"") | AG21: =IF(NOT(ISNUMBER(Q21)),"",Q21) | AJ21: =IF(NOT(ISNUMBER(T21)),"",T21) | AM21: =IF(NOT(ISNUMBER(W21)),"",W21) | AQ21: =IF(ISNUMBER(AG21),AG21,"") | AW21: =IF(NOT(ISNUMBER(Q21)),"",Q21) | AZ21: =IF(NOT(ISNUMBER(T21)),"",T21) | BC21: =IF(NOT(ISNUMBER(W21)),"",W21) | BG21: =IF(ISNUMBER(AW21),AW21,"") | BM21: =IF(OR(NOT(ISNUMBER(M21)),AND(WEEKDAY(M21,2)<>2,WEEKDAY(M21,2)<>4)),"",WORKDAY(M21,CABOffsetFromReleaseWD)) | BO21: =IF(NOT(ISNUMBER(BM21)),"",IF(WEEKDAY(BM21-CodeReviewCalendarDays,2)>5,BM21-CodeReviewCalendarDays-(WEEKDAY(BM21-CodeReviewCalendarDays,2)-5),BM21-CodeReviewCalendarDays)) | BQ21: =IF(NOT(ISNUMBER(BO21)),"",IF(WEEKDAY(BO21-CodeReviewInviteCalendarDays,2)>5,BO21-CodeReviewInviteCalendarDays-(WEEKDAY(BO21-CodeReviewInviteCalendarDays,2)-5),BO21-CodeReviewInviteCalendarDays)) | BT21: =IF(A21="","",IF(IF(AND(ISNUMBER(J21),WEEKDAY(J21,2)<>2,WEEKDAY(J21,2)<>4)," | Release must be Tuesday or Thursday","")&IF(AND(ISNUMBER(H21),WEEKDAY(H21,2)<>1)," | Sprint Start is not a Monday - dates still calculated from the date entered","")&IF(AND(A21<>"",NOT(ISNUMBER(H21)),NOT(ISNUMBER(J21)))," | Enter Sprint Start or Release Date","")&IF(AND(ISNUMBER(F21),F21<TODAY(),D21<>"Completed")," | One or more raise-by dates are in the past and not completed","")&IF(AND(ISNUMBER(K21),K21-TODAY()<SprintWarningDays,K21>=TODAY(),OR(D21="Yet to start",D21="Blocked"))," | Sprint starts in under 10 days - raise access requests now","")&IF(AND(ISNUMBER(BQ21),BR21<>"Completed",BQ21-TODAY()<CodeReviewInviteCalendarDays)," | Code Review invite should be sent at least 4 days before Code Review","")="","",MID(IF(AND(ISNUMBER(J21),WEEKDAY(J21,2)<>2,WEEKDAY(J21,2)<>4)," | Release must be Tuesday or Thursday","")&IF(AND(ISNUMBER(H21),WEEKDAY(H21,2)<>1)," | Sprint Start is not a Monday - dates still calculated from the date entered","")&IF(AND(A21<>"",NOT(ISNUMBER(H21)),NOT(ISNUMBER(J21)))," | Enter Sprint Start or Release Date","")&IF(AND(ISNUMBER(F21),F21<TODAY(),D21<>"Completed")," | One or more raise-by dates are in the past and not completed","")&IF(AND(ISNUMBER(K21),K21-TODAY()<SprintWarningDays,K21>=TODAY(),OR(D21="Yet to start",D21="Blocked"))," | Sprint starts in under 10 days - raise access requests now","")&IF(AND(ISNUMBER(BQ21),BR21<>"Completed",BQ21-TODAY()<CodeReviewInviteCalendarDays)," | Code Review invite should be sent at least 4 days before Code Review",""),4,500))) | BU21: =IF(AND(ISNUMBER(Q21),S21<>"Completed"),Q21,"") | BV21: =IF(AND(ISNUMBER(T21),V21<>"Completed"),T21,"") | BW21: =IF(AND(ISNUMBER(W21),Y21<>"Completed"),W21,"") | BX21: =IF(AND(ISNUMBER(AA21),AC21<>"Completed"),AA21,"") | BY21: =IF(AND(ISNUMBER(AG21),AI21<>"Completed"),AG21,"") | BZ21: =IF(AND(ISNUMBER(AJ21),AL21<>"Completed"),AJ21,"") | CA21: =IF(AND(ISNUMBER(AM21),AO21<>"Completed"),AM21,"") | CB21: =IF(AND(ISNUMBER(AQ21),AS21<>"Completed"),AQ21,"") | CC21: =IF(AND(ISNUMBER(AW21),AY21<>"Completed"),AW21,"") | CD21: =IF(AND(ISNUMBER(AZ21),BB21<>"Completed"),AZ21,"") | CE21: =IF(AND(ISNUMBER(BC21),BE21<>"Completed"),BC21,"") | CF21: =IF(AND(ISNUMBER(BG21),BI21<>"Completed"),BG21,"") | CG21: =IF(AND(ISNUMBER(O21),P21<>"Completed"),O21,"") | CH21: =IF(AND(ISNUMBER(BQ21),BR21<>"Completed"),BQ21,"") | CI21: =IF(AND(ISNUMBER(BO21),BP21<>"Completed"),BO21,"") | CJ21: =IF(AND(ISNUMBER(BM21),BN21<>"Completed"),BM21,"") | CK21: =IF(OR(A21="",D21="Completed"),"",IF(N(G21)>0,1/(N(G21)+ROW()/100000),IF(ISNUMBER(F21),1000+F21+ROW()/100000,TODAY()+400+ROW()/100000)))
A22: PC80 | B22: Vidhesha <vkumaran@randomtrees.com> | C22: Sprint 18 | D22: =IF(A22="","",IF(((S22="Blocked")+(V22="Blocked")+(Y22="Blocked")+(AC22="Blocked")+(AI22="Blocked")+(AL22="Blocked")+(AO22="Blocked")+(AS22="Blocked")+(AY22="Blocked")+(BB22="Blocked")+(BE22="Blocked")+(BI22="Blocked")+(P22="Blocked")+(BN22="Blocked")+(BP22="Blocked")+(BR22="Blocked")+(BS22="Blocked"))>0,"Blocked",IF((ISNUMBER(Q22)+ISNUMBER(T22)+ISNUMBER(W22)+ISNUMBER(AA22)+ISNUMBER(AG22)+ISNUMBER(AJ22)+ISNUMBER(AM22)+ISNUMBER(AQ22)+ISNUMBER(AW22)+ISNUMBER(AZ22)+ISNUMBER(BC22)+ISNUMBER(BG22)+ISNUMBER(O22)+ISNUMBER(BM22)+ISNUMBER(BO22)+ISNUMBER(BQ22))=0,"Yet to start",IF(AND(OR(NOT(ISNUMBER(Q22)),S22="Completed"),OR(NOT(ISNUMBER(T22)),V22="Completed"),OR(NOT(ISNUMBER(W22)),Y22="Completed"),OR(NOT(ISNUMBER(AA22)),AC22="Completed"),OR(NOT(ISNUMBER(AG22)),AI22="Completed"),OR(NOT(ISNUMBER(AJ22)),AL22="Completed"),OR(NOT(ISNUMBER(AM22)),AO22="Completed"),OR(NOT(ISNUMBER(AQ22)),AS22="Completed"),OR(NOT(ISNUMBER(AW22)),AY22="Completed"),OR(NOT(ISNUMBER(AZ22)),BB22="Completed"),OR(NOT(ISNUMBER(BC22)),BE22="Completed"),OR(NOT(ISNUMBER(BG22)),BI22="Completed"),OR(NOT(ISNUMBER(O22)),P22="Completed"),OR(NOT(ISNUMBER(BM22)),BN22="Completed"),OR(NOT(ISNUMBER(BO22)),BP22="Completed"),OR(NOT(ISNUMBER(BQ22)),BR22="Completed"),BS22="Completed"),"Completed",IF(((S22="In Progress")+(V22="In Progress")+(Y22="In Progress")+(AC22="In Progress")+(AI22="In Progress")+(AL22="In Progress")+(AO22="In Progress")+(AS22="In Progress")+(AY22="In Progress")+(BB22="In Progress")+(BE22="In Progress")+(BI22="In Progress")+(P22="In Progress")+(BN22="In Progress")+(BP22="In Progress")+(BR22="In Progress")+(BS22="In Progress"))>0,"In Progress","Yet to start"))))) | E22: =IF(A22="","",IF(F22="","All complete",INDEX({"Dev R-Task","Dev OUR","Dev Service Request","Dev File R-Task","QA R-Task","QA OUR","QA Service Request","QA File R-Task","Prod R-Task","Prod OUR","Prod Service Request","Prod File R-Task","Sprint Readiness","Code Review Invite","Code Review","CAB"},MATCH(F22,BU22:CJ22,0)))) | F22: =IF(A22="","",IF(COUNT(BU22:CJ22)=0,"",MIN(BU22:CJ22))) | G22: =IF(A22="","",MAX(0,IF(AND(ISNUMBER(Q22),S22<>"Completed",Q22<TODAY()),TODAY()-Q22,0),IF(AND(ISNUMBER(T22),V22<>"Completed",T22<TODAY()),TODAY()-T22,0),IF(AND(ISNUMBER(W22),Y22<>"Completed",W22<TODAY()),TODAY()-W22,0),IF(AND(ISNUMBER(AA22),AC22<>"Completed",AA22<TODAY()),TODAY()-AA22,0),IF(AND(ISNUMBER(AG22),AI22<>"Completed",AG22<TODAY()),TODAY()-AG22,0),IF(AND(ISNUMBER(AJ22),AL22<>"Completed",AJ22<TODAY()),TODAY()-AJ22,0),IF(AND(ISNUMBER(AM22),AO22<>"Completed",AM22<TODAY()),TODAY()-AM22,0),IF(AND(ISNUMBER(AQ22),AS22<>"Completed",AQ22<TODAY()),TODAY()-AQ22,0),IF(AND(ISNUMBER(AW22),AY22<>"Completed",AW22<TODAY()),TODAY()-AW22,0),IF(AND(ISNUMBER(AZ22),BB22<>"Completed",AZ22<TODAY()),TODAY()-AZ22,0),IF(AND(ISNUMBER(BC22),BE22<>"Completed",BC22<TODAY()),TODAY()-BC22,0),IF(AND(ISNUMBER(BG22),BI22<>"Completed",BG22<TODAY()),TODAY()-BG22,0),IF(AND(ISNUMBER(O22),P22<>"Completed",O22<TODAY()),TODAY()-O22,0),IF(AND(ISNUMBER(BQ22),BR22<>"Completed",BQ22<TODAY()),TODAY()-BQ22,0),IF(AND(ISNUMBER(BO22),BP22<>"Completed",BO22<TODAY()),TODAY()-BO22,0),IF(AND(ISNUMBER(BM22),BN22<>"Completed",BM22<TODAY()),TODAY()-BM22,0))) | H22: 46246 | I22: 46259 | K22: =IF(ISNUMBER(H22),H22,IF(ISNUMBER(M22),M22-WEEKDAY(M22,2)+1-7,"")) | L22: =IF(ISNUMBER(I22),I22,IF(ISNUMBER(H22),WORKDAY(H22,SprintWorkingDays-1),IF(ISNUMBER(K22),WORKDAY(K22,SprintWorkingDays-1),""))) | M22: =IF(ISNUMBER(J22),J22,IF(ISNUMBER(I22),I22-IF(OR(WEEKDAY(I22,2)=2,WEEKDAY(I22,2)=4),0,IF(WEEKDAY(I22,2)=3,1,IF(WEEKDAY(I22,2)=1,4,WEEKDAY(I22,2)-4))),IF(ISNUMBER(H22),WORKDAY(H22,SprintWorkingDays-1)-IF(OR(WEEKDAY(WORKDAY(H22,SprintWorkingDays-1),2)=2,WEEKDAY(WORKDAY(H22,SprintWorkingDays-1),2)=4),0,IF(WEEKDAY(WORKDAY(H22,SprintWorkingDays-1),2)=3,1,IF(WEEKDAY(WORKDAY(H22,SprintWorkingDays-1),2)=1,4,WEEKDAY(WORKDAY(H22,SprintWorkingDays-1),2)-4))),""))) | N22: =IF(NOT(ISNUMBER(K22)),"",WORKDAY(K22,ReadyOffsetWD)) | O22: =IF(NOT(ISNUMBER(K22)),"",WORKDAY(K22,SprintReadinessOffsetWD)) | Q22: =IF(NOT(ISNUMBER(T22)),"",WORKDAY(T22,RTSKOffsetFromOUR_WD)) | T22: =IF(NOT(ISNUMBER(W22)),"",WORKDAY(W22,OUROffsetFromSR_WD)) | W22: =IF(NOT(ISNUMBER(K22)),"",WORKDAY(K22,SROffsetFromStartWD)) | AA22: =IF(ISNUMBER(Q22),Q22,"") | AG22: =IF(NOT(ISNUMBER(Q22)),"",Q22) | AJ22: =IF(NOT(ISNUMBER(T22)),"",T22) | AM22: =IF(NOT(ISNUMBER(W22)),"",W22) | AQ22: =IF(ISNUMBER(AG22),AG22,"") | AW22: =IF(NOT(ISNUMBER(Q22)),"",Q22) | AZ22: =IF(NOT(ISNUMBER(T22)),"",T22) | BC22: =IF(NOT(ISNUMBER(W22)),"",W22) | BG22: =IF(ISNUMBER(AW22),AW22,"") | BM22: =IF(OR(NOT(ISNUMBER(M22)),AND(WEEKDAY(M22,2)<>2,WEEKDAY(M22,2)<>4)),"",WORKDAY(M22,CABOffsetFromReleaseWD)) | BO22: =IF(NOT(ISNUMBER(BM22)),"",IF(WEEKDAY(BM22-CodeReviewCalendarDays,2)>5,BM22-CodeReviewCalendarDays-(WEEKDAY(BM22-CodeReviewCalendarDays,2)-5),BM22-CodeReviewCalendarDays)) | BQ22: =IF(NOT(ISNUMBER(BO22)),"",IF(WEEKDAY(BO22-CodeReviewInviteCalendarDays,2)>5,BO22-CodeReviewInviteCalendarDays-(WEEKDAY(BO22-CodeReviewInviteCalendarDays,2)-5),BO22-CodeReviewInviteCalendarDays)) | BT22: =IF(A22="","",IF(IF(AND(ISNUMBER(J22),WEEKDAY(J22,2)<>2,WEEKDAY(J22,2)<>4)," | Release must be Tuesday or Thursday","")&IF(AND(ISNUMBER(H22),WEEKDAY(H22,2)<>1)," | Sprint Start is not a Monday - dates still calculated from the date entered","")&IF(AND(A22<>"",NOT(ISNUMBER(H22)),NOT(ISNUMBER(J22)))," | Enter Sprint Start or Release Date","")&IF(AND(ISNUMBER(F22),F22<TODAY(),D22<>"Completed")," | One or more raise-by dates are in the past and not completed","")&IF(AND(ISNUMBER(K22),K22-TODAY()<SprintWarningDays,K22>=TODAY(),OR(D22="Yet to start",D22="Blocked"))," | Sprint starts in under 10 days - raise access requests now","")&IF(AND(ISNUMBER(BQ22),BR22<>"Completed",BQ22-TODAY()<CodeReviewInviteCalendarDays)," | Code Review invite should be sent at least 4 days before Code Review","")="","",MID(IF(AND(ISNUMBER(J22),WEEKDAY(J22,2)<>2,WEEKDAY(J22,2)<>4)," | Release must be Tuesday or Thursday","")&IF(AND(ISNUMBER(H22),WEEKDAY(H22,2)<>1)," | Sprint Start is not a Monday - dates still calculated from the date entered","")&IF(AND(A22<>"",NOT(ISNUMBER(H22)),NOT(ISNUMBER(J22)))," | Enter Sprint Start or Release Date","")&IF(AND(ISNUMBER(F22),F22<TODAY(),D22<>"Completed")," | One or more raise-by dates are in the past and not completed","")&IF(AND(ISNUMBER(K22),K22-TODAY()<SprintWarningDays,K22>=TODAY(),OR(D22="Yet to start",D22="Blocked"))," | Sprint starts in under 10 days - raise access requests now","")&IF(AND(ISNUMBER(BQ22),BR22<>"Completed",BQ22-TODAY()<CodeReviewInviteCalendarDays)," | Code Review invite should be sent at least 4 days before Code Review",""),4,500))) | BU22: =IF(AND(ISNUMBER(Q22),S22<>"Completed"),Q22,"") | BV22: =IF(AND(ISNUMBER(T22),V22<>"Completed"),T22,"") | BW22: =IF(AND(ISNUMBER(W22),Y22<>"Completed"),W22,"") | BX22: =IF(AND(ISNUMBER(AA22),AC22<>"Completed"),AA22,"") | BY22: =IF(AND(ISNUMBER(AG22),AI22<>"Completed"),AG22,"") | BZ22: =IF(AND(ISNUMBER(AJ22),AL22<>"Completed"),AJ22,"") | CA22: =IF(AND(ISNUMBER(AM22),AO22<>"Completed"),AM22,"") | CB22: =IF(AND(ISNUMBER(AQ22),AS22<>"Completed"),AQ22,"") | CC22: =IF(AND(ISNUMBER(AW22),AY22<>"Completed"),AW22,"") | CD22: =IF(AND(ISNUMBER(AZ22),BB22<>"Completed"),AZ22,"") | CE22: =IF(AND(ISNUMBER(BC22),BE22<>"Completed"),BC22,"") | CF22: =IF(AND(ISNUMBER(BG22),BI22<>"Completed"),BG22,"") | CG22: =IF(AND(ISNUMBER(O22),P22<>"Completed"),O22,"") | CH22: =IF(AND(ISNUMBER(BQ22),BR22<>"Completed"),BQ22,"") | CI22: =IF(AND(ISNUMBER(BO22),BP22<>"Completed"),BO22,"") | CJ22: =IF(AND(ISNUMBER(BM22),BN22<>"Completed"),BM22,"") | CK22: =IF(OR(A22="",D22="Completed"),"",IF(N(G22)>0,1/(N(G22)+ROW()/100000),IF(ISNUMBER(F22),1000+F22+ROW()/100000,TODAY()+400+ROW()/100000)))
A23: PO80 | B23: Sharath <Skotha1@randomtrees.com> | C23: Sprint 18 | D23: =IF(A23="","",IF(((S23="Blocked")+(V23="Blocked")+(Y23="Blocked")+(AC23="Blocked")+(AI23="Blocked")+(AL23="Blocked")+(AO23="Blocked")+(AS23="Blocked")+(AY23="Blocked")+(BB23="Blocked")+(BE23="Blocked")+(BI23="Blocked")+(P23="Blocked")+(BN23="Blocked")+(BP23="Blocked")+(BR23="Blocked")+(BS23="Blocked"))>0,"Blocked",IF((ISNUMBER(Q23)+ISNUMBER(T23)+ISNUMBER(W23)+ISNUMBER(AA23)+ISNUMBER(AG23)+ISNUMBER(AJ23)+ISNUMBER(AM23)+ISNUMBER(AQ23)+ISNUMBER(AW23)+ISNUMBER(AZ23)+ISNUMBER(BC23)+ISNUMBER(BG23)+ISNUMBER(O23)+ISNUMBER(BM23)+ISNUMBER(BO23)+ISNUMBER(BQ23))=0,"Yet to start",IF(AND(OR(NOT(ISNUMBER(Q23)),S23="Completed"),OR(NOT(ISNUMBER(T23)),V23="Completed"),OR(NOT(ISNUMBER(W23)),Y23="Completed"),OR(NOT(ISNUMBER(AA23)),AC23="Completed"),OR(NOT(ISNUMBER(AG23)),AI23="Completed"),OR(NOT(ISNUMBER(AJ23)),AL23="Completed"),OR(NOT(ISNUMBER(AM23)),AO23="Completed"),OR(NOT(ISNUMBER(AQ23)),AS23="Completed"),OR(NOT(ISNUMBER(AW23)),AY23="Completed"),OR(NOT(ISNUMBER(AZ23)),BB23="Completed"),OR(NOT(ISNUMBER(BC23)),BE23="Completed"),OR(NOT(ISNUMBER(BG23)),BI23="Completed"),OR(NOT(ISNUMBER(O23)),P23="Completed"),OR(NOT(ISNUMBER(BM23)),BN23="Completed"),OR(NOT(ISNUMBER(BO23)),BP23="Completed"),OR(NOT(ISNUMBER(BQ23)),BR23="Completed"),BS23="Completed"),"Completed",IF(((S23="In Progress")+(V23="In Progress")+(Y23="In Progress")+(AC23="In Progress")+(AI23="In Progress")+(AL23="In Progress")+(AO23="In Progress")+(AS23="In Progress")+(AY23="In Progress")+(BB23="In Progress")+(BE23="In Progress")+(BI23="In Progress")+(P23="In Progress")+(BN23="In Progress")+(BP23="In Progress")+(BR23="In Progress")+(BS23="In Progress"))>0,"In Progress","Yet to start"))))) | E23: =IF(A23="","",IF(F23="","All complete",INDEX({"Dev R-Task","Dev OUR","Dev Service Request","Dev File R-Task","QA R-Task","QA OUR","QA Service Request","QA File R-Task","Prod R-Task","Prod OUR","Prod Service Request","Prod File R-Task","Sprint Readiness","Code Review Invite","Code Review","CAB"},MATCH(F23,BU23:CJ23,0)))) | F23: =IF(A23="","",IF(COUNT(BU23:CJ23)=0,"",MIN(BU23:CJ23))) | G23: =IF(A23="","",MAX(0,IF(AND(ISNUMBER(Q23),S23<>"Completed",Q23<TODAY()),TODAY()-Q23,0),IF(AND(ISNUMBER(T23),V23<>"Completed",T23<TODAY()),TODAY()-T23,0),IF(AND(ISNUMBER(W23),Y23<>"Completed",W23<TODAY()),TODAY()-W23,0),IF(AND(ISNUMBER(AA23),AC23<>"Completed",AA23<TODAY()),TODAY()-AA23,0),IF(AND(ISNUMBER(AG23),AI23<>"Completed",AG23<TODAY()),TODAY()-AG23,0),IF(AND(ISNUMBER(AJ23),AL23<>"Completed",AJ23<TODAY()),TODAY()-AJ23,0),IF(AND(ISNUMBER(AM23),AO23<>"Completed",AM23<TODAY()),TODAY()-AM23,0),IF(AND(ISNUMBER(AQ23),AS23<>"Completed",AQ23<TODAY()),TODAY()-AQ23,0),IF(AND(ISNUMBER(AW23),AY23<>"Completed",AW23<TODAY()),TODAY()-AW23,0),IF(AND(ISNUMBER(AZ23),BB23<>"Completed",AZ23<TODAY()),TODAY()-AZ23,0),IF(AND(ISNUMBER(BC23),BE23<>"Completed",BC23<TODAY()),TODAY()-BC23,0),IF(AND(ISNUMBER(BG23),BI23<>"Completed",BG23<TODAY()),TODAY()-BG23,0),IF(AND(ISNUMBER(O23),P23<>"Completed",O23<TODAY()),TODAY()-O23,0),IF(AND(ISNUMBER(BQ23),BR23<>"Completed",BQ23<TODAY()),TODAY()-BQ23,0),IF(AND(ISNUMBER(BO23),BP23<>"Completed",BO23<TODAY()),TODAY()-BO23,0),IF(AND(ISNUMBER(BM23),BN23<>"Completed",BM23<TODAY()),TODAY()-BM23,0))) | H23: 46246 | I23: 46259 | K23: =IF(ISNUMBER(H23),H23,IF(ISNUMBER(M23),M23-WEEKDAY(M23,2)+1-7,"")) | L23: =IF(ISNUMBER(I23),I23,IF(ISNUMBER(H23),WORKDAY(H23,SprintWorkingDays-1),IF(ISNUMBER(K23),WORKDAY(K23,SprintWorkingDays-1),""))) | M23: =IF(ISNUMBER(J23),J23,IF(ISNUMBER(I23),I23-IF(OR(WEEKDAY(I23,2)=2,WEEKDAY(I23,2)=4),0,IF(WEEKDAY(I23,2)=3,1,IF(WEEKDAY(I23,2)=1,4,WEEKDAY(I23,2)-4))),IF(ISNUMBER(H23),WORKDAY(H23,SprintWorkingDays-1)-IF(OR(WEEKDAY(WORKDAY(H23,SprintWorkingDays-1),2)=2,WEEKDAY(WORKDAY(H23,SprintWorkingDays-1),2)=4),0,IF(WEEKDAY(WORKDAY(H23,SprintWorkingDays-1),2)=3,1,IF(WEEKDAY(WORKDAY(H23,SprintWorkingDays-1),2)=1,4,WEEKDAY(WORKDAY(H23,SprintWorkingDays-1),2)-4))),""))) | N23: =IF(NOT(ISNUMBER(K23)),"",WORKDAY(K23,ReadyOffsetWD)) | O23: =IF(NOT(ISNUMBER(K23)),"",WORKDAY(K23,SprintReadinessOffsetWD)) | Q23: =IF(NOT(ISNUMBER(T23)),"",WORKDAY(T23,RTSKOffsetFromOUR_WD)) | T23: =IF(NOT(ISNUMBER(W23)),"",WORKDAY(W23,OUROffsetFromSR_WD)) | W23: =IF(NOT(ISNUMBER(K23)),"",WORKDAY(K23,SROffsetFromStartWD)) | AA23: =IF(ISNUMBER(Q23),Q23,"") | AG23: =IF(NOT(ISNUMBER(Q23)),"",Q23) | AJ23: =IF(NOT(ISNUMBER(T23)),"",T23) | AM23: =IF(NOT(ISNUMBER(W23)),"",W23) | AQ23: =IF(ISNUMBER(AG23),AG23,"") | AW23: =IF(NOT(ISNUMBER(Q23)),"",Q23) | AZ23: =IF(NOT(ISNUMBER(T23)),"",T23) | BC23: =IF(NOT(ISNUMBER(W23)),"",W23) | BG23: =IF(ISNUMBER(AW23),AW23,"") | BM23: =IF(OR(NOT(ISNUMBER(M23)),AND(WEEKDAY(M23,2)<>2,WEEKDAY(M23,2)<>4)),"",WORKDAY(M23,CABOffsetFromReleaseWD)) | BO23: =IF(NOT(ISNUMBER(BM23)),"",IF(WEEKDAY(BM23-CodeReviewCalendarDays,2)>5,BM23-CodeReviewCalendarDays-(WEEKDAY(BM23-CodeReviewCalendarDays,2)-5),BM23-CodeReviewCalendarDays)) | BQ23: =IF(NOT(ISNUMBER(BO23)),"",IF(WEEKDAY(BO23-CodeReviewInviteCalendarDays,2)>5,BO23-CodeReviewInviteCalendarDays-(WEEKDAY(BO23-CodeReviewInviteCalendarDays,2)-5),BO23-CodeReviewInviteCalendarDays)) | BT23: =IF(A23="","",IF(IF(AND(ISNUMBER(J23),WEEKDAY(J23,2)<>2,WEEKDAY(J23,2)<>4)," | Release must be Tuesday or Thursday","")&IF(AND(ISNUMBER(H23),WEEKDAY(H23,2)<>1)," | Sprint Start is not a Monday - dates still calculated from the date entered","")&IF(AND(A23<>"",NOT(ISNUMBER(H23)),NOT(ISNUMBER(J23)))," | Enter Sprint Start or Release Date","")&IF(AND(ISNUMBER(F23),F23<TODAY(),D23<>"Completed")," | One or more raise-by dates are in the past and not completed","")&IF(AND(ISNUMBER(K23),K23-TODAY()<SprintWarningDays,K23>=TODAY(),OR(D23="Yet to start",D23="Blocked"))," | Sprint starts in under 10 days - raise access requests now","")&IF(AND(ISNUMBER(BQ23),BR23<>"Completed",BQ23-TODAY()<CodeReviewInviteCalendarDays)," | Code Review invite should be sent at least 4 days before Code Review","")="","",MID(IF(AND(ISNUMBER(J23),WEEKDAY(J23,2)<>2,WEEKDAY(J23,2)<>4)," | Release must be Tuesday or Thursday","")&IF(AND(ISNUMBER(H23),WEEKDAY(H23,2)<>1)," | Sprint Start is not a Monday - dates still calculated from the date entered","")&IF(AND(A23<>"",NOT(ISNUMBER(H23)),NOT(ISNUMBER(J23)))," | Enter Sprint Start or Release Date","")&IF(AND(ISNUMBER(F23),F23<TODAY(),D23<>"Completed")," | One or more raise-by dates are in the past and not completed","")&IF(AND(ISNUMBER(K23),K23-TODAY()<SprintWarningDays,K23>=TODAY(),OR(D23="Yet to start",D23="Blocked"))," | Sprint starts in under 10 days - raise access requests now","")&IF(AND(ISNUMBER(BQ23),BR23<>"Completed",BQ23-TODAY()<CodeReviewInviteCalendarDays)," | Code Review invite should be sent at least 4 days before Code Review",""),4,500))) | BU23: =IF(AND(ISNUMBER(Q23),S23<>"Completed"),Q23,"") | BV23: =IF(AND(ISNUMBER(T23),V23<>"Completed"),T23,"") | BW23: =IF(AND(ISNUMBER(W23),Y23<>"Completed"),W23,"") | BX23: =IF(AND(ISNUMBER(AA23),AC23<>"Completed"),AA23,"") | BY23: =IF(AND(ISNUMBER(AG23),AI23<>"Completed"),AG23,"") | BZ23: =IF(AND(ISNUMBER(AJ23),AL23<>"Completed"),AJ23,"") | CA23: =IF(AND(ISNUMBER(AM23),AO23<>"Completed"),AM23,"") | CB23: =IF(AND(ISNUMBER(AQ23),AS23<>"Completed"),AQ23,"") | CC23: =IF(AND(ISNUMBER(AW23),AY23<>"Completed"),AW23,"") | CD23: =IF(AND(ISNUMBER(AZ23),BB23<>"Completed"),AZ23,"") | CE23: =IF(AND(ISNUMBER(BC23),BE23<>"Completed"),BC23,"") | CF23: =IF(AND(ISNUMBER(BG23),BI23<>"Completed"),BG23,"") | CG23: =IF(AND(ISNUMBER(O23),P23<>"Completed"),O23,"") | CH23: =IF(AND(ISNUMBER(BQ23),BR23<>"Completed"),BQ23,"") | CI23: =IF(AND(ISNUMBER(BO23),BP23<>"Completed"),BO23,"") | CJ23: =IF(AND(ISNUMBER(BM23),BN23<>"Completed"),BM23,"") | CK23: =IF(OR(A23="",D23="Completed"),"",IF(N(G23)>0,1/(N(G23)+ROW()/100000),IF(ISNUMBER(F23),1000+F23+ROW()/100000,TODAY()+400+ROW()/100000)))
