Workbook
Name CABOffsetFromReleaseWD: Config!$B$8
Name CodeReviewCalendarDays: Config!$B$9
Name CodeReviewInviteCalendarDays: Config!$B$10
Name FileTypeList: Config!$G$3:$G$13
Name FrequencyList: Config!$H$3:$H$10
Name IAMList: Config!$I$3:$I$5
Name OUROffsetFromSR_WD: Config!$B$6
Name ReadyOffsetWD: Config!$B$4
Name RTSKOffsetFromOUR_WD: Config!$B$7
Name SprintCalendar: Sprints!$A$2:$C$12
Name SprintReadinessOffsetWD: Config!$B$15
Name SprintWarningDays: Config!$B$13
Name SprintWorkingDays: Config!$B$3
Name SROffsetFromStartWD: Config!$B$5
Name StatusList: Config!$E$3:$E$8
Name YesNoList: Config!$J$3:$J$4

Sheet Dashboard
B1: Application access & release tracker | I1: Formulas only. Update yellow cells on Tracker. Sheet is locked.
B2: As of | C2: =TODAY() -> 46255 | E2: KPIs use current Tracker columns (File Type Z / Frequency AF shared). TBD is separate from N/A. Reopen/recalc if numbers look stale.
B4: Applications | D4: Overdue tickets | F4: Blocked | I4: Due in 7 days | K4: In progress | M4: Fully ready | O4: overdue (days) | Q4: Raised on time
B5: =COUNTA(Tracker!A3:A100) -> 43 | D5: =SUMPRODUCT((Tracker!$A$3:$A$100<>"")*(Tracker!$S$3:$S$100<>"Completed")*(Tracker!$S$3:$S$100<>"N/A")*(ISNUMBER(Tracker!$Q$3:$Q$100))*(N(Tracker!$Q$3:$Q$100)<TODAY()))+SUMPRODUCT((Tracker!$A$3:$A$100<>"")*(Tracker!$V$3:$V$100<>"Completed")*(Tracker!$V$3:$V$100<>"N/A")*(ISNUMBER(Tracker!$T$3:$T$100))*(N(Tracker!$T$3:$T$100)<TODAY()))+SUMPRODUCT((Tracker!$A$3:$A$100<>"")*(Tracker!$Y$3:$Y$100<>"Completed")*(Tracker!$Y$3:$Y$100<>"N/A")*(ISNUMBER(Tracker!$W$3:$W$100))*(N(Tracker!$W$3:$W$100)<TODAY()))+SUMPRODUCT((Tracker!$A$3:$A$100<>"")*(Tracker!$AC$3:$AC$100<>"Completed")*(Tracker!$AC$3:$AC$100<>"N/A")*(ISNUMBER(Tracker!$AA$3:$AA$100))*(N(Tracker!$AA$3:$AA$100)<TODAY()))+SUMPRODUCT((Tracker!$A$3:$A$100<>"")*(Tracker!$AI$3:$AI$100<>"Completed")*(Tracker!$AI$3:$AI$100<>"N/A")*(ISNUMBER(Tracker!$AG$3:$AG$100))*(N(Tracker!$AG$3:$AG$100)<TODAY()))+SUMPRODUCT((Tracker!$A$3:$A$100<>"")*(Tracker!$AL$3:$AL$100<>"Completed")*(Tracker!$AL$3:$AL$100<>"N/A")*(ISNUMBER(Tracker!$AJ$3:$AJ$100))*(N(Tracker!$AJ$3:$AJ$100)<TODAY()))+SUMPRODUCT((Tracker!$A$3:$A$100<>"")*(Tracker!$AO$3:$AO$100<>"Completed")*(Tracker!$AO$3:$AO$100<>"N/A")*(ISNUMBER(Tracker!$AM$3:$AM$100))*(N(Tracker!$AM$3:$AM$100)<TODAY()))+SUMPRODUCT((Tracker!$A$3:$A$100<>"")*(Tracker!$AR$3:$AR$100<>"Completed")*(Tracker!$AR$3:$AR$100<>"N/A")*(ISNUMBER(Tracker!$AP$3:$AP$100))*(N(Tracker!$AP$3:$AP$100)<TODAY()))+SUMPRODUCT((Tracker!$A$3:$A$100<>"")*(Tracker!$AW$3:$AW$100<>"Completed")*(Tracker!$AW$3:$AW$100<>"N/A")*(ISNUMBER(Tracker!$AU$3:$AU$100))*(N(Tracker!$AU$3:$AU$100)<TODAY()))+SUMPRODUCT((Tracker!$A$3:$A$100<>"")*(Tracker!$AZ$3:$AZ$100<>"Completed")*(Tracker!$AZ$3:$AZ$100<>"N/A")*(ISNUMBER(Tracker!$AX$3:$AX$100))*(N(Tracker!$AX$3:$AX$100)<TODAY()))+SUMPRODUCT((Tracker!$A$3:$A$100<>"")*(Tracker!$BC$3:$BC$100<>"Completed")*(Tracker!$BC$3:$BC$100<>"N/A")*(ISNUMBER(Tracker!$BA$3:$BA$100))*(N(Tracker!$BA$3:$BA$100)<TODAY()))+SUMPRODUCT((Tracker!$A$3:$A$100<>"")*(Tracker!$BF$3:$BF$100<>"Completed")*(Tracker!$BF$3:$BF$100<>"N/A")*(ISNUMBER(Tracker!$BD$3:$BD$100))*(N(Tracker!$BD$3:$BD$100)<TODAY()))+SUMPRODUCT((Tracker!$A$3:$A$100<>"")*(Tracker!$P$3:$P$100<>"Completed")*(Tracker!$P$3:$P$100<>"N/A")*(ISNUMBER(Tracker!$O$3:$O$100))*(N(Tracker!$O$3:$O$100)<TODAY()))+SUMPRODUCT((Tracker!$A$3:$A$100<>"")*(Tracker!$BJ$3:$BJ$100<>"Completed")*(Tracker!$BJ$3:$BJ$100<>"N/A")*(ISNUMBER(Tracker!$BI$3:$BI$100))*(N(Tracker!$BI$3:$BI$100)<TODAY()))+SUMPRODUCT((Tracker!$A$3:$A$100<>"")*(Tracker!$BL$3:$BL$100<>"Completed")*(Tracker!$BL$3:$BL$100<>"N/A")*(ISNUMBER(Tracker!$BK$3:$BK$100))*(N(Tracker!$BK$3:$BK$100)<TODAY()))+SUMPRODUCT((Tracker!$A$3:$A$100<>"")*(Tracker!$BN$3:$BN$100<>"Completed")*(Tracker!$BN$3:$BN$100<>"N/A")*(ISNUMBER(Tracker!$BM$3:$BM$100))*(N(Tracker!$BM$3:$BM$100)<TODAY())) -> 205 | F5: =SUMPRODUCT((Tracker!$A$3:$A$100<>"")*(ISNUMBER(Tracker!$Q$3:$Q$100))*(Tracker!$S$3:$S$100="Blocked"))+SUMPRODUCT((Tracker!$A$3:$A$100<>"")*(ISNUMBER(Tracker!$T$3:$T$100))*(Tracker!$V$3:$V$100="Blocked"))+SUMPRODUCT((Tracker!$A$3:$A$100<>"")*(ISNUMBER(Tracker!$W$3:$W$100))*(Tracker!$Y$3:$Y$100="Blocked"))+SUMPRODUCT((Tracker!$A$3:$A$100<>"")*(ISNUMBER(Tracker!$AA$3:$AA$100))*(Tracker!$AC$3:$AC$100="Blocked"))+SUMPRODUCT((Tracker!$A$3:$A$100<>"")*(ISNUMBER(Tracker!$AG$3:$AG$100))*(Tracker!$AI$3:$AI$100="Blocked"))+SUMPRODUCT((Tracker!$A$3:$A$100<>"")*(ISNUMBER(Tracker!$AJ$3:$AJ$100))*(Tracker!$AL$3:$AL$100="Blocked"))+SUMPRODUCT((Tracker!$A$3:$A$100<>"")*(ISNUMBER(Tracker!$AM$3:$AM$100))*(Tracker!$AO$3:$AO$100="Blocked"))+SUMPRODUCT((Tracker!$A$3:$A$100<>"")*(ISNUMBER(Tracker!$AP$3:$AP$100))*(Tracker!$AR$3:$AR$100="Blocked"))+SUMPRODUCT((Tracker!$A$3:$A$100<>"")*(ISNUMBER(Tracker!$AU$3:$AU$100))*(Tracker!$AW$3:$AW$100="Blocked"))+SUMPRODUCT((Tracker!$A$3:$A$100<>"")*(ISNUMBER(Tracker!$AX$3:$AX$100))*(Tracker!$AZ$3:$AZ$100="Blocked"))+SUMPRODUCT((Tracker!$A$3:$A$100<>"")*(ISNUMBER(Tracker!$BA$3:$BA$100))*(Tracker!$BC$3:$BC$100="Blocked"))+SUMPRODUCT((Tracker!$A$3:$A$100<>"")*(ISNUMBER(Tracker!$BD$3:$BD$100))*(Tracker!$BF$3:$BF$100="Blocked"))+SUMPRODUCT((Tracker!$A$3:$A$100<>"")*(ISNUMBER(Tracker!$O$3:$O$100))*(Tracker!$P$3:$P$100="Blocked"))+SUMPRODUCT((Tracker!$A$3:$A$100<>"")*(ISNUMBER(Tracker!$BI$3:$BI$100))*(Tracker!$BJ$3:$BJ$100="Blocked"))+SUMPRODUCT((Tracker!$A$3:$A$100<>"")*(ISNUMBER(Tracker!$BK$3:$BK$100))*(Tracker!$BL$3:$BL$100="Blocked"))+SUMPRODUCT((Tracker!$A$3:$A$100<>"")*(ISNUMBER(Tracker!$BM$3:$BM$100))*(Tracker!$BN$3:$BN$100="Blocked")) -> 0 | I5: =SUMPRODUCT((Tracker!$A$3:$A$100<>"")*(Tracker!$S$3:$S$100<>"Completed")*(Tracker!$S$3:$S$100<>"N/A")*(ISNUMBER(Tracker!$Q$3:$Q$100))*(N(Tracker!$Q$3:$Q$100)>=TODAY())*(N(Tracker!$Q$3:$Q$100)<=TODAY()+7))+SUMPRODUCT((Tracker!$A$3:$A$100<>"")*(Tracker!$V$3:$V$100<>"Completed")*(Tracker!$V$3:$V$100<>"N/A")*(ISNUMBER(Tracker!$T$3:$T$100))*(N(Tracker!$T$3:$T$100)>=TODAY())*(N(Tracker!$T$3:$T$100)<=TODAY()+7))+SUMPRODUCT((Tracker!$A$3:$A$100<>"")*(Tracker!$Y$3:$Y$100<>"Completed")*(Tracker!$Y$3:$Y$100<>"N/A")*(ISNUMBER(Tracker!$W$3:$W$100))*(N(Tracker!$W$3:$W$100)>=TODAY())*(N(Tracker!$W$3:$W$100)<=TODAY()+7))+SUMPRODUCT((Tracker!$A$3:$A$100<>"")*(Tracker!$AC$3:$AC$100<>"Completed")*(Tracker!$AC$3:$AC$100<>"N/A")*(ISNUMBER(Tracker!$AA$3:$AA$100))*(N(Tracker!$AA$3:$AA$100)>=TODAY())*(N(Tracker!$AA$3:$AA$100)<=TODAY()+7))+SUMPRODUCT((Tracker!$A$3:$A$100<>"")*(Tracker!$AI$3:$AI$100<>"Completed")*(Tracker!$AI$3:$AI$100<>"N/A")*(ISNUMBER(Tracker!$AG$3:$AG$100))*(N(Tracker!$AG$3:$AG$100)>=TODAY())*(N(Tracker!$AG$3:$AG$100)<=TODAY()+7))+SUMPRODUCT((Tracker!$A$3:$A$100<>"")*(Tracker!$AL$3:$AL$100<>"Completed")*(Tracker!$AL$3:$AL$100<>"N/A")*(ISNUMBER(Tracker!$AJ$3:$AJ$100))*(N(Tracker!$AJ$3:$AJ$100)>=TODAY())*(N(Tracker!$AJ$3:$AJ$100)<=TODAY()+7))+SUMPRODUCT((Tracker!$A$3:$A$100<>"")*(Tracker!$AO$3:$AO$100<>"Completed")*(Tracker!$AO$3:$AO$100<>"N/A")*(ISNUMBER(Tracker!$AM$3:$AM$100))*(N(Tracker!$AM$3:$AM$100)>=TODAY())*(N(Tracker!$AM$3:$AM$100)<=TODAY()+7))+SUMPRODUCT((Tracker!$A$3:$A$100<>"")*(Tracker!$AR$3:$AR$100<>"Completed")*(Tracker!$AR$3:$AR$100<>"N/A")*(ISNUMBER(Tracker!$AP$3:$AP$100))*(N(Tracker!$AP$3:$AP$100)>=TODAY())*(N(Tracker!$AP$3:$AP$100)<=TODAY()+7))+SUMPRODUCT((Tracker!$A$3:$A$100<>"")*(Tracker!$AW$3:$AW$100<>"Completed")*(Tracker!$AW$3:$AW$100<>"N/A")*(ISNUMBER(Tracker!$AU$3:$AU$100))*(N(Tracker!$AU$3:$AU$100)>=TODAY())*(N(Tracker!$AU$3:$AU$100)<=TODAY()+7))+SUMPRODUCT((Tracker!$A$3:$A$100<>"")*(Tracker!$AZ$3:$AZ$100<>"Completed")*(Tracker!$AZ$3:$AZ$100<>"N/A")*(ISNUMBER(Tracker!$AX$3:$AX$100))*(N(Tracker!$AX$3:$AX$100)>=TODAY())*(N(Tracker!$AX$3:$AX$100)<=TODAY()+7))+SUMPRODUCT((Tracker!$A$3:$A$100<>"")*(Tracker!$BC$3:$BC$100<>"Completed")*(Tracker!$BC$3:$BC$100<>"N/A")*(ISNUMBER(Tracker!$BA$3:$BA$100))*(N(Tracker!$BA$3:$BA$100)>=TODAY())*(N(Tracker!$BA$3:$BA$100)<=TODAY()+7))+SUMPRODUCT((Tracker!$A$3:$A$100<>"")*(Tracker!$BF$3:$BF$100<>"Completed")*(Tracker!$BF$3:$BF$100<>"N/A")*(ISNUMBER(Tracker!$BD$3:$BD$100))*(N(Tracker!$BD$3:$BD$100)>=TODAY())*(N(Tracker!$BD$3:$BD$100)<=TODAY()+7))+SUMPRODUCT((Tracker!$A$3:$A$100<>"")*(Tracker!$P$3:$P$100<>"Completed")*(Tracker!$P$3:$P$100<>"N/A")*(ISNUMBER(Tracker!$O$3:$O$100))*(N(Tracker!$O$3:$O$100)>=TODAY())*(N(Tracker!$O$3:$O$100)<=TODAY()+7))+SUMPRODUCT((Tracker!$A$3:$A$100<>"")*(Tracker!$BJ$3:$BJ$100<>"Completed")*(Tracker!$BJ$3:$BJ$100<>"N/A")*(ISNUMBER(Tracker!$BI$3:$BI$100))*(N(Tracker!$BI$3:$BI$100)>=TODAY())*(N(Tracker!$BI$3:$BI$100)<=TODAY()+7))+SUMPRODUCT((Tracker!$A$3:$A$100<>"")*(Tracker!$BL$3:$BL$100<>"Completed")*(Tracker!$BL$3:$BL$100<>"N/A")*(ISNUMBER(Tracker!$BK$3:$BK$100))*(N(Tracker!$BK$3:$BK$100)>=TODAY())*(N(Tracker!$BK$3:$BK$100)<=TODAY()+7))+SUMPRODUCT((Tracker!$A$3:$A$100<>"")*(Tracker!$BN$3:$BN$100<>"Completed")*(Tracker!$BN$3:$BN$100<>"N/A")*(ISNUMBER(Tracker!$BM$3:$BM$100))*(N(Tracker!$BM$3:$BM$100)>=TODAY())*(N(Tracker!$BM$3:$BM$100)<=TODAY()+7)) -> 0 | K5: =SUMPRODUCT((Tracker!$A$3:$A$100<>"")*(ISNUMBER(Tracker!$Q$3:$Q$100))*(Tracker!$S$3:$S$100="In Progress"))+SUMPRODUCT((Tracker!$A$3:$A$100<>"")*(ISNUMBER(Tracker!$T$3:$T$100))*(Tracker!$V$3:$V$100="In Progress"))+SUMPRODUCT((Tracker!$A$3:$A$100<>"")*(ISNUMBER(Tracker!$W$3:$W$100))*(Tracker!$Y$3:$Y$100="In Progress"))+SUMPRODUCT((Tracker!$A$3:$A$100<>"")*(ISNUMBER(Tracker!$AA$3:$AA$100))*(Tracker!$AC$3:$AC$100="In Progress"))+SUMPRODUCT((Tracker!$A$3:$A$100<>"")*(ISNUMBER(Tracker!$AG$3:$AG$100))*(Tracker!$AI$3:$AI$100="In Progress"))+SUMPRODUCT((Tracker!$A$3:$A$100<>"")*(ISNUMBER(Tracker!$AJ$3:$AJ$100))*(Tracker!$AL$3:$AL$100="In Progress"))+SUMPRODUCT((Tracker!$A$3:$A$100<>"")*(ISNUMBER(Tracker!$AM$3:$AM$100))*(Tracker!$AO$3:$AO$100="In Progress"))+SUMPRODUCT((Tracker!$A$3:$A$100<>"")*(ISNUMBER(Tracker!$AP$3:$AP$100))*(Tracker!$AR$3:$AR$100="In Progress"))+SUMPRODUCT((Tracker!$A$3:$A$100<>"")*(ISNUMBER(Tracker!$AU$3:$AU$100))*(Tracker!$AW$3:$AW$100="In Progress"))+SUMPRODUCT((Tracker!$A$3:$A$100<>"")*(ISNUMBER(Tracker!$AX$3:$AX$100))*(Tracker!$AZ$3:$AZ$100="In Progress"))+SUMPRODUCT((Tracker!$A$3:$A$100<>"")*(ISNUMBER(Tracker!$BA$3:$BA$100))*(Tracker!$BC$3:$BC$100="In Progress"))+SUMPRODUCT((Tracker!$A$3:$A$100<>"")*(ISNUMBER(Tracker!$BD$3:$BD$100))*(Tracker!$BF$3:$BF$100="In Progress"))+SUMPRODUCT((Tracker!$A$3:$A$100<>"")*(ISNUMBER(Tracker!$O$3:$O$100))*(Tracker!$P$3:$P$100="In Progress"))+SUMPRODUCT((Tracker!$A$3:$A$100<>"")*(ISNUMBER(Tracker!$BI$3:$BI$100))*(Tracker!$BJ$3:$BJ$100="In Progress"))+SUMPRODUCT((Tracker!$A$3:$A$100<>"")*(ISNUMBER(Tracker!$BK$3:$BK$100))*(Tracker!$BL$3:$BL$100="In Progress"))+SUMPRODUCT((Tracker!$A$3:$A$100<>"")*(ISNUMBER(Tracker!$BM$3:$BM$100))*(Tracker!$BN$3:$BN$100="In Progress")) -> 24 | M5: =COUNTIF(Tracker!D3:D100,"Completed") -> 0 | O5: =IFERROR(MAX(Tracker!G3:G100),0) -> 35 | Q5: =SUMPRODUCT((Tracker!$A$3:$A$100<>"")*(ISNUMBER(Tracker!$Q$3:$Q$100))*(ISNUMBER(Tracker!$R$3:$R$100))*(N(Tracker!$R$3:$R$100)<=N(Tracker!$Q$3:$Q$100)))+SUMPRODUCT((Tracker!$A$3:$A$100<>"")*(ISNUMBER(Tracker!$T$3:$T$100))*(ISNUMBER(Tracker!$U$3:$U$100))*(N(Tracker!$U$3:$U$100)<=N(Tracker!$T$3:$T$100)))+SUMPRODUCT((Tracker!$A$3:$A$100<>"")*(ISNUMBER(Tracker!$W$3:$W$100))*(ISNUMBER(Tracker!$X$3:$X$100))*(N(Tracker!$X$3:$X$100)<=N(Tracker!$W$3:$W$100)))+SUMPRODUCT((Tracker!$A$3:$A$100<>"")*(ISNUMBER(Tracker!$AA$3:$AA$100))*(ISNUMBER(Tracker!$AB$3:$AB$100))*(N(Tracker!$AB$3:$AB$100)<=N(Tracker!$AA$3:$AA$100)))+SUMPRODUCT((Tracker!$A$3:$A$100<>"")*(ISNUMBER(Tracker!$AG$3:$AG$100))*(ISNUMBER(Tracker!$AH$3:$AH$100))*(N(Tracker!$AH$3:$AH$100)<=N(Tracker!$AG$3:$AG$100)))+SUMPRODUCT((Tracker!$A$3:$A$100<>"")*(ISNUMBER(Tracker!$AJ$3:$AJ$100))*(ISNUMBER(Tracker!$AK$3:$AK$100))*(N(Tracker!$AK$3:$AK$100)<=N(Tracker!$AJ$3:$AJ$100)))+SUMPRODUCT((Tracker!$A$3:$A$100<>"")*(ISNUMBER(Tracker!$AM$3:$AM$100))*(ISNUMBER(Tracker!$AN$3:$AN$100))*(N(Tracker!$AN$3:$AN$100)<=N(Tracker!$AM$3:$AM$100)))+SUMPRODUCT((Tracker!$A$3:$A$100<>"")*(ISNUMBER(Tracker!$AQ$3:$AQ$100))*(ISNUMBER(Tracker!$AR$3:$AR$100))*(N(Tracker!$AR$3:$AR$100)<=N(Tracker!$AQ$3:$AQ$100)))+SUMPRODUCT((Tracker!$A$3:$A$100<>"")*(ISNUMBER(Tracker!$AW$3:$AW$100))*(ISNUMBER(Tracker!$AX$3:$AX$100))*(N(Tracker!$AX$3:$AX$100)<=N(Tracker!$AW$3:$AW$100)))+SUMPRODUCT((Tracker!$A$3:$A$100<>"")*(ISNUMBER(Tracker!$AZ$3:$AZ$100))*(ISNUMBER(Tracker!$BA$3:$BA$100))*(N(Tracker!$BA$3:$BA$100)<=N(Tracker!$AZ$3:$AZ$100)))+SUMPRODUCT((Tracker!$A$3:$A$100<>"")*(ISNUMBER(Tracker!$BC$3:$BC$100))*(ISNUMBER(Tracker!$BD$3:$BD$100))*(N(Tracker!$BD$3:$BD$100)<=N(Tracker!$BC$3:$BC$100)))+SUMPRODUCT((Tracker!$A$3:$A$100<>"")*(ISNUMBER(Tracker!$BG$3:$BG$100))*(ISNUMBER(Tracker!$BH$3:$BH$100))*(N(Tracker!$BH$3:$BH$100)<=N(Tracker!$BG$3:$BG$100))) -> 100
B6: Apps with a name filled | D6: Date in the past and status not Completed | F6: Requests marked Blocked | I6: Raise-by in the next week, not Completed | K6: Tickets marked In Progress | M6: Every dated request Completed | O6: Days past raise-by among open requests. Increases daily until Completed. | Q6: Requests with Raised On filled on or before the raise-by date.
B8: Apps overdue - worst first (days overdue keeps increasing until Completed) | I8: Where work is stuck - by request type
B9: Application | C9: Sprint | D9: Overall Status | E9: Next Action | F9: Next Action Date | G9: Days overdue | I9: Request type | J9: Overdue | K9: Due in 7 days | L9: Blocked | M9: In Progress | N9: Pending | O9: Completed | P9: Overdue bar
B10: =IFERROR(INDEX(Tracker!$A$3:$A$100, MATCH(_xlfn.SINGLE(_xlfn.AGGREGATE(15, 6, Tracker!$CG$3:$CG$100, 1)), Tracker!$CG$3:$CG$100, 0)), "") -> Ecosys | C10: =IF(B10 = "", "", IFERROR(INDEX(Tracker!$C$3:$C$100, MATCH(_xlfn.SINGLE(_xlfn.AGGREGATE(15, 6, Tracker!$CG$3:$CG$100, 1)), Tracker!$CG$3:$CG$100, 0)), "")) -> Sprint 17 | D10: =IF(B10 = "", "", IFERROR(INDEX(Tracker!$D$3:$D$100, MATCH(_xlfn.SINGLE(_xlfn.AGGREGATE(15, 6, Tracker!$CG$3:$CG$100, 1)), Tracker!$CG$3:$CG$100, 0)), "")) -> In Progress | E10: =IF(B10 = "", "", IFERROR(INDEX(Tracker!$E$3:$E$100, MATCH(_xlfn.SINGLE(_xlfn.AGGREGATE(15, 6, Tracker!$CG$3:$CG$100, 1)), Tracker!$CG$3:$CG$100, 0)), "")) -> Dev File R-Task | F10: =IF(B10 = "", "", IFERROR(INDEX(Tracker!$F$3:$F$100, MATCH(_xlfn.SINGLE(_xlfn.AGGREGATE(15, 6, Tracker!$CG$3:$CG$100, 1)), Tracker!$CG$3:$CG$100, 0)), "")) -> 46220 | G10: =IF(B10 = "", "", IFERROR(INDEX(Tracker!$G$3:$G$100, MATCH(_xlfn.SINGLE(_xlfn.AGGREGATE(15, 6, Tracker!$CG$3:$CG$100, 1)), Tracker!$CG$3:$CG$100, 0)), "")) -> 35 | I10: Dev R-Task | J10: =SUMPRODUCT((Tracker!$A$3:$A$100<>"")*(Tracker!$S$3:$S$100<>"Completed")*(Tracker!$S$3:$S$100<>"N/A")*(ISNUMBER(Tracker!$Q$3:$Q$100))*(N(Tracker!$Q$3:$Q$100)<TODAY())) -> 10 | K10: =SUMPRODUCT((Tracker!$A$3:$A$100<>"")*(Tracker!$S$3:$S$100<>"Completed")*(Tracker!$S$3:$S$100<>"N/A")*(ISNUMBER(Tracker!$Q$3:$Q$100))*(N(Tracker!$Q$3:$Q$100)>=TODAY())*(N(Tracker!$Q$3:$Q$100)<=TODAY()+7)) -> 0 | L10: =SUMPRODUCT((Tracker!$A$3:$A$100<>"")*(ISNUMBER(Tracker!$Q$3:$Q$100))*(Tracker!$S$3:$S$100="Blocked")) -> 0 | M10: =SUMPRODUCT((Tracker!$A$3:$A$100<>"")*(ISNUMBER(Tracker!$Q$3:$Q$100))*(Tracker!$S$3:$S$100="In Progress")) -> 0 | N10: =SUMPRODUCT((Tracker!$A$3:$A$100<>"")*(ISNUMBER(Tracker!$M$3:$M$100))*(Tracker!$N$3:$N$100<>"Completed")*(Tracker!$N$3:$N$100<>"Blocked")*(Tracker!$N$3:$N$100<>"In Progress")) -> 43 | O10: =SUMPRODUCT((Tracker!$A$3:$A$100<>"")*(ISNUMBER(Tracker!$M$3:$M$100))*(Tracker!$N$3:$N$100="Completed")) -> 0 | P10: =IF(N(J10)<=0,"",REPT("|",MIN(N(J10),25))) -> ||||||||||
B11: =IFERROR(INDEX(Tracker!$A$3:$A$100, MATCH(_xlfn.SINGLE(_xlfn.AGGREGATE(15, 6, Tracker!$CG$3:$CG$100, 2)), Tracker!$CG$3:$CG$100, 0)), "") -> ALLOCATIONS | C11: =IF(B11 = "", "", IFERROR(INDEX(Tracker!$C$3:$C$100, MATCH(_xlfn.SINGLE(_xlfn.AGGREGATE(15, 6, Tracker!$CG$3:$CG$100, 2)), Tracker!$CG$3:$CG$100, 0)), "")) -> Sprint 17 | D11: =IF(B11 = "", "", IFERROR(INDEX(Tracker!$D$3:$D$100, MATCH(_xlfn.SINGLE(_xlfn.AGGREGATE(15, 6, Tracker!$CG$3:$CG$100, 2)), Tracker!$CG$3:$CG$100, 0)), "")) -> In Progress | E11: =IF(B11 = "", "", IFERROR(INDEX(Tracker!$E$3:$E$100, MATCH(_xlfn.SINGLE(_xlfn.AGGREGATE(15, 6, Tracker!$CG$3:$CG$100, 2)), Tracker!$CG$3:$CG$100, 0)), "")) -> Dev R-Task | F11: =IF(B11 = "", "", IFERROR(INDEX(Tracker!$F$3:$F$100, MATCH(_xlfn.SINGLE(_xlfn.AGGREGATE(15, 6, Tracker!$CG$3:$CG$100, 2)), Tracker!$CG$3:$CG$100, 0)), "")) -> 46220 | G11: =IF(B11 = "", "", IFERROR(INDEX(Tracker!$G$3:$G$100, MATCH(_xlfn.SINGLE(_xlfn.AGGREGATE(15, 6, Tracker!$CG$3:$CG$100, 2)), Tracker!$CG$3:$CG$100, 0)), "")) -> 35 | I11: Dev OUR | J11: =SUMPRODUCT((Tracker!$A$3:$A$100<>"")*(Tracker!$V$3:$V$100<>"Completed")*(Tracker!$V$3:$V$100<>"N/A")*(ISNUMBER(Tracker!$T$3:$T$100))*(N(Tracker!$T$3:$T$100)<TODAY())) -> 10 | K11: =SUMPRODUCT((Tracker!$A$3:$A$100<>"")*(Tracker!$V$3:$V$100<>"Completed")*(Tracker!$V$3:$V$100<>"N/A")*(ISNUMBER(Tracker!$T$3:$T$100))*(N(Tracker!$T$3:$T$100)>=TODAY())*(N(Tracker!$T$3:$T$100)<=TODAY()+7)) -> 0 | L11: =SUMPRODUCT((Tracker!$A$3:$A$100<>"")*(ISNUMBER(Tracker!$T$3:$T$100))*(Tracker!$V$3:$V$100="Blocked")) -> 0 | M11: =SUMPRODUCT((Tracker!$A$3:$A$100<>"")*(ISNUMBER(Tracker!$T$3:$T$100))*(Tracker!$V$3:$V$100="In Progress")) -> 0 | N11: =SUMPRODUCT((Tracker!$A$3:$A$100<>"")*(ISNUMBER(Tracker!$O$3:$O$100))*(Tracker!$P$3:$P$100<>"Completed")*(Tracker!$P$3:$P$100<>"Blocked")*(Tracker!$P$3:$P$100<>"In Progress")) -> 14 | O11: =SUMPRODUCT((Tracker!$A$3:$A$100<>"")*(ISNUMBER(Tracker!$O$3:$O$100))*(Tracker!$P$3:$P$100="Completed")) -> 7 | P11: =IF(N(J11)<=0,"",REPT("|",MIN(N(J11),25))) -> ||||||||||
B12: =IFERROR(INDEX(Tracker!$A$3:$A$100, MATCH(_xlfn.SINGLE(_xlfn.AGGREGATE(15, 6, Tracker!$CG$3:$CG$100, 3)), Tracker!$CG$3:$CG$100, 0)), "") -> AUDIT REPORTS | C12: =IF(B12 = "", "", IFERROR(INDEX(Tracker!$C$3:$C$100, MATCH(_xlfn.SINGLE(_xlfn.AGGREGATE(15, 6, Tracker!$CG$3:$CG$100, 3)), Tracker!$CG$3:$CG$100, 0)), "")) -> Sprint 17 | D12: =IF(B12 = "", "", IFERROR(INDEX(Tracker!$D$3:$D$100, MATCH(_xlfn.SINGLE(_xlfn.AGGREGATE(15, 6, Tracker!$CG$3:$CG$100, 3)), Tracker!$CG$3:$CG$100, 0)), "")) -> In Progress | E12: =IF(B12 = "", "", IFERROR(INDEX(Tracker!$E$3:$E$100, MATCH(_xlfn.SINGLE(_xlfn.AGGREGATE(15, 6, Tracker!$CG$3:$CG$100, 3)), Tracker!$CG$3:$CG$100, 0)), "")) -> Prod OUR | F12: =IF(B12 = "", "", IFERROR(INDEX(Tracker!$F$3:$F$100, MATCH(_xlfn.SINGLE(_xlfn.AGGREGATE(15, 6, Tracker!$CG$3:$CG$100, 3)), Tracker!$CG$3:$CG$100, 0)), "")) -> 46224 | G12: =IF(B12 = "", "", IFERROR(INDEX(Tracker!$G$3:$G$100, MATCH(_xlfn.SINGLE(_xlfn.AGGREGATE(15, 6, Tracker!$CG$3:$CG$100, 3)), Tracker!$CG$3:$CG$100, 0)), "")) -> 31 | I12: Dev Service Request | J12: =SUMPRODUCT((Tracker!$A$3:$A$100<>"")*(Tracker!$Y$3:$Y$100<>"Completed")*(Tracker!$Y$3:$Y$100<>"N/A")*(ISNUMBER(Tracker!$W$3:$W$100))*(N(Tracker!$W$3:$W$100)<TODAY())) -> 11 | K12: =SUMPRODUCT((Tracker!$A$3:$A$100<>"")*(Tracker!$Y$3:$Y$100<>"Completed")*(Tracker!$Y$3:$Y$100<>"N/A")*(ISNUMBER(Tracker!$W$3:$W$100))*(N(Tracker!$W$3:$W$100)>=TODAY())*(N(Tracker!$W$3:$W$100)<=TODAY()+7)) -> 0 | L12: =SUMPRODUCT((Tracker!$A$3:$A$100<>"")*(ISNUMBER(Tracker!$W$3:$W$100))*(Tracker!$Y$3:$Y$100="Blocked")) -> 0 | M12: =SUMPRODUCT((Tracker!$A$3:$A$100<>"")*(ISNUMBER(Tracker!$W$3:$W$100))*(Tracker!$Y$3:$Y$100="In Progress")) -> 1 | N12: =SUMPRODUCT((Tracker!$A$3:$A$100<>"")*(ISNUMBER(Tracker!$Q$3:$Q$100))*(Tracker!$R$3:$R$100<>"Completed")*(Tracker!$R$3:$R$100<>"Blocked")*(Tracker!$R$3:$R$100<>"In Progress")) -> 43 | O12: =SUMPRODUCT((Tracker!$A$3:$A$100<>"")*(ISNUMBER(Tracker!$Q$3:$Q$100))*(Tracker!$R$3:$R$100="Completed")) -> 0 | P12: =IF(N(J12)<=0,"",REPT("|",MIN(N(J12),25))) -> |||||||||||
B13: =IFERROR(INDEX(Tracker!$A$3:$A$100, MATCH(_xlfn.SINGLE(_xlfn.AGGREGATE(15, 6, Tracker!$CG$3:$CG$100, 4)), Tracker!$CG$3:$CG$100, 0)), "") -> EDDS | C13: =IF(B13 = "", "", IFERROR(INDEX(Tracker!$C$3:$C$100, MATCH(_xlfn.SINGLE(_xlfn.AGGREGATE(15, 6, Tracker!$CG$3:$CG$100, 4)), Tracker!$CG$3:$CG$100, 0)), "")) -> Sprint 17 | D13: =IF(B13 = "", "", IFERROR(INDEX(Tracker!$D$3:$D$100, MATCH(_xlfn.SINGLE(_xlfn.AGGREGATE(15, 6, Tracker!$CG$3:$CG$100, 4)), Tracker!$CG$3:$CG$100, 0)), "")) -> In Progress | E13: =IF(B13 = "", "", IFERROR(INDEX(Tracker!$E$3:$E$100, MATCH(_xlfn.SINGLE(_xlfn.AGGREGATE(15, 6, Tracker!$CG$3:$CG$100, 4)), Tracker!$CG$3:$CG$100, 0)), "")) -> Prod OUR | F13: =IF(B13 = "", "", IFERROR(INDEX(Tracker!$F$3:$F$100, MATCH(_xlfn.SINGLE(_xlfn.AGGREGATE(15, 6, Tracker!$CG$3:$CG$100, 4)), Tracker!$CG$3:$CG$100, 0)), "")) -> 46224 | G13: =IF(B13 = "", "", IFERROR(INDEX(Tracker!$G$3:$G$100, MATCH(_xlfn.SINGLE(_xlfn.AGGREGATE(15, 6, Tracker!$CG$3:$CG$100, 4)), Tracker!$CG$3:$CG$100, 0)), "")) -> 31 | I13: Dev File R-Task | J13: =SUMPRODUCT((Tracker!$A$3:$A$100<>"")*(Tracker!$AC$3:$AC$100<>"Completed")*(Tracker!$AC$3:$AC$100<>"N/A")*(ISNUMBER(Tracker!$AA$3:$AA$100))*(N(Tracker!$AA$3:$AA$100)<TODAY())) -> 4 | K13: =SUMPRODUCT((Tracker!$A$3:$A$100<>"")*(Tracker!$AC$3:$AC$100<>"Completed")*(Tracker!$AC$3:$AC$100<>"N/A")*(ISNUMBER(Tracker!$AA$3:$AA$100))*(N(Tracker!$AA$3:$AA$100)>=TODAY())*(N(Tracker!$AA$3:$AA$100)<=TODAY()+7)) -> 0 | L13: =SUMPRODUCT((Tracker!$A$3:$A$100<>"")*(ISNUMBER(Tracker!$AA$3:$AA$100))*(Tracker!$AC$3:$AC$100="Blocked")) -> 0 | M13: =SUMPRODUCT((Tracker!$A$3:$A$100<>"")*(ISNUMBER(Tracker!$AG$3:$AG$100))*(Tracker!$AI$3:$AI$100="In Progress")) -> 1 | N13: =SUMPRODUCT((Tracker!$A$3:$A$100<>"")*(ISNUMBER(Tracker!$S$3:$S$100))*(Tracker!$T$3:$T$100<>"Completed")*(Tracker!$T$3:$T$100<>"Blocked")*(Tracker!$T$3:$T$100<>"In Progress")) -> 0 | O13: =SUMPRODUCT((Tracker!$A$3:$A$100<>"")*(ISNUMBER(Tracker!$S$3:$S$100))*(Tracker!$T$3:$T$100="Completed")) -> 0 | P13: =IF(N(J13)<=0,"",REPT("|",MIN(N(J13),25))) -> ||||
B14: =IFERROR(INDEX(Tracker!$A$3:$A$100, MATCH(_xlfn.SINGLE(_xlfn.AGGREGATE(15, 6, Tracker!$CG$3:$CG$100, 5)), Tracker!$CG$3:$CG$100, 0)), "") -> EPM_BALANCES | C14: =IF(B14 = "", "", IFERROR(INDEX(Tracker!$C$3:$C$100, MATCH(_xlfn.SINGLE(_xlfn.AGGREGATE(15, 6, Tracker!$CG$3:$CG$100, 5)), Tracker!$CG$3:$CG$100, 0)), "")) -> Sprint 17 | D14: =IF(B14 = "", "", IFERROR(INDEX(Tracker!$D$3:$D$100, MATCH(_xlfn.SINGLE(_xlfn.AGGREGATE(15, 6, Tracker!$CG$3:$CG$100, 5)), Tracker!$CG$3:$CG$100, 0)), "")) -> In Progress | E14: =IF(B14 = "", "", IFERROR(INDEX(Tracker!$E$3:$E$100, MATCH(_xlfn.SINGLE(_xlfn.AGGREGATE(15, 6, Tracker!$CG$3:$CG$100, 5)), Tracker!$CG$3:$CG$100, 0)), "")) -> Prod OUR | F14: =IF(B14 = "", "", IFERROR(INDEX(Tracker!$F$3:$F$100, MATCH(_xlfn.SINGLE(_xlfn.AGGREGATE(15, 6, Tracker!$CG$3:$CG$100, 5)), Tracker!$CG$3:$CG$100, 0)), "")) -> 46224 | G14: =IF(B14 = "", "", IFERROR(INDEX(Tracker!$G$3:$G$100, MATCH(_xlfn.SINGLE(_xlfn.AGGREGATE(15, 6, Tracker!$CG$3:$CG$100, 5)), Tracker!$CG$3:$CG$100, 0)), "")) -> 31 | I14: QA R-Task | J14: =SUMPRODUCT((Tracker!$A$3:$A$100<>"")*(Tracker!$AI$3:$AI$100<>"Completed")*(Tracker!$AI$3:$AI$100<>"N/A")*(ISNUMBER(Tracker!$AG$3:$AG$100))*(N(Tracker!$AG$3:$AG$100)<TODAY())) -> 10 | K14: =SUMPRODUCT((Tracker!$A$3:$A$100<>"")*(Tracker!$AI$3:$AI$100<>"Completed")*(Tracker!$AI$3:$AI$100<>"N/A")*(ISNUMBER(Tracker!$AG$3:$AG$100))*(N(Tracker!$AG$3:$AG$100)>=TODAY())*(N(Tracker!$AG$3:$AG$100)<=TODAY()+7)) -> 0 | L14: =SUMPRODUCT((Tracker!$A$3:$A$100<>"")*(ISNUMBER(Tracker!$AG$3:$AG$100))*(Tracker!$AI$3:$AI$100="Blocked")) -> 0 | M14: =SUMPRODUCT((Tracker!$A$3:$A$100<>"")*(ISNUMBER(Tracker!$AJ$3:$AJ$100))*(Tracker!$AL$3:$AL$100="In Progress")) -> 0 | N14: =SUMPRODUCT((Tracker!$A$3:$A$100<>"")*(ISNUMBER(Tracker!$U$3:$U$100))*(Tracker!$V$3:$V$100<>"Completed")*(Tracker!$V$3:$V$100<>"Blocked")*(Tracker!$V$3:$V$100<>"In Progress")) -> 0 | O14: =SUMPRODUCT((Tracker!$A$3:$A$100<>"")*(ISNUMBER(Tracker!$U$3:$U$100))*(Tracker!$V$3:$V$100="Completed")) -> 33 | P14: =IF(N(J14)<=0,"",REPT("|",MIN(N(J14),25))) -> ||||||||||
B15: =IFERROR(INDEX(Tracker!$A$3:$A$100, MATCH(_xlfn.SINGLE(_xlfn.AGGREGATE(15, 6, Tracker!$CG$3:$CG$100, 6)), Tracker!$CG$3:$CG$100, 0)), "") -> EPM_DIM_NOD | C15: =IF(B15 = "", "", IFERROR(INDEX(Tracker!$C$3:$C$100, MATCH(_xlfn.SINGLE(_xlfn.AGGREGATE(15, 6, Tracker!$CG$3:$CG$100, 6)), Tracker!$CG$3:$CG$100, 0)), "")) -> Sprint 17 | D15: =IF(B15 = "", "", IFERROR(INDEX(Tracker!$D$3:$D$100, MATCH(_xlfn.SINGLE(_xlfn.AGGREGATE(15, 6, Tracker!$CG$3:$CG$100, 6)), Tracker!$CG$3:$CG$100, 0)), "")) -> In Progress | E15: =IF(B15 = "", "", IFERROR(INDEX(Tracker!$E$3:$E$100, MATCH(_xlfn.SINGLE(_xlfn.AGGREGATE(15, 6, Tracker!$CG$3:$CG$100, 6)), Tracker!$CG$3:$CG$100, 0)), "")) -> Prod OUR | F15: =IF(B15 = "", "", IFERROR(INDEX(Tracker!$F$3:$F$100, MATCH(_xlfn.SINGLE(_xlfn.AGGREGATE(15, 6, Tracker!$CG$3:$CG$100, 6)), Tracker!$CG$3:$CG$100, 0)), "")) -> 46224 | G15: =IF(B15 = "", "", IFERROR(INDEX(Tracker!$G$3:$G$100, MATCH(_xlfn.SINGLE(_xlfn.AGGREGATE(15, 6, Tracker!$CG$3:$CG$100, 6)), Tracker!$CG$3:$CG$100, 0)), "")) -> 31 | I15: QA OUR | J15: =SUMPRODUCT((Tracker!$A$3:$A$100<>"")*(Tracker!$AL$3:$AL$100<>"Completed")*(Tracker!$AL$3:$AL$100<>"N/A")*(ISNUMBER(Tracker!$AJ$3:$AJ$100))*(N(Tracker!$AJ$3:$AJ$100)<TODAY())) -> 10 | K15: =SUMPRODUCT((Tracker!$A$3:$A$100<>"")*(Tracker!$AL$3:$AL$100<>"Completed")*(Tracker!$AL$3:$AL$100<>"N/A")*(ISNUMBER(Tracker!$AJ$3:$AJ$100))*(N(Tracker!$AJ$3:$AJ$100)>=TODAY())*(N(Tracker!$AJ$3:$AJ$100)<=TODAY()+7)) -> 0 | L15: =SUMPRODUCT((Tracker!$A$3:$A$100<>"")*(ISNUMBER(Tracker!$AJ$3:$AJ$100))*(Tracker!$AL$3:$AL$100="Blocked")) -> 0 | M15: =SUMPRODUCT((Tracker!$A$3:$A$100<>"")*(ISNUMBER(Tracker!$AM$3:$AM$100))*(Tracker!$AO$3:$AO$100="In Progress")) -> 0 | N15: =SUMPRODUCT((Tracker!$A$3:$A$100<>"")*(ISNUMBER(Tracker!$W$3:$W$100))*(Tracker!$X$3:$X$100<>"Completed")*(Tracker!$X$3:$X$100<>"Blocked")*(Tracker!$X$3:$X$100<>"In Progress")) -> 43 | O15: =SUMPRODUCT((Tracker!$A$3:$A$100<>"")*(ISNUMBER(Tracker!$W$3:$W$100))*(Tracker!$X$3:$X$100="Completed")) -> 0 | P15: =IF(N(J15)<=0,"",REPT("|",MIN(N(J15),25))) -> ||||||||||
B16: =IFERROR(INDEX(Tracker!$A$3:$A$100, MATCH(_xlfn.SINGLE(_xlfn.AGGREGATE(15, 6, Tracker!$CG$3:$CG$100, 7)), Tracker!$CG$3:$CG$100, 0)), "") -> EPM_UI PUSH | C16: =IF(B16 = "", "", IFERROR(INDEX(Tracker!$C$3:$C$100, MATCH(_xlfn.SINGLE(_xlfn.AGGREGATE(15, 6, Tracker!$CG$3:$CG$100, 7)), Tracker!$CG$3:$CG$100, 0)), "")) -> Sprint 17 | D16: =IF(B16 = "", "", IFERROR(INDEX(Tracker!$D$3:$D$100, MATCH(_xlfn.SINGLE(_xlfn.AGGREGATE(15, 6, Tracker!$CG$3:$CG$100, 7)), Tracker!$CG$3:$CG$100, 0)), "")) -> Yet to start | E16: =IF(B16 = "", "", IFERROR(INDEX(Tracker!$E$3:$E$100, MATCH(_xlfn.SINGLE(_xlfn.AGGREGATE(15, 6, Tracker!$CG$3:$CG$100, 7)), Tracker!$CG$3:$CG$100, 0)), "")) -> Prod OUR | F16: =IF(B16 = "", "", IFERROR(INDEX(Tracker!$F$3:$F$100, MATCH(_xlfn.SINGLE(_xlfn.AGGREGATE(15, 6, Tracker!$CG$3:$CG$100, 7)), Tracker!$CG$3:$CG$100, 0)), "")) -> 46224 | G16: =IF(B16 = "", "", IFERROR(INDEX(Tracker!$G$3:$G$100, MATCH(_xlfn.SINGLE(_xlfn.AGGREGATE(15, 6, Tracker!$CG$3:$CG$100, 7)), Tracker!$CG$3:$CG$100, 0)), "")) -> 31 | I16: QA Service Request | J16: =SUMPRODUCT((Tracker!$A$3:$A$100<>"")*(Tracker!$AO$3:$AO$100<>"Completed")*(Tracker!$AO$3:$AO$100<>"N/A")*(ISNUMBER(Tracker!$AM$3:$AM$100))*(N(Tracker!$AM$3:$AM$100)<TODAY())) -> 10 | K16: =SUMPRODUCT((Tracker!$A$3:$A$100<>"")*(Tracker!$AO$3:$AO$100<>"Completed")*(Tracker!$AO$3:$AO$100<>"N/A")*(ISNUMBER(Tracker!$AM$3:$AM$100))*(N(Tracker!$AM$3:$AM$100)>=TODAY())*(N(Tracker!$AM$3:$AM$100)<=TODAY()+7)) -> 0 | L16: =SUMPRODUCT((Tracker!$A$3:$A$100<>"")*(ISNUMBER(Tracker!$AM$3:$AM$100))*(Tracker!$AO$3:$AO$100="Blocked")) -> 0 | M16: =SUMPRODUCT((Tracker!$A$3:$A$100<>"")*(ISNUMBER(Tracker!$AW$3:$AW$100))*(Tracker!$AY$3:$AY$100="In Progress")) -> 0 | N16: =SUMPRODUCT((Tracker!$A$3:$A$100<>"")*(ISNUMBER(Tracker!$Y$3:$Y$100))*(Tracker!$Z$3:$Z$100<>"Completed")*(Tracker!$Z$3:$Z$100<>"Blocked")*(Tracker!$Z$3:$Z$100<>"In Progress")) -> 0 | O16: =SUMPRODUCT((Tracker!$A$3:$A$100<>"")*(ISNUMBER(Tracker!$Y$3:$Y$100))*(Tracker!$Z$3:$Z$100="Completed")) -> 0 | P16: =IF(N(J16)<=0,"",REPT("|",MIN(N(J16),25))) -> ||||||||||
B17: =IFERROR(INDEX(Tracker!$A$3:$A$100, MATCH(_xlfn.SINGLE(_xlfn.AGGREGATE(15, 6, Tracker!$CG$3:$CG$100, 8)), Tracker!$CG$3:$CG$100, 0)), "") -> AR80 | C17: =IF(B17 = "", "", IFERROR(INDEX(Tracker!$C$3:$C$100, MATCH(_xlfn.SINGLE(_xlfn.AGGREGATE(15, 6, Tracker!$CG$3:$CG$100, 8)), Tracker!$CG$3:$CG$100, 0)), "")) -> Sprint 17 | D17: =IF(B17 = "", "", IFERROR(INDEX(Tracker!$D$3:$D$100, MATCH(_xlfn.SINGLE(_xlfn.AGGREGATE(15, 6, Tracker!$CG$3:$CG$100, 8)), Tracker!$CG$3:$CG$100, 0)), "")) -> Yet to start | E17: =IF(B17 = "", "", IFERROR(INDEX(Tracker!$E$3:$E$100, MATCH(_xlfn.SINGLE(_xlfn.AGGREGATE(15, 6, Tracker!$CG$3:$CG$100, 8)), Tracker!$CG$3:$CG$100, 0)), "")) -> Prod OUR | F17: =IF(B17 = "", "", IFERROR(INDEX(Tracker!$F$3:$F$100, MATCH(_xlfn.SINGLE(_xlfn.AGGREGATE(15, 6, Tracker!$CG$3:$CG$100, 8)), Tracker!$CG$3:$CG$100, 0)), "")) -> 46224 | G17: =IF(B17 = "", "", IFERROR(INDEX(Tracker!$G$3:$G$100, MATCH(_xlfn.SINGLE(_xlfn.AGGREGATE(15, 6, Tracker!$CG$3:$CG$100, 8)), Tracker!$CG$3:$CG$100, 0)), "")) -> 31 | I17: QA File R-Task | J17: =SUMPRODUCT((Tracker!$A$3:$A$100<>"")*(Tracker!$AR$3:$AR$100<>"Completed")*(Tracker!$AR$3:$AR$100<>"N/A")*(ISNUMBER(Tracker!$AP$3:$AP$100))*(N(Tracker!$AP$3:$AP$100)<TODAY())) -> 4 | K17: =SUMPRODUCT((Tracker!$A$3:$A$100<>"")*(Tracker!$AR$3:$AR$100<>"Completed")*(Tracker!$AR$3:$AR$100<>"N/A")*(ISNUMBER(Tracker!$AP$3:$AP$100))*(N(Tracker!$AP$3:$AP$100)>=TODAY())*(N(Tracker!$AP$3:$AP$100)<=TODAY()+7)) -> 0 | L17: =SUMPRODUCT((Tracker!$A$3:$A$100<>"")*(ISNUMBER(Tracker!$AP$3:$AP$100))*(Tracker!$AR$3:$AR$100="Blocked")) -> 0 | M17: =SUMPRODUCT((Tracker!$A$3:$A$100<>"")*(ISNUMBER(Tracker!$AZ$3:$AZ$100))*(Tracker!$BB$3:$BB$100="In Progress")) -> 0 | N17: =SUMPRODUCT((Tracker!$A$3:$A$100<>"")*(ISNUMBER(Tracker!$AA$3:$AA$100))*(Tracker!$AB$3:$AB$100<>"Completed")*(Tracker!$AB$3:$AB$100<>"Blocked")*(Tracker!$AB$3:$AB$100<>"In Progress")) -> 4 | O17: =SUMPRODUCT((Tracker!$A$3:$A$100<>"")*(ISNUMBER(Tracker!$AA$3:$AA$100))*(Tracker!$AB$3:$AB$100="Completed")) -> 0 | P17: =IF(N(J17)<=0,"",REPT("|",MIN(N(J17),25))) -> ||||
B18: =IFERROR(INDEX(Tracker!$A$3:$A$100, MATCH(_xlfn.SINGLE(_xlfn.AGGREGATE(15, 6, Tracker!$CG$3:$CG$100, 9)), Tracker!$CG$3:$CG$100, 0)), "") -> BI80 | C18: =IF(B18 = "", "", IFERROR(INDEX(Tracker!$C$3:$C$100, MATCH(_xlfn.SINGLE(_xlfn.AGGREGATE(15, 6, Tracker!$CG$3:$CG$100, 9)), Tracker!$CG$3:$CG$100, 0)), "")) -> Sprint 17 | D18: =IF(B18 = "", "", IFERROR(INDEX(Tracker!$D$3:$D$100, MATCH(_xlfn.SINGLE(_xlfn.AGGREGATE(15, 6, Tracker!$CG$3:$CG$100, 9)), Tracker!$CG$3:$CG$100, 0)), "")) -> Yet to start | E18: =IF(B18 = "", "", IFERROR(INDEX(Tracker!$E$3:$E$100, MATCH(_xlfn.SINGLE(_xlfn.AGGREGATE(15, 6, Tracker!$CG$3:$CG$100, 9)), Tracker!$CG$3:$CG$100, 0)), "")) -> Prod OUR | F18: =IF(B18 = "", "", IFERROR(INDEX(Tracker!$F$3:$F$100, MATCH(_xlfn.SINGLE(_xlfn.AGGREGATE(15, 6, Tracker!$CG$3:$CG$100, 9)), Tracker!$CG$3:$CG$100, 0)), "")) -> 46224 | G18: =IF(B18 = "", "", IFERROR(INDEX(Tracker!$G$3:$G$100, MATCH(_xlfn.SINGLE(_xlfn.AGGREGATE(15, 6, Tracker!$CG$3:$CG$100, 9)), Tracker!$CG$3:$CG$100, 0)), "")) -> 31 | I18: Prod R-Task | J18: =SUMPRODUCT((Tracker!$A$3:$A$100<>"")*(Tracker!$AW$3:$AW$100<>"Completed")*(Tracker!$AW$3:$AW$100<>"N/A")*(ISNUMBER(Tracker!$AU$3:$AU$100))*(N(Tracker!$AU$3:$AU$100)<TODAY())) -> 10 | K18: =SUMPRODUCT((Tracker!$A$3:$A$100<>"")*(Tracker!$AW$3:$AW$100<>"Completed")*(Tracker!$AW$3:$AW$100<>"N/A")*(ISNUMBER(Tracker!$AU$3:$AU$100))*(N(Tracker!$AU$3:$AU$100)>=TODAY())*(N(Tracker!$AU$3:$AU$100)<=TODAY()+7)) -> 0 | L18: =SUMPRODUCT((Tracker!$A$3:$A$100<>"")*(ISNUMBER(Tracker!$AU$3:$AU$100))*(Tracker!$AW$3:$AW$100="Blocked")) -> 0 | M18: =SUMPRODUCT((Tracker!$A$3:$A$100<>"")*(ISNUMBER(Tracker!$BC$3:$BC$100))*(Tracker!$BE$3:$BE$100="In Progress")) -> 0 | N18: =SUMPRODUCT((Tracker!$A$3:$A$100<>"")*(ISNUMBER(Tracker!$AC$3:$AC$100))*(Tracker!$AD$3:$AD$100<>"Completed")*(Tracker!$AD$3:$AD$100<>"Blocked")*(Tracker!$AD$3:$AD$100<>"In Progress")) -> 0 | O18: =SUMPRODUCT((Tracker!$A$3:$A$100<>"")*(ISNUMBER(Tracker!$AC$3:$AC$100))*(Tracker!$AD$3:$AD$100="Completed")) -> 0 | P18: =IF(N(J18)<=0,"",REPT("|",MIN(N(J18),25))) -> ||||||||||
B19: =IFERROR(INDEX(Tracker!$A$3:$A$100, MATCH(_xlfn.SINGLE(_xlfn.AGGREGATE(15, 6, Tracker!$CG$3:$CG$100, 10)), Tracker!$CG$3:$CG$100, 0)), "") -> CBP | C19: =IF(B19 = "", "", IFERROR(INDEX(Tracker!$C$3:$C$100, MATCH(_xlfn.SINGLE(_xlfn.AGGREGATE(15, 6, Tracker!$CG$3:$CG$100, 10)), Tracker!$CG$3:$CG$100, 0)), "")) -> Sprint 17 | D19: =IF(B19 = "", "", IFERROR(INDEX(Tracker!$D$3:$D$100, MATCH(_xlfn.SINGLE(_xlfn.AGGREGATE(15, 6, Tracker!$CG$3:$CG$100, 10)), Tracker!$CG$3:$CG$100, 0)), "")) -> Yet to start | E19: =IF(B19 = "", "", IFERROR(INDEX(Tracker!$E$3:$E$100, MATCH(_xlfn.SINGLE(_xlfn.AGGREGATE(15, 6, Tracker!$CG$3:$CG$100, 10)), Tracker!$CG$3:$CG$100, 0)), "")) -> Prod OUR | F19: =IF(B19 = "", "", IFERROR(INDEX(Tracker!$F$3:$F$100, MATCH(_xlfn.SINGLE(_xlfn.AGGREGATE(15, 6, Tracker!$CG$3:$CG$100, 10)), Tracker!$CG$3:$CG$100, 0)), "")) -> 46224 | G19: =IF(B19 = "", "", IFERROR(INDEX(Tracker!$G$3:$G$100, MATCH(_xlfn.SINGLE(_xlfn.AGGREGATE(15, 6, Tracker!$CG$3:$CG$100, 10)), Tracker!$CG$3:$CG$100, 0)), "")) -> 31 | I19: Prod OUR | J19: =SUMPRODUCT((Tracker!$A$3:$A$100<>"")*(Tracker!$AZ$3:$AZ$100<>"Completed")*(Tracker!$AZ$3:$AZ$100<>"N/A")*(ISNUMBER(Tracker!$AX$3:$AX$100))*(N(Tracker!$AX$3:$AX$100)<TODAY())) -> 43 | K19: =SUMPRODUCT((Tracker!$A$3:$A$100<>"")*(Tracker!$AZ$3:$AZ$100<>"Completed")*(Tracker!$AZ$3:$AZ$100<>"N/A")*(ISNUMBER(Tracker!$AX$3:$AX$100))*(N(Tracker!$AX$3:$AX$100)>=TODAY())*(N(Tracker!$AX$3:$AX$100)<=TODAY()+7)) -> 0 | L19: =SUMPRODUCT((Tracker!$A$3:$A$100<>"")*(ISNUMBER(Tracker!$AX$3:$AX$100))*(Tracker!$AZ$3:$AZ$100="Blocked")) -> 0 | M19: =SUMPRODUCT((Tracker!$A$3:$A$100<>"")*(ISNUMBER(Tracker!$AA$3:$AA$100))*(Tracker!$AC$3:$AC$100="In Progress")) -> 0 | N19: =SUMPRODUCT((Tracker!$A$3:$A$100<>"")*(ISNUMBER(Tracker!$AG$3:$AG$100))*(Tracker!$AH$3:$AH$100<>"Completed")*(Tracker!$AH$3:$AH$100<>"Blocked")*(Tracker!$AH$3:$AH$100<>"In Progress")) -> 43 | O19: =SUMPRODUCT((Tracker!$A$3:$A$100<>"")*(ISNUMBER(Tracker!$AG$3:$AG$100))*(Tracker!$AH$3:$AH$100="Completed")) -> 0 | P19: =IF(N(J19)<=0,"",REPT("|",MIN(N(J19),25))) -> |||||||||||||||||||||||||
B20: =IFERROR(INDEX(Tracker!$A$3:$A$100, MATCH(_xlfn.SINGLE(_xlfn.AGGREGATE(15, 6, Tracker!$CG$3:$CG$100, 11)), Tracker!$CG$3:$CG$100, 0)), "") -> CI | C20: =IF(B20 = "", "", IFERROR(INDEX(Tracker!$C$3:$C$100, MATCH(_xlfn.SINGLE(_xlfn.AGGREGATE(15, 6, Tracker!$CG$3:$CG$100, 11)), Tracker!$CG$3:$CG$100, 0)), "")) -> Sprint 17 | D20: =IF(B20 = "", "", IFERROR(INDEX(Tracker!$D$3:$D$100, MATCH(_xlfn.SINGLE(_xlfn.AGGREGATE(15, 6, Tracker!$CG$3:$CG$100, 11)), Tracker!$CG$3:$CG$100, 0)), "")) -> Yet to start | E20: =IF(B20 = "", "", IFERROR(INDEX(Tracker!$E$3:$E$100, MATCH(_xlfn.SINGLE(_xlfn.AGGREGATE(15, 6, Tracker!$CG$3:$CG$100, 11)), Tracker!$CG$3:$CG$100, 0)), "")) -> Prod OUR | F20: =IF(B20 = "", "", IFERROR(INDEX(Tracker!$F$3:$F$100, MATCH(_xlfn.SINGLE(_xlfn.AGGREGATE(15, 6, Tracker!$CG$3:$CG$100, 11)), Tracker!$CG$3:$CG$100, 0)), "")) -> 46224 | G20: =IF(B20 = "", "", IFERROR(INDEX(Tracker!$G$3:$G$100, MATCH(_xlfn.SINGLE(_xlfn.AGGREGATE(15, 6, Tracker!$CG$3:$CG$100, 11)), Tracker!$CG$3:$CG$100, 0)), "")) -> 31 | I20: Prod Service Request | J20: =SUMPRODUCT((Tracker!$A$3:$A$100<>"")*(Tracker!$BC$3:$BC$100<>"Completed")*(Tracker!$BC$3:$BC$100<>"N/A")*(ISNUMBER(Tracker!$BA$3:$BA$100))*(N(Tracker!$BA$3:$BA$100)<TODAY())) -> 43 | K20: =SUMPRODUCT((Tracker!$A$3:$A$100<>"")*(Tracker!$BC$3:$BC$100<>"Completed")*(Tracker!$BC$3:$BC$100<>"N/A")*(ISNUMBER(Tracker!$BA$3:$BA$100))*(N(Tracker!$BA$3:$BA$100)>=TODAY())*(N(Tracker!$BA$3:$BA$100)<=TODAY()+7)) -> 0 | L20: =SUMPRODUCT((Tracker!$A$3:$A$100<>"")*(ISNUMBER(Tracker!$BA$3:$BA$100))*(Tracker!$BC$3:$BC$100="Blocked")) -> 0 | M20: =SUMPRODUCT((Tracker!$A$3:$A$100<>"")*(ISNUMBER(Tracker!$BM$3:$BM$100))*(Tracker!$BN$3:$BN$100="In Progress")) -> 0 | N20: =SUMPRODUCT((Tracker!$A$3:$A$100<>"")*(ISNUMBER(Tracker!$AE$3:$AE$100))*(Tracker!$AF$3:$AF$100<>"Completed")*(Tracker!$AF$3:$AF$100<>"Blocked")*(Tracker!$AF$3:$AF$100<>"In Progress")) -> 0 | O20: =SUMPRODUCT((Tracker!$A$3:$A$100<>"")*(ISNUMBER(Tracker!$AE$3:$AE$100))*(Tracker!$AF$3:$AF$100="Completed")) -> 0 | P20: =IF(N(J20)<=0,"",REPT("|",MIN(N(J20),25))) -> |||||||||||||||||||||||||
B21: =IFERROR(INDEX(Tracker!$A$3:$A$100, MATCH(_xlfn.SINGLE(_xlfn.AGGREGATE(15, 6, Tracker!$CG$3:$CG$100, 12)), Tracker!$CG$3:$CG$100, 0)), "") -> CI_MART | C21: =IF(B21 = "", "", IFERROR(INDEX(Tracker!$C$3:$C$100, MATCH(_xlfn.SINGLE(_xlfn.AGGREGATE(15, 6, Tracker!$CG$3:$CG$100, 12)), Tracker!$CG$3:$CG$100, 0)), "")) -> Sprint 17 | D21: =IF(B21 = "", "", IFERROR(INDEX(Tracker!$D$3:$D$100, MATCH(_xlfn.SINGLE(_xlfn.AGGREGATE(15, 6, Tracker!$CG$3:$CG$100, 12)), Tracker!$CG$3:$CG$100, 0)), "")) -> Yet to start | E21: =IF(B21 = "", "", IFERROR(INDEX(Tracker!$E$3:$E$100, MATCH(_xlfn.SINGLE(_xlfn.AGGREGATE(15, 6, Tracker!$CG$3:$CG$100, 12)), Tracker!$CG$3:$CG$100, 0)), "")) -> Prod OUR | F21: =IF(B21 = "", "", IFERROR(INDEX(Tracker!$F$3:$F$100, MATCH(_xlfn.SINGLE(_xlfn.AGGREGATE(15, 6, Tracker!$CG$3:$CG$100, 12)), Tracker!$CG$3:$CG$100, 0)), "")) -> 46224 | G21: =IF(B21 = "", "", IFERROR(INDEX(Tracker!$G$3:$G$100, MATCH(_xlfn.SINGLE(_xlfn.AGGREGATE(15, 6, Tracker!$CG$3:$CG$100, 12)), Tracker!$CG$3:$CG$100, 0)), "")) -> 31 | I21: Prod File R-Task | J21: =SUMPRODUCT((Tracker!$A$3:$A$100<>"")*(Tracker!$BF$3:$BF$100<>"Completed")*(Tracker!$BF$3:$BF$100<>"N/A")*(ISNUMBER(Tracker!$BD$3:$BD$100))*(N(Tracker!$BD$3:$BD$100)<TODAY())) -> 4 | K21: =SUMPRODUCT((Tracker!$A$3:$A$100<>"")*(Tracker!$BF$3:$BF$100<>"Completed")*(Tracker!$BF$3:$BF$100<>"N/A")*(ISNUMBER(Tracker!$BD$3:$BD$100))*(N(Tracker!$BD$3:$BD$100)>=TODAY())*(N(Tracker!$BD$3:$BD$100)<=TODAY()+7)) -> 0 | L21: =SUMPRODUCT((Tracker!$A$3:$A$100<>"")*(ISNUMBER(Tracker!$BD$3:$BD$100))*(Tracker!$BF$3:$BF$100="Blocked")) -> 0 | M21: =SUMPRODUCT((Tracker!$A$3:$A$100<>"")*(ISNUMBER(Tracker!$BO$3:$BO$100))*(Tracker!$BP$3:$BP$100="In Progress")) -> 0 | N21: =SUM(N10:N20) -> 190 | O21: =SUM(O10:O20) -> 40
I22: Sprint Readiness | J22: =SUMPRODUCT((Tracker!$A$3:$A$100<>"")*(Tracker!$P$3:$P$100<>"Completed")*(Tracker!$P$3:$P$100<>"N/A")*(ISNUMBER(Tracker!$O$3:$O$100))*(N(Tracker!$O$3:$O$100)<TODAY())) -> 36 | K22: =SUMPRODUCT((Tracker!$A$3:$A$100<>"")*(Tracker!$P$3:$P$100<>"Completed")*(Tracker!$P$3:$P$100<>"N/A")*(ISNUMBER(Tracker!$O$3:$O$100))*(N(Tracker!$O$3:$O$100)>=TODAY())*(N(Tracker!$O$3:$O$100)<=TODAY()+7)) -> 0 | L22: =SUMPRODUCT((Tracker!$A$3:$A$100<>"")*(ISNUMBER(Tracker!$O$3:$O$100))*(Tracker!$P$3:$P$100="Blocked")) -> 0
I23: CAB | J23: =SUMPRODUCT((Tracker!$A$3:$A$100<>"")*(Tracker!$BJ$3:$BJ$100<>"Completed")*(Tracker!$BJ$3:$BJ$100<>"N/A")*(ISNUMBER(Tracker!$BI$3:$BI$100))*(N(Tracker!$BI$3:$BI$100)<TODAY())) -> 0 | K23: =SUMPRODUCT((Tracker!$A$3:$A$100<>"")*(Tracker!$BJ$3:$BJ$100<>"Completed")*(Tracker!$BJ$3:$BJ$100<>"N/A")*(ISNUMBER(Tracker!$BI$3:$BI$100))*(N(Tracker!$BI$3:$BI$100)>=TODAY())*(N(Tracker!$BI$3:$BI$100)<=TODAY()+7)) -> 0 | L23: =SUMPRODUCT((Tracker!$A$3:$A$100<>"")*(ISNUMBER(Tracker!$BI$3:$BI$100))*(Tracker!$BJ$3:$BJ$100="Blocked")) -> 0
I24: Code Review | J24: =SUMPRODUCT((Tracker!$A$3:$A$100<>"")*(Tracker!$BL$3:$BL$100<>"Completed")*(Tracker!$BL$3:$BL$100<>"N/A")*(ISNUMBER(Tracker!$BK$3:$BK$100))*(N(Tracker!$BK$3:$BK$100)<TODAY())) -> 0 | K24: =SUMPRODUCT((Tracker!$A$3:$A$100<>"")*(Tracker!$BL$3:$BL$100<>"Completed")*(Tracker!$BL$3:$BL$100<>"N/A")*(ISNUMBER(Tracker!$BK$3:$BK$100))*(N(Tracker!$BK$3:$BK$100)>=TODAY())*(N(Tracker!$BK$3:$BK$100)<=TODAY()+7)) -> 0 | L24: =SUMPRODUCT((Tracker!$A$3:$A$100<>"")*(ISNUMBER(Tracker!$BK$3:$BK$100))*(Tracker!$BL$3:$BL$100="Blocked")) -> 0
I25: Code Review Invite | J25: =SUMPRODUCT((Tracker!$A$3:$A$100<>"")*(Tracker!$BN$3:$BN$100<>"Completed")*(Tracker!$BN$3:$BN$100<>"N/A")*(ISNUMBER(Tracker!$BM$3:$BM$100))*(N(Tracker!$BM$3:$BM$100)<TODAY())) -> 0 | K25: =SUMPRODUCT((Tracker!$A$3:$A$100<>"")*(Tracker!$BN$3:$BN$100<>"Completed")*(Tracker!$BN$3:$BN$100<>"N/A")*(ISNUMBER(Tracker!$BM$3:$BM$100))*(N(Tracker!$BM$3:$BM$100)>=TODAY())*(N(Tracker!$BM$3:$BM$100)<=TODAY()+7)) -> 0 | L25: =SUMPRODUCT((Tracker!$A$3:$A$100<>"")*(ISNUMBER(Tracker!$BM$3:$BM$100))*(Tracker!$BN$3:$BN$100="Blocked")) -> 0

Sheet Tracker
A1: CONTROL STRIP - always visible | H1: INPUTS - type dates | K1: AUDIT - Excel fills | N1: READY / READINESS | Q1: DEV DB REQUESTS | Z1: DEV FILE REQUESTS | AG1: QA DB REQUESTS | AP1: QA FILE REQUESTS | AU1: PROD DB REQUESTS | BD1: PROD FILE REQUESTS | BI1: RELEASE GOVERNANCE | BP1: VALIDATION
A2: Application | B2: Responsible PM | C2: Sprint | D2: Overall Status | E2: Next Action | F2: Next Action Date | G2: Days Overdue | H2: Sprint Start | I2: Sprint End | J2: Release Date | K2: Effective Sprint Start | L2: Effective Sprint End | M2: Effective Release Date | N2: App Ready By | O2: Sprint Readiness Date | P2: Sprint Readiness Status | Q2: Dev R-Task | R2: Raised On | S2: Dev R-Task Status | T2: Dev OUR | U2: Raised On | V2: Dev OUR Status | W2: Dev Service Request | X2: Raised On | Y2: Dev SR Status | Z2: File Type (all envs) | AA2: Dev File R-Task | AB2: Raised On | AC2: Dev File R-Task Status | AD2: IAM | AE2: Ownership Identified | AF2: Frequency (all envs) | AG2: QA R-Task | AH2: Raised On | AI2: QA R-Task Status | AJ2: QA OUR | AK2: Raised On | AL2: QA OUR Status | AM2: QA Service Request | AN2: Raised On | AO2: QA SR Status | AP2: QA File R-Task | AQ2: Raised On | AR2: QA File R-Task Status | AS2: IAM | AT2: Ownership Identified | AU2: Prod R-Task | AV2: Raised On | AW2: Prod R-Task Status | AX2: Prod OUR | AY2: Raised On | AZ2: Prod OUR Status | BA2: Prod Service Request | BB2: Raised On | BC2: Prod SR Status | BD2: Prod File R-Task | BE2: Raised On | BF2: Prod File R-Task Status | BG2: IAM | BH2: Ownership Identified | BI2: CAB Date | BJ2: CAB Status | BK2: Code Review Date | BL2: Code Review Status | BM2: Code Review Invite | BN2: CR Invite Status | BO2: Release Status | BP2: Validation / Notes
A3: CI_MART | B3: Sharath Kotha | C3: Sprint 17 | D3: =IF(A3="","",IF(((S3="Blocked")+(V3="Blocked")+(Y3="Blocked")+(AC3="Blocked")+(AI3="Blocked")+(AL3="Blocked")+(AO3="Blocked")+(AR3="Blocked")+(AW3="Blocked")+(AZ3="Blocked")+(BC3="Blocked")+(BF3="Blocked")+(P3="Blocked")+(BJ3="Blocked")+(BL3="Blocked")+(BN3="Blocked")+(BO3="Blocked"))>0,"Blocked",IF((ISNUMBER(Q3)+ISNUMBER(T3)+ISNUMBER(W3)+ISNUMBER(AA3)+ISNUMBER(AG3)+ISNUMBER(AJ3)+ISNUMBER(AM3)+ISNUMBER(AP3)+ISNUMBER(AU3)+ISNUMBER(AX3)+ISNUMBER(BA3)+ISNUMBER(BD3)+ISNUMBER(O3)+ISNUMBER(BI3)+ISNUMBER(BK3)+ISNUMBER(BM3))=0,"Yet to start",IF(AND(OR(NOT(ISNUMBER(Q3)),S3="Completed",S3="N/A"),OR(NOT(ISNUMBER(T3)),V3="Completed",V3="N/A"),OR(NOT(ISNUMBER(W3)),Y3="Completed",Y3="N/A"),OR(NOT(ISNUMBER(AA3)),AC3="Completed",AC3="N/A"),OR(NOT(ISNUMBER(AG3)),AI3="Completed",AI3="N/A"),OR(NOT(ISNUMBER(AJ3)),AL3="Completed",AL3="N/A"),OR(NOT(ISNUMBER(AM3)),AO3="Completed",AO3="N/A"),OR(NOT(ISNUMBER(AP3)),AR3="Completed",AR3="N/A"),OR(NOT(ISNUMBER(AU3)),AW3="Completed",AW3="N/A"),OR(NOT(ISNUMBER(AX3)),AZ3="Completed",AZ3="N/A"),OR(NOT(ISNUMBER(BA3)),BC3="Completed",BC3="N/A"),OR(NOT(ISNUMBER(BD3)),BF3="Completed",BF3="N/A"),OR(NOT(ISNUMBER(O3)),P3="Completed",P3="N/A"),OR(NOT(ISNUMBER(BI3)),BJ3="Completed",BJ3="N/A"),OR(NOT(ISNUMBER(BK3)),BL3="Completed",BL3="N/A"),OR(NOT(ISNUMBER(BM3)),BN3="Completed",BN3="N/A"),OR(BO3="Completed",BO3="N/A")),"Completed",IF(((S3="In Progress")+(V3="In Progress")+(Y3="In Progress")+(AC3="In Progress")+(AI3="In Progress")+(AL3="In Progress")+(AO3="In Progress")+(AR3="In Progress")+(AW3="In Progress")+(AZ3="In Progress")+(BC3="In Progress")+(BF3="In Progress")+(P3="In Progress")+(BJ3="In Progress")+(BL3="In Progress")+(BN3="In Progress")+(BO3="In Progress"))>0,"In Progress","Yet to start"))))) -> Yet to start | E3: =IF(A3="","",IF(F3="","All complete",INDEX({"Dev R-Task","Dev OUR","Dev Service Request","Dev File R-Task","QA R-Task","QA OUR","QA Service Request","QA File R-Task","Prod R-Task","Prod OUR","Prod Service Request","Prod File R-Task","Sprint Readiness","Code Review Invite","Code Review","CAB"},MATCH(F3,BQ3:CF3,0)))) -> Prod OUR | F3: =IF(A3="","",IF(COUNT(BQ3:CF3)=0,"",MIN(BQ3:CF3))) -> 46224 | G3: =IF(A3="","",MAX(0,IF(AND(ISNUMBER(Q3),S3<>"Completed",S3<>"N/A",Q3<TODAY()),TODAY()-Q3,0),IF(AND(ISNUMBER(T3),V3<>"Completed",V3<>"N/A",T3<TODAY()),TODAY()-T3,0),IF(AND(ISNUMBER(W3),Y3<>"Completed",Y3<>"N/A",W3<TODAY()),TODAY()-W3,0),IF(AND(ISNUMBER(AA3),AC3<>"Completed",AC3<>"N/A",AA3<TODAY()),TODAY()-AA3,0),IF(AND(ISNUMBER(AG3),AI3<>"Completed",AI3<>"N/A",AG3<TODAY()),TODAY()-AG3,0),IF(AND(ISNUMBER(AJ3),AL3<>"Completed",AL3<>"N/A",AJ3<TODAY()),TODAY()-AJ3,0),IF(AND(ISNUMBER(AM3),AO3<>"Completed",AO3<>"N/A",AM3<TODAY()),TODAY()-AM3,0),IF(AND(ISNUMBER(AP3),AR3<>"Completed",AR3<>"N/A",AP3<TODAY()),TODAY()-AP3,0),IF(AND(ISNUMBER(AU3),AW3<>"Completed",AW3<>"N/A",AU3<TODAY()),TODAY()-AU3,0),IF(AND(ISNUMBER(AX3),AZ3<>"Completed",AZ3<>"N/A",AX3<TODAY()),TODAY()-AX3,0),IF(AND(ISNUMBER(BA3),BC3<>"Completed",BC3<>"N/A",BA3<TODAY()),TODAY()-BA3,0),IF(AND(ISNUMBER(BD3),BF3<>"Completed",BF3<>"N/A",BD3<TODAY()),TODAY()-BD3,0),IF(AND(ISNUMBER(O3),P3<>"Completed",P3<>"N/A",O3<TODAY()),TODAY()-O3,0),IF(AND(ISNUMBER(BM3),BN3<>"Completed",BN3<>"N/A",BM3<TODAY()),TODAY()-BM3,0),IF(AND(ISNUMBER(BK3),BL3<>"Completed",BL3<>"N/A",BK3<TODAY()),TODAY()-BK3,0),IF(AND(ISNUMBER(BI3),BJ3<>"Completed",BJ3<>"N/A",BI3<TODAY()),TODAY()-BI3,0))) -> 31 | H3: 46232 | I3: 46245 | J3: 46300 | K3: =IF(ISNUMBER(H3),H3,IF(ISNUMBER(M3),M3-WEEKDAY(M3,2)+1-7,"")) -> 46232 | L3: =IF(ISNUMBER(I3),I3,IF(ISNUMBER(H3),WORKDAY(H3,SprintWorkingDays-1),IF(ISNUMBER(K3),WORKDAY(K3,SprintWorkingDays-1),""))) -> 46245 | M3: =IF(ISNUMBER(J3),J3,IF(ISNUMBER(I3),I3-IF(OR(WEEKDAY(I3,2)=2,WEEKDAY(I3,2)=4),0,IF(WEEKDAY(I3,2)=3,1,IF(WEEKDAY(I3,2)=1,4,WEEKDAY(I3,2)-4))),IF(ISNUMBER(H3),WORKDAY(H3,SprintWorkingDays-1)-IF(OR(WEEKDAY(WORKDAY(H3,SprintWorkingDays-1),2)=2,WEEKDAY(WORKDAY(H3,SprintWorkingDays-1),2)=4),0,IF(WEEKDAY(WORKDAY(H3,SprintWorkingDays-1),2)=3,1,IF(WEEKDAY(WORKDAY(H3,SprintWorkingDays-1),2)=1,4,WEEKDAY(WORKDAY(H3,SprintWorkingDays-1),2)-4))),""))) -> 46300 | N3: =IF(NOT(ISNUMBER(K3)),"",WORKDAY(K3,ReadyOffsetWD)) -> 46231 | O3: =IF(NOT(ISNUMBER(K3)),"",WORKDAY(K3,SprintReadinessOffsetWD)) -> 46230 | P3: Completed | Q3: =IF(A3="","",IF(V3="N/A",IF(NOT(ISNUMBER(W3)),"",WORKDAY(W3,RTSKOffsetFromOUR_WD)),IF(NOT(ISNUMBER(T3)),"",WORKDAY(T3,RTSKOffsetFromOUR_WD)))) -> 46220 | R3: 46233 | S3: Completed | T3: =IF(OR(A3="",V3="N/A"),"",IF(NOT(ISNUMBER(W3)),"",WORKDAY(W3,OUROffsetFromSR_WD))) -> 46224 | U3: 46220 | V3: Completed | W3: =IF(OR(A3="",NOT(ISNUMBER(K3))),"",WORKDAY(K3,SROffsetFromStartWD)) -> 46225 | X3: 46220 | Y3: Completed | Z3: N/A | AA3: =IF(OR(Z3="",Z3="N/A"),"",IF(ISNUMBER(Q3),Q3,"")) | AF3: =IF(Z3="N/A","N/A","") -> N/A | AG3: =IF(NOT(ISNUMBER(Q3)),"",Q3) -> 46220 | AH3: 46225 | AI3: Completed | AJ3: =IF(OR(AL3="N/A",NOT(ISNUMBER(T3))),"",T3) -> 46224 | AK3: 46225 | AL3: Completed | AM3: =IF(NOT(ISNUMBER(W3)),"",W3) -> 46225 | AN3: 46225 | AO3: Completed | AP3: =IF(OR(Z3="",Z3="N/A"),"",IF(ISNUMBER(AG3),AG3,"")) | AU3: =IF(NOT(ISNUMBER(Q3)),"",Q3) -> 46220 | AW3: Completed | AX3: =IF(OR(AZ3="N/A",NOT(ISNUMBER(T3))),"",T3) -> 46224 | BA3: =IF(NOT(ISNUMBER(W3)),"",W3) -> 46225 | BD3: =IF(OR(Z3="",Z3="N/A"),"",IF(ISNUMBER(AU3),AU3,"")) | BI3: 46300 | BK3: =IF(NOT(ISNUMBER(BI3)),"",IF(WEEKDAY(BI3-CodeReviewCalendarDays,2)>5,BI3-CodeReviewCalendarDays-(WEEKDAY(BI3-CodeReviewCalendarDays,2)-5),BI3-CodeReviewCalendarDays)) -> 46297 | BM3: =IF(NOT(ISNUMBER(BK3)),"",IF(WEEKDAY(BK3-CodeReviewInviteCalendarDays,2)>5,BK3-CodeReviewInviteCalendarDays-(WEEKDAY(BK3-CodeReviewInviteCalendarDays,2)-5),BK3-CodeReviewInviteCalendarDays)) -> 46293 | BP3: =IF(A3="","",IF(IF(AND(ISNUMBER(J3),WEEKDAY(J3,2)<>2,WEEKDAY(J3,2)<>4)," | Release must be Tuesday or Thursday","")&IF(AND(ISNUMBER(H3),WEEKDAY(H3,2)<>1)," | Sprint Start is not a Monday - dates still calculated from the date entered","")&IF(AND(A3<>"",NOT(ISNUMBER(H3)),NOT(ISNUMBER(J3)))," | Enter Sprint Start or Release Date","")&IF(AND(ISNUMBER(F3),F3<TODAY(),D3<>"Completed")," | One or more raise-by dates are in the past and not completed","")&IF(AND(ISNUMBER(K3),K3-TODAY()<SprintWarningDays,K3>=TODAY(),OR(D3="Yet to start",D3="Blocked"))," | Sprint starts in under 10 days - raise access requests now","")&IF(AND(ISNUMBER(BM3),BN3<>"Completed",BN3<>"N/A",BM3-TODAY()<CodeReviewInviteCalendarDays)," | Code Review invite should be sent at least 4 days before Code Review","")="","",MID(IF(AND(ISNUMBER(J3),WEEKDAY(J3,2)<>2,WEEKDAY(J3,2)<>4)," | Release must be Tuesday or Thursday","")&IF(AND(ISNUMBER(H3),WEEKDAY(H3,2)<>1)," | Sprint Start is not a Monday - dates still calculated from the date entered","")&IF(AND(A3<>"",NOT(ISNUMBER(H3)),NOT(ISNUMBER(J3)))," | Enter Sprint Start or Release Date","")&IF(AND(ISNUMBER(F3),F3<TODAY(),D3<>"Completed")," | One or more raise-by dates are in the past and not completed","")&IF(AND(ISNUMBER(K3),K3-TODAY()<SprintWarningDays,K3>=TODAY(),OR(D3="Yet to start",D3="Blocked"))," | Sprint starts in under 10 days - raise access requests now","")&IF(AND(ISNUMBER(BM3),BN3<>"Completed",BN3<>"N/A",BM3-TODAY()<CodeReviewInviteCalendarDays)," | Code Review invite should be sent at least 4 days before Code Review",""),4,500))) -> Release must be Tuesday or Thursday | Sprint Start is not a Monday - dates still calculated from the date entered | One or more raise-by dates are in the past and not completed | BQ3: =IF(AND(ISNUMBER(Q3),S3<>"Completed",S3<>"N/A"),Q3,"") | BR3: =IF(AND(ISNUMBER(T3),V3<>"Completed",V3<>"N/A"),T3,"") | BS3: =IF(AND(ISNUMBER(W3),Y3<>"Completed",Y3<>"N/A"),W3,"") | BT3: =IF(AND(ISNUMBER(AA3),AC3<>"Completed",AC3<>"N/A"),AA3,"") | BU3: =IF(AND(ISNUMBER(AG3),AI3<>"Completed",AI3<>"N/A"),AG3,"") | BV3: =IF(AND(ISNUMBER(AJ3),AL3<>"Completed",AL3<>"N/A"),AJ3,"") | BW3: =IF(AND(ISNUMBER(AM3),AO3<>"Completed",AO3<>"N/A"),AM3,"") | BX3: =IF(AND(ISNUMBER(AP3),AR3<>"Completed",AR3<>"N/A"),AP3,"") | BY3: =IF(AND(ISNUMBER(AU3),AW3<>"Completed",AW3<>"N/A"),AU3,"") | BZ3: =IF(AND(ISNUMBER(AX3),AZ3<>"Completed",AZ3<>"N/A"),AX3,"") -> 46224 | CA3: =IF(AND(ISNUMBER(BA3),BC3<>"Completed",BC3<>"N/A"),BA3,"") -> 46225 | CB3: =IF(AND(ISNUMBER(BD3),BF3<>"Completed",BF3<>"N/A"),BD3,"") | CC3: =IF(AND(ISNUMBER(O3),P3<>"Completed",P3<>"N/A"),O3,"") | CD3: =IF(AND(ISNUMBER(BM3),BN3<>"Completed",BN3<>"N/A"),BM3,"") -> 46293 | CE3: =IF(AND(ISNUMBER(BK3),BL3<>"Completed",BL3<>"N/A"),BK3,"") -> 46297 | CF3: =IF(AND(ISNUMBER(BI3),BJ3<>"Completed",BJ3<>"N/A"),BI3,"") -> 46300 | CG3: =IF(OR(A3="",D3="Completed"),"",IF(N(G3)>0,1/(N(G3)+ROW()/100000),IF(ISNUMBER(F3),1000+F3+ROW()/100000,TODAY()+400+ROW()/100000))) -> 0.032258033
A4: CI | B4: Sharath Kotha | C4: Sprint 17 | D4: =IF(A4="","",IF(((S4="Blocked")+(V4="Blocked")+(Y4="Blocked")+(AC4="Blocked")+(AI4="Blocked")+(AL4="Blocked")+(AO4="Blocked")+(AR4="Blocked")+(AW4="Blocked")+(AZ4="Blocked")+(BC4="Blocked")+(BF4="Blocked")+(P4="Blocked")+(BJ4="Blocked")+(BL4="Blocked")+(BN4="Blocked")+(BO4="Blocked"))>0,"Blocked",IF((ISNUMBER(Q4)+ISNUMBER(T4)+ISNUMBER(W4)+ISNUMBER(AA4)+ISNUMBER(AG4)+ISNUMBER(AJ4)+ISNUMBER(AM4)+ISNUMBER(AP4)+ISNUMBER(AU4)+ISNUMBER(AX4)+ISNUMBER(BA4)+ISNUMBER(BD4)+ISNUMBER(O4)+ISNUMBER(BI4)+ISNUMBER(BK4)+ISNUMBER(BM4))=0,"Yet to start",IF(AND(OR(NOT(ISNUMBER(Q4)),S4="Completed",S4="N/A"),OR(NOT(ISNUMBER(T4)),V4="Completed",V4="N/A"),OR(NOT(ISNUMBER(W4)),Y4="Completed",Y4="N/A"),OR(NOT(ISNUMBER(AA4)),AC4="Completed",AC4="N/A"),OR(NOT(ISNUMBER(AG4)),AI4="Completed",AI4="N/A"),OR(NOT(ISNUMBER(AJ4)),AL4="Completed",AL4="N/A"),OR(NOT(ISNUMBER(AM4)),AO4="Completed",AO4="N/A"),OR(NOT(ISNUMBER(AP4)),AR4="Completed",AR4="N/A"),OR(NOT(ISNUMBER(AU4)),AW4="Completed",AW4="N/A"),OR(NOT(ISNUMBER(AX4)),AZ4="Completed",AZ4="N/A"),OR(NOT(ISNUMBER(BA4)),BC4="Completed",BC4="N/A"),OR(NOT(ISNUMBER(BD4)),BF4="Completed",BF4="N/A"),OR(NOT(ISNUMBER(O4)),P4="Completed",P4="N/A"),OR(NOT(ISNUMBER(BI4)),BJ4="Completed",BJ4="N/A"),OR(NOT(ISNUMBER(BK4)),BL4="Completed",BL4="N/A"),OR(NOT(ISNUMBER(BM4)),BN4="Completed",BN4="N/A"),OR(BO4="Completed",BO4="N/A")),"Completed",IF(((S4="In Progress")+(V4="In Progress")+(Y4="In Progress")+(AC4="In Progress")+(AI4="In Progress")+(AL4="In Progress")+(AO4="In Progress")+(AR4="In Progress")+(AW4="In Progress")+(AZ4="In Progress")+(BC4="In Progress")+(BF4="In Progress")+(P4="In Progress")+(BJ4="In Progress")+(BL4="In Progress")+(BN4="In Progress")+(BO4="In Progress"))>0,"In Progress","Yet to start"))))) -> Yet to start | E4: =IF(A4="","",IF(F4="","All complete",INDEX({"Dev R-Task","Dev OUR","Dev Service Request","Dev File R-Task","QA R-Task","QA OUR","QA Service Request","QA File R-Task","Prod R-Task","Prod OUR","Prod Service Request","Prod File R-Task","Sprint Readiness","Code Review Invite","Code Review","CAB"},MATCH(F4,BQ4:CF4,0)))) -> Prod OUR | F4: =IF(A4="","",IF(COUNT(BQ4:CF4)=0,"",MIN(BQ4:CF4))) -> 46224 | G4: =IF(A4="","",MAX(0,IF(AND(ISNUMBER(Q4),S4<>"Completed",S4<>"N/A",Q4<TODAY()),TODAY()-Q4,0),IF(AND(ISNUMBER(T4),V4<>"Completed",V4<>"N/A",T4<TODAY()),TODAY()-T4,0),IF(AND(ISNUMBER(W4),Y4<>"Completed",Y4<>"N/A",W4<TODAY()),TODAY()-W4,0),IF(AND(ISNUMBER(AA4),AC4<>"Completed",AC4<>"N/A",AA4<TODAY()),TODAY()-AA4,0),IF(AND(ISNUMBER(AG4),AI4<>"Completed",AI4<>"N/A",AG4<TODAY()),TODAY()-AG4,0),IF(AND(ISNUMBER(AJ4),AL4<>"Completed",AL4<>"N/A",AJ4<TODAY()),TODAY()-AJ4,0),IF(AND(ISNUMBER(AM4),AO4<>"Completed",AO4<>"N/A",AM4<TODAY()),TODAY()-AM4,0),IF(AND(ISNUMBER(AP4),AR4<>"Completed",AR4<>"N/A",AP4<TODAY()),TODAY()-AP4,0),IF(AND(ISNUMBER(AU4),AW4<>"Completed",AW4<>"N/A",AU4<TODAY()),TODAY()-AU4,0),IF(AND(ISNUMBER(AX4),AZ4<>"Completed",AZ4<>"N/A",AX4<TODAY()),TODAY()-AX4,0),IF(AND(ISNUMBER(BA4),BC4<>"Completed",BC4<>"N/A",BA4<TODAY()),TODAY()-BA4,0),IF(AND(ISNUMBER(BD4),BF4<>"Completed",BF4<>"N/A",BD4<TODAY()),TODAY()-BD4,0),IF(AND(ISNUMBER(O4),P4<>"Completed",P4<>"N/A",O4<TODAY()),TODAY()-O4,0),IF(AND(ISNUMBER(BM4),BN4<>"Completed",BN4<>"N/A",BM4<TODAY()),TODAY()-BM4,0),IF(AND(ISNUMBER(BK4),BL4<>"Completed",BL4<>"N/A",BK4<TODAY()),TODAY()-BK4,0),IF(AND(ISNUMBER(BI4),BJ4<>"Completed",BJ4<>"N/A",BI4<TODAY()),TODAY()-BI4,0))) -> 31 | H4: 46232 | I4: 46245 | J4: 46300 | K4: =IF(ISNUMBER(H4),H4,IF(ISNUMBER(M4),M4-WEEKDAY(M4,2)+1-7,"")) -> 46232 | L4: =IF(ISNUMBER(I4),I4,IF(ISNUMBER(H4),WORKDAY(H4,SprintWorkingDays-1),IF(ISNUMBER(K4),WORKDAY(K4,SprintWorkingDays-1),""))) -> 46245 | M4: =IF(ISNUMBER(J4),J4,IF(ISNUMBER(I4),I4-IF(OR(WEEKDAY(I4,2)=2,WEEKDAY(I4,2)=4),0,IF(WEEKDAY(I4,2)=3,1,IF(WEEKDAY(I4,2)=1,4,WEEKDAY(I4,2)-4))),IF(ISNUMBER(H4),WORKDAY(H4,SprintWorkingDays-1)-IF(OR(WEEKDAY(WORKDAY(H4,SprintWorkingDays-1),2)=2,WEEKDAY(WORKDAY(H4,SprintWorkingDays-1),2)=4),0,IF(WEEKDAY(WORKDAY(H4,SprintWorkingDays-1),2)=3,1,IF(WEEKDAY(WORKDAY(H4,SprintWorkingDays-1),2)=1,4,WEEKDAY(WORKDAY(H4,SprintWorkingDays-1),2)-4))),""))) -> 46300 | N4: =IF(NOT(ISNUMBER(K4)),"",WORKDAY(K4,ReadyOffsetWD)) -> 46231 | O4: =IF(NOT(ISNUMBER(K4)),"",WORKDAY(K4,SprintReadinessOffsetWD)) -> 46230 | P4: Completed | Q4: =IF(A4="","",IF(V4="N/A",IF(NOT(ISNUMBER(W4)),"",WORKDAY(W4,RTSKOffsetFromOUR_WD)),IF(NOT(ISNUMBER(T4)),"",WORKDAY(T4,RTSKOffsetFromOUR_WD)))) -> 46220 | R4: 46233 | S4: Completed | T4: =IF(OR(A4="",V4="N/A"),"",IF(NOT(ISNUMBER(W4)),"",WORKDAY(W4,OUROffsetFromSR_WD))) -> 46224 | U4: 46220 | V4: Completed | W4: =IF(OR(A4="",NOT(ISNUMBER(K4))),"",WORKDAY(K4,SROffsetFromStartWD)) -> 46225 | X4: 46220 | Y4: Completed | Z4: N/A | AA4: =IF(OR(Z4="",Z4="N/A"),"",IF(ISNUMBER(Q4),Q4,"")) | AF4: =IF(Z4="N/A","N/A","") -> N/A | AG4: =IF(NOT(ISNUMBER(Q4)),"",Q4) -> 46220 | AH4: 46225 | AI4: Completed | AJ4: =IF(OR(AL4="N/A",NOT(ISNUMBER(T4))),"",T4) -> 46224 | AK4: 46225 | AL4: Completed | AM4: =IF(NOT(ISNUMBER(W4)),"",W4) -> 46225 | AN4: 46225 | AO4: Completed | AP4: =IF(OR(Z4="",Z4="N/A"),"",IF(ISNUMBER(AG4),AG4,"")) | AU4: =IF(NOT(ISNUMBER(Q4)),"",Q4) -> 46220 | AW4: Completed | AX4: =IF(OR(AZ4="N/A",NOT(ISNUMBER(T4))),"",T4) -> 46224 | BA4: =IF(NOT(ISNUMBER(W4)),"",W4) -> 46225 | BD4: =IF(OR(Z4="",Z4="N/A"),"",IF(ISNUMBER(AU4),AU4,"")) | BI4: 46300 | BK4: =IF(NOT(ISNUMBER(BI4)),"",IF(WEEKDAY(BI4-CodeReviewCalendarDays,2)>5,BI4-CodeReviewCalendarDays-(WEEKDAY(BI4-CodeReviewCalendarDays,2)-5),BI4-CodeReviewCalendarDays)) -> 46297 | BM4: =IF(NOT(ISNUMBER(BK4)),"",IF(WEEKDAY(BK4-CodeReviewInviteCalendarDays,2)>5,BK4-CodeReviewInviteCalendarDays-(WEEKDAY(BK4-CodeReviewInviteCalendarDays,2)-5),BK4-CodeReviewInviteCalendarDays)) -> 46293 | BP4: =IF(A4="","",IF(IF(AND(ISNUMBER(J4),WEEKDAY(J4,2)<>2,WEEKDAY(J4,2)<>4)," | Release must be Tuesday or Thursday","")&IF(AND(ISNUMBER(H4),WEEKDAY(H4,2)<>1)," | Sprint Start is not a Monday - dates still calculated from the date entered","")&IF(AND(A4<>"",NOT(ISNUMBER(H4)),NOT(ISNUMBER(J4)))," | Enter Sprint Start or Release Date","")&IF(AND(ISNUMBER(F4),F4<TODAY(),D4<>"Completed")," | One or more raise-by dates are in the past and not completed","")&IF(AND(ISNUMBER(K4),K4-TODAY()<SprintWarningDays,K4>=TODAY(),OR(D4="Yet to start",D4="Blocked"))," | Sprint starts in under 10 days - raise access requests now","")&IF(AND(ISNUMBER(BM4),BN4<>"Completed",BN4<>"N/A",BM4-TODAY()<CodeReviewInviteCalendarDays)," | Code Review invite should be sent at least 4 days before Code Review","")="","",MID(IF(AND(ISNUMBER(J4),WEEKDAY(J4,2)<>2,WEEKDAY(J4,2)<>4)," | Release must be Tuesday or Thursday","")&IF(AND(ISNUMBER(H4),WEEKDAY(H4,2)<>1)," | Sprint Start is not a Monday - dates still calculated from the date entered","")&IF(AND(A4<>"",NOT(ISNUMBER(H4)),NOT(ISNUMBER(J4)))," | Enter Sprint Start or Release Date","")&IF(AND(ISNUMBER(F4),F4<TODAY(),D4<>"Completed")," | One or more raise-by dates are in the past and not completed","")&IF(AND(ISNUMBER(K4),K4-TODAY()<SprintWarningDays,K4>=TODAY(),OR(D4="Yet to start",D4="Blocked"))," | Sprint starts in under 10 days - raise access requests now","")&IF(AND(ISNUMBER(BM4),BN4<>"Completed",BN4<>"N/A",BM4-TODAY()<CodeReviewInviteCalendarDays)," | Code Review invite should be sent at least 4 days before Code Review",""),4,500))) -> Release must be Tuesday or Thursday | Sprint Start is not a Monday - dates still calculated from the date entered | One or more raise-by dates are in the past and not completed | BQ4: =IF(AND(ISNUMBER(Q4),S4<>"Completed",S4<>"N/A"),Q4,"") | BR4: =IF(AND(ISNUMBER(T4),V4<>"Completed",V4<>"N/A"),T4,"") | BS4: =IF(AND(ISNUMBER(W4),Y4<>"Completed",Y4<>"N/A"),W4,"") | BT4: =IF(AND(ISNUMBER(AA4),AC4<>"Completed",AC4<>"N/A"),AA4,"") | BU4: =IF(AND(ISNUMBER(AG4),AI4<>"Completed",AI4<>"N/A"),AG4,"") | BV4: =IF(AND(ISNUMBER(AJ4),AL4<>"Completed",AL4<>"N/A"),AJ4,"") | BW4: =IF(AND(ISNUMBER(AM4),AO4<>"Completed",AO4<>"N/A"),AM4,"") | BX4: =IF(AND(ISNUMBER(AP4),AR4<>"Completed",AR4<>"N/A"),AP4,"") | BY4: =IF(AND(ISNUMBER(AU4),AW4<>"Completed",AW4<>"N/A"),AU4,"") | BZ4: =IF(AND(ISNUMBER(AX4),AZ4<>"Completed",AZ4<>"N/A"),AX4,"") -> 46224 | CA4: =IF(AND(ISNUMBER(BA4),BC4<>"Completed",BC4<>"N/A"),BA4,"") -> 46225 | CB4: =IF(AND(ISNUMBER(BD4),BF4<>"Completed",BF4<>"N/A"),BD4,"") | CC4: =IF(AND(ISNUMBER(O4),P4<>"Completed",P4<>"N/A"),O4,"") | CD4: =IF(AND(ISNUMBER(BM4),BN4<>"Completed",BN4<>"N/A"),BM4,"") -> 46293 | CE4: =IF(AND(ISNUMBER(BK4),BL4<>"Completed",BL4<>"N/A"),BK4,"") -> 46297 | CF4: =IF(AND(ISNUMBER(BI4),BJ4<>"Completed",BJ4<>"N/A"),BI4,"") -> 46300 | CG4: =IF(OR(A4="",D4="Completed"),"",IF(N(G4)>0,1/(N(G4)+ROW()/100000),IF(ISNUMBER(F4),1000+F4+ROW()/100000,TODAY()+400+ROW()/100000))) -> 0.032258023
A5: CBP | B5: Sharath Kotha | C5: Sprint 17 | D5: =IF(A5="","",IF(((S5="Blocked")+(V5="Blocked")+(Y5="Blocked")+(AC5="Blocked")+(AI5="Blocked")+(AL5="Blocked")+(AO5="Blocked")+(AR5="Blocked")+(AW5="Blocked")+(AZ5="Blocked")+(BC5="Blocked")+(BF5="Blocked")+(P5="Blocked")+(BJ5="Blocked")+(BL5="Blocked")+(BN5="Blocked")+(BO5="Blocked"))>0,"Blocked",IF((ISNUMBER(Q5)+ISNUMBER(T5)+ISNUMBER(W5)+ISNUMBER(AA5)+ISNUMBER(AG5)+ISNUMBER(AJ5)+ISNUMBER(AM5)+ISNUMBER(AP5)+ISNUMBER(AU5)+ISNUMBER(AX5)+ISNUMBER(BA5)+ISNUMBER(BD5)+ISNUMBER(O5)+ISNUMBER(BI5)+ISNUMBER(BK5)+ISNUMBER(BM5))=0,"Yet to start",IF(AND(OR(NOT(ISNUMBER(Q5)),S5="Completed",S5="N/A"),OR(NOT(ISNUMBER(T5)),V5="Completed",V5="N/A"),OR(NOT(ISNUMBER(W5)),Y5="Completed",Y5="N/A"),OR(NOT(ISNUMBER(AA5)),AC5="Completed",AC5="N/A"),OR(NOT(ISNUMBER(AG5)),AI5="Completed",AI5="N/A"),OR(NOT(ISNUMBER(AJ5)),AL5="Completed",AL5="N/A"),OR(NOT(ISNUMBER(AM5)),AO5="Completed",AO5="N/A"),OR(NOT(ISNUMBER(AP5)),AR5="Completed",AR5="N/A"),OR(NOT(ISNUMBER(AU5)),AW5="Completed",AW5="N/A"),OR(NOT(ISNUMBER(AX5)),AZ5="Completed",AZ5="N/A"),OR(NOT(ISNUMBER(BA5)),BC5="Completed",BC5="N/A"),OR(NOT(ISNUMBER(BD5)),BF5="Completed",BF5="N/A"),OR(NOT(ISNUMBER(O5)),P5="Completed",P5="N/A"),OR(NOT(ISNUMBER(BI5)),BJ5="Completed",BJ5="N/A"),OR(NOT(ISNUMBER(BK5)),BL5="Completed",BL5="N/A"),OR(NOT(ISNUMBER(BM5)),BN5="Completed",BN5="N/A"),OR(BO5="Completed",BO5="N/A")),"Completed",IF(((S5="In Progress")+(V5="In Progress")+(Y5="In Progress")+(AC5="In Progress")+(AI5="In Progress")+(AL5="In Progress")+(AO5="In Progress")+(AR5="In Progress")+(AW5="In Progress")+(AZ5="In Progress")+(BC5="In Progress")+(BF5="In Progress")+(P5="In Progress")+(BJ5="In Progress")+(BL5="In Progress")+(BN5="In Progress")+(BO5="In Progress"))>0,"In Progress","Yet to start"))))) -> Yet to start | E5: =IF(A5="","",IF(F5="","All complete",INDEX({"Dev R-Task","Dev OUR","Dev Service Request","Dev File R-Task","QA R-Task","QA OUR","QA Service Request","QA File R-Task","Prod R-Task","Prod OUR","Prod Service Request","Prod File R-Task","Sprint Readiness","Code Review Invite","Code Review","CAB"},MATCH(F5,BQ5:CF5,0)))) -> Prod OUR | F5: =IF(A5="","",IF(COUNT(BQ5:CF5)=0,"",MIN(BQ5:CF5))) -> 46224 | G5: =IF(A5="","",MAX(0,IF(AND(ISNUMBER(Q5),S5<>"Completed",S5<>"N/A",Q5<TODAY()),TODAY()-Q5,0),IF(AND(ISNUMBER(T5),V5<>"Completed",V5<>"N/A",T5<TODAY()),TODAY()-T5,0),IF(AND(ISNUMBER(W5),Y5<>"Completed",Y5<>"N/A",W5<TODAY()),TODAY()-W5,0),IF(AND(ISNUMBER(AA5),AC5<>"Completed",AC5<>"N/A",AA5<TODAY()),TODAY()-AA5,0),IF(AND(ISNUMBER(AG5),AI5<>"Completed",AI5<>"N/A",AG5<TODAY()),TODAY()-AG5,0),IF(AND(ISNUMBER(AJ5),AL5<>"Completed",AL5<>"N/A",AJ5<TODAY()),TODAY()-AJ5,0),IF(AND(ISNUMBER(AM5),AO5<>"Completed",AO5<>"N/A",AM5<TODAY()),TODAY()-AM5,0),IF(AND(ISNUMBER(AP5),AR5<>"Completed",AR5<>"N/A",AP5<TODAY()),TODAY()-AP5,0),IF(AND(ISNUMBER(AU5),AW5<>"Completed",AW5<>"N/A",AU5<TODAY()),TODAY()-AU5,0),IF(AND(ISNUMBER(AX5),AZ5<>"Completed",AZ5<>"N/A",AX5<TODAY()),TODAY()-AX5,0),IF(AND(ISNUMBER(BA5),BC5<>"Completed",BC5<>"N/A",BA5<TODAY()),TODAY()-BA5,0),IF(AND(ISNUMBER(BD5),BF5<>"Completed",BF5<>"N/A",BD5<TODAY()),TODAY()-BD5,0),IF(AND(ISNUMBER(O5),P5<>"Completed",P5<>"N/A",O5<TODAY()),TODAY()-O5,0),IF(AND(ISNUMBER(BM5),BN5<>"Completed",BN5<>"N/A",BM5<TODAY()),TODAY()-BM5,0),IF(AND(ISNUMBER(BK5),BL5<>"Completed",BL5<>"N/A",BK5<TODAY()),TODAY()-BK5,0),IF(AND(ISNUMBER(BI5),BJ5<>"Completed",BJ5<>"N/A",BI5<TODAY()),TODAY()-BI5,0))) -> 31 | H5: 46232 | I5: 46245 | J5: 46300 | K5: =IF(ISNUMBER(H5),H5,IF(ISNUMBER(M5),M5-WEEKDAY(M5,2)+1-7,"")) -> 46232 | L5: =IF(ISNUMBER(I5),I5,IF(ISNUMBER(H5),WORKDAY(H5,SprintWorkingDays-1),IF(ISNUMBER(K5),WORKDAY(K5,SprintWorkingDays-1),""))) -> 46245 | M5: =IF(ISNUMBER(J5),J5,IF(ISNUMBER(I5),I5-IF(OR(WEEKDAY(I5,2)=2,WEEKDAY(I5,2)=4),0,IF(WEEKDAY(I5,2)=3,1,IF(WEEKDAY(I5,2)=1,4,WEEKDAY(I5,2)-4))),IF(ISNUMBER(H5),WORKDAY(H5,SprintWorkingDays-1)-IF(OR(WEEKDAY(WORKDAY(H5,SprintWorkingDays-1),2)=2,WEEKDAY(WORKDAY(H5,SprintWorkingDays-1),2)=4),0,IF(WEEKDAY(WORKDAY(H5,SprintWorkingDays-1),2)=3,1,IF(WEEKDAY(WORKDAY(H5,SprintWorkingDays-1),2)=1,4,WEEKDAY(WORKDAY(H5,SprintWorkingDays-1),2)-4))),""))) -> 46300 | N5: =IF(NOT(ISNUMBER(K5)),"",WORKDAY(K5,ReadyOffsetWD)) -> 46231 | O5: =IF(NOT(ISNUMBER(K5)),"",WORKDAY(K5,SprintReadinessOffsetWD)) -> 46230 | P5: Completed | Q5: =IF(A5="","",IF(V5="N/A",IF(NOT(ISNUMBER(W5)),"",WORKDAY(W5,RTSKOffsetFromOUR_WD)),IF(NOT(ISNUMBER(T5)),"",WORKDAY(T5,RTSKOffsetFromOUR_WD)))) -> 46220 | R5: 46233 | S5: Completed | T5: =IF(OR(A5="",V5="N/A"),"",IF(NOT(ISNUMBER(W5)),"",WORKDAY(W5,OUROffsetFromSR_WD))) -> 46224 | U5: 46220 | V5: Completed | W5: =IF(OR(A5="",NOT(ISNUMBER(K5))),"",WORKDAY(K5,SROffsetFromStartWD)) -> 46225 | X5: 46220 | Y5: Completed | Z5: N/A | AA5: =IF(OR(Z5="",Z5="N/A"),"",IF(ISNUMBER(Q5),Q5,"")) | AF5: =IF(Z5="N/A","N/A","") -> N/A | AG5: =IF(NOT(ISNUMBER(Q5)),"",Q5) -> 46220 | AH5: 46225 | AI5: Completed | AJ5: =IF(OR(AL5="N/A",NOT(ISNUMBER(T5))),"",T5) -> 46224 | AK5: 46225 | AL5: Completed | AM5: =IF(NOT(ISNUMBER(W5)),"",W5) -> 46225 | AN5: 46225 | AO5: Completed | AP5: =IF(OR(Z5="",Z5="N/A"),"",IF(ISNUMBER(AG5),AG5,"")) | AU5: =IF(NOT(ISNUMBER(Q5)),"",Q5) -> 46220 | AW5: Completed | AX5: =IF(OR(AZ5="N/A",NOT(ISNUMBER(T5))),"",T5) -> 46224 | BA5: =IF(NOT(ISNUMBER(W5)),"",W5) -> 46225 | BD5: =IF(OR(Z5="",Z5="N/A"),"",IF(ISNUMBER(AU5),AU5,"")) | BI5: 46300 | BK5: =IF(NOT(ISNUMBER(BI5)),"",IF(WEEKDAY(BI5-CodeReviewCalendarDays,2)>5,BI5-CodeReviewCalendarDays-(WEEKDAY(BI5-CodeReviewCalendarDays,2)-5),BI5-CodeReviewCalendarDays)) -> 46297 | BM5: =IF(NOT(ISNUMBER(BK5)),"",IF(WEEKDAY(BK5-CodeReviewInviteCalendarDays,2)>5,BK5-CodeReviewInviteCalendarDays-(WEEKDAY(BK5-CodeReviewInviteCalendarDays,2)-5),BK5-CodeReviewInviteCalendarDays)) -> 46293 | BP5: =IF(A5="","",IF(IF(AND(ISNUMBER(J5),WEEKDAY(J5,2)<>2,WEEKDAY(J5,2)<>4)," | Release must be Tuesday or Thursday","")&IF(AND(ISNUMBER(H5),WEEKDAY(H5,2)<>1)," | Sprint Start is not a Monday - dates still calculated from the date entered","")&IF(AND(A5<>"",NOT(ISNUMBER(H5)),NOT(ISNUMBER(J5)))," | Enter Sprint Start or Release Date","")&IF(AND(ISNUMBER(F5),F5<TODAY(),D5<>"Completed")," | One or more raise-by dates are in the past and not completed","")&IF(AND(ISNUMBER(K5),K5-TODAY()<SprintWarningDays,K5>=TODAY(),OR(D5="Yet to start",D5="Blocked"))," | Sprint starts in under 10 days - raise access requests now","")&IF(AND(ISNUMBER(BM5),BN5<>"Completed",BN5<>"N/A",BM5-TODAY()<CodeReviewInviteCalendarDays)," | Code Review invite should be sent at least 4 days before Code Review","")="","",MID(IF(AND(ISNUMBER(J5),WEEKDAY(J5,2)<>2,WEEKDAY(J5,2)<>4)," | Release must be Tuesday or Thursday","")&IF(AND(ISNUMBER(H5),WEEKDAY(H5,2)<>1)," | Sprint Start is not a Monday - dates still calculated from the date entered","")&IF(AND(A5<>"",NOT(ISNUMBER(H5)),NOT(ISNUMBER(J5)))," | Enter Sprint Start or Release Date","")&IF(AND(ISNUMBER(F5),F5<TODAY(),D5<>"Completed")," | One or more raise-by dates are in the past and not completed","")&IF(AND(ISNUMBER(K5),K5-TODAY()<SprintWarningDays,K5>=TODAY(),OR(D5="Yet to start",D5="Blocked"))," | Sprint starts in under 10 days - raise access requests now","")&IF(AND(ISNUMBER(BM5),BN5<>"Completed",BN5<>"N/A",BM5-TODAY()<CodeReviewInviteCalendarDays)," | Code Review invite should be sent at least 4 days before Code Review",""),4,500))) -> Release must be Tuesday or Thursday | Sprint Start is not a Monday - dates still calculated from the date entered | One or more raise-by dates are in the past and not completed | BQ5: =IF(AND(ISNUMBER(Q5),S5<>"Completed",S5<>"N/A"),Q5,"") | BR5: =IF(AND(ISNUMBER(T5),V5<>"Completed",V5<>"N/A"),T5,"") | BS5: =IF(AND(ISNUMBER(W5),Y5<>"Completed",Y5<>"N/A"),W5,"") | BT5: =IF(AND(ISNUMBER(AA5),AC5<>"Completed",AC5<>"N/A"),AA5,"") | BU5: =IF(AND(ISNUMBER(AG5),AI5<>"Completed",AI5<>"N/A"),AG5,"") | BV5: =IF(AND(ISNUMBER(AJ5),AL5<>"Completed",AL5<>"N/A"),AJ5,"") | BW5: =IF(AND(ISNUMBER(AM5),AO5<>"Completed",AO5<>"N/A"),AM5,"") | BX5: =IF(AND(ISNUMBER(AP5),AR5<>"Completed",AR5<>"N/A"),AP5,"") | BY5: =IF(AND(ISNUMBER(AU5),AW5<>"Completed",AW5<>"N/A"),AU5,"") | BZ5: =IF(AND(ISNUMBER(AX5),AZ5<>"Completed",AZ5<>"N/A"),AX5,"") -> 46224 | CA5: =IF(AND(ISNUMBER(BA5),BC5<>"Completed",BC5<>"N/A"),BA5,"") -> 46225 | CB5: =IF(AND(ISNUMBER(BD5),BF5<>"Completed",BF5<>"N/A"),BD5,"") | CC5: =IF(AND(ISNUMBER(O5),P5<>"Completed",P5<>"N/A"),O5,"") | CD5: =IF(AND(ISNUMBER(BM5),BN5<>"Completed",BN5<>"N/A"),BM5,"") -> 46293 | CE5: =IF(AND(ISNUMBER(BK5),BL5<>"Completed",BL5<>"N/A"),BK5,"") -> 46297 | CF5: =IF(AND(ISNUMBER(BI5),BJ5<>"Completed",BJ5<>"N/A"),BI5,"") -> 46300 | CG5: =IF(OR(A5="",D5="Completed"),"",IF(N(G5)>0,1/(N(G5)+ROW()/100000),IF(ISNUMBER(F5),1000+F5+ROW()/100000,TODAY()+400+ROW()/100000))) -> 0.032258012
A6: BI80 | B6: Sharath Kotha | C6: Sprint 17 | D6: =IF(A6="","",IF(((S6="Blocked")+(V6="Blocked")+(Y6="Blocked")+(AC6="Blocked")+(AI6="Blocked")+(AL6="Blocked")+(AO6="Blocked")+(AR6="Blocked")+(AW6="Blocked")+(AZ6="Blocked")+(BC6="Blocked")+(BF6="Blocked")+(P6="Blocked")+(BJ6="Blocked")+(BL6="Blocked")+(BN6="Blocked")+(BO6="Blocked"))>0,"Blocked",IF((ISNUMBER(Q6)+ISNUMBER(T6)+ISNUMBER(W6)+ISNUMBER(AA6)+ISNUMBER(AG6)+ISNUMBER(AJ6)+ISNUMBER(AM6)+ISNUMBER(AP6)+ISNUMBER(AU6)+ISNUMBER(AX6)+ISNUMBER(BA6)+ISNUMBER(BD6)+ISNUMBER(O6)+ISNUMBER(BI6)+ISNUMBER(BK6)+ISNUMBER(BM6))=0,"Yet to start",IF(AND(OR(NOT(ISNUMBER(Q6)),S6="Completed",S6="N/A"),OR(NOT(ISNUMBER(T6)),V6="Completed",V6="N/A"),OR(NOT(ISNUMBER(W6)),Y6="Completed",Y6="N/A"),OR(NOT(ISNUMBER(AA6)),AC6="Completed",AC6="N/A"),OR(NOT(ISNUMBER(AG6)),AI6="Completed",AI6="N/A"),OR(NOT(ISNUMBER(AJ6)),AL6="Completed",AL6="N/A"),OR(NOT(ISNUMBER(AM6)),AO6="Completed",AO6="N/A"),OR(NOT(ISNUMBER(AP6)),AR6="Completed",AR6="N/A"),OR(NOT(ISNUMBER(AU6)),AW6="Completed",AW6="N/A"),OR(NOT(ISNUMBER(AX6)),AZ6="Completed",AZ6="N/A"),OR(NOT(ISNUMBER(BA6)),BC6="Completed",BC6="N/A"),OR(NOT(ISNUMBER(BD6)),BF6="Completed",BF6="N/A"),OR(NOT(ISNUMBER(O6)),P6="Completed",P6="N/A"),OR(NOT(ISNUMBER(BI6)),BJ6="Completed",BJ6="N/A"),OR(NOT(ISNUMBER(BK6)),BL6="Completed",BL6="N/A"),OR(NOT(ISNUMBER(BM6)),BN6="Completed",BN6="N/A"),OR(BO6="Completed",BO6="N/A")),"Completed",IF(((S6="In Progress")+(V6="In Progress")+(Y6="In Progress")+(AC6="In Progress")+(AI6="In Progress")+(AL6="In Progress")+(AO6="In Progress")+(AR6="In Progress")+(AW6="In Progress")+(AZ6="In Progress")+(BC6="In Progress")+(BF6="In Progress")+(P6="In Progress")+(BJ6="In Progress")+(BL6="In Progress")+(BN6="In Progress")+(BO6="In Progress"))>0,"In Progress","Yet to start"))))) -> Yet to start | E6: =IF(A6="","",IF(F6="","All complete",INDEX({"Dev R-Task","Dev OUR","Dev Service Request","Dev File R-Task","QA R-Task","QA OUR","QA Service Request","QA File R-Task","Prod R-Task","Prod OUR","Prod Service Request","Prod File R-Task","Sprint Readiness","Code Review Invite","Code Review","CAB"},MATCH(F6,BQ6:CF6,0)))) -> Prod OUR | F6: =IF(A6="","",IF(COUNT(BQ6:CF6)=0,"",MIN(BQ6:CF6))) -> 46224 | G6: =IF(A6="","",MAX(0,IF(AND(ISNUMBER(Q6),S6<>"Completed",S6<>"N/A",Q6<TODAY()),TODAY()-Q6,0),IF(AND(ISNUMBER(T6),V6<>"Completed",V6<>"N/A",T6<TODAY()),TODAY()-T6,0),IF(AND(ISNUMBER(W6),Y6<>"Completed",Y6<>"N/A",W6<TODAY()),TODAY()-W6,0),IF(AND(ISNUMBER(AA6),AC6<>"Completed",AC6<>"N/A",AA6<TODAY()),TODAY()-AA6,0),IF(AND(ISNUMBER(AG6),AI6<>"Completed",AI6<>"N/A",AG6<TODAY()),TODAY()-AG6,0),IF(AND(ISNUMBER(AJ6),AL6<>"Completed",AL6<>"N/A",AJ6<TODAY()),TODAY()-AJ6,0),IF(AND(ISNUMBER(AM6),AO6<>"Completed",AO6<>"N/A",AM6<TODAY()),TODAY()-AM6,0),IF(AND(ISNUMBER(AP6),AR6<>"Completed",AR6<>"N/A",AP6<TODAY()),TODAY()-AP6,0),IF(AND(ISNUMBER(AU6),AW6<>"Completed",AW6<>"N/A",AU6<TODAY()),TODAY()-AU6,0),IF(AND(ISNUMBER(AX6),AZ6<>"Completed",AZ6<>"N/A",AX6<TODAY()),TODAY()-AX6,0),IF(AND(ISNUMBER(BA6),BC6<>"Completed",BC6<>"N/A",BA6<TODAY()),TODAY()-BA6,0),IF(AND(ISNUMBER(BD6),BF6<>"Completed",BF6<>"N/A",BD6<TODAY()),TODAY()-BD6,0),IF(AND(ISNUMBER(O6),P6<>"Completed",P6<>"N/A",O6<TODAY()),TODAY()-O6,0),IF(AND(ISNUMBER(BM6),BN6<>"Completed",BN6<>"N/A",BM6<TODAY()),TODAY()-BM6,0),IF(AND(ISNUMBER(BK6),BL6<>"Completed",BL6<>"N/A",BK6<TODAY()),TODAY()-BK6,0),IF(AND(ISNUMBER(BI6),BJ6<>"Completed",BJ6<>"N/A",BI6<TODAY()),TODAY()-BI6,0))) -> 31 | H6: 46232 | I6: 46245 | J6: 46300 | K6: =IF(ISNUMBER(H6),H6,IF(ISNUMBER(M6),M6-WEEKDAY(M6,2)+1-7,"")) -> 46232 | L6: =IF(ISNUMBER(I6),I6,IF(ISNUMBER(H6),WORKDAY(H6,SprintWorkingDays-1),IF(ISNUMBER(K6),WORKDAY(K6,SprintWorkingDays-1),""))) -> 46245 | M6: =IF(ISNUMBER(J6),J6,IF(ISNUMBER(I6),I6-IF(OR(WEEKDAY(I6,2)=2,WEEKDAY(I6,2)=4),0,IF(WEEKDAY(I6,2)=3,1,IF(WEEKDAY(I6,2)=1,4,WEEKDAY(I6,2)-4))),IF(ISNUMBER(H6),WORKDAY(H6,SprintWorkingDays-1)-IF(OR(WEEKDAY(WORKDAY(H6,SprintWorkingDays-1),2)=2,WEEKDAY(WORKDAY(H6,SprintWorkingDays-1),2)=4),0,IF(WEEKDAY(WORKDAY(H6,SprintWorkingDays-1),2)=3,1,IF(WEEKDAY(WORKDAY(H6,SprintWorkingDays-1),2)=1,4,WEEKDAY(WORKDAY(H6,SprintWorkingDays-1),2)-4))),""))) -> 46300 | N6: =IF(NOT(ISNUMBER(K6)),"",WORKDAY(K6,ReadyOffsetWD)) -> 46231 | O6: =IF(NOT(ISNUMBER(K6)),"",WORKDAY(K6,SprintReadinessOffsetWD)) -> 46230 | P6: Completed | Q6: =IF(A6="","",IF(V6="N/A",IF(NOT(ISNUMBER(W6)),"",WORKDAY(W6,RTSKOffsetFromOUR_WD)),IF(NOT(ISNUMBER(T6)),"",WORKDAY(T6,RTSKOffsetFromOUR_WD)))) -> 46220 | R6: 46233 | S6: Completed | T6: =IF(OR(A6="",V6="N/A"),"",IF(NOT(ISNUMBER(W6)),"",WORKDAY(W6,OUROffsetFromSR_WD))) -> 46224 | U6: 46220 | V6: Completed | W6: =IF(OR(A6="",NOT(ISNUMBER(K6))),"",WORKDAY(K6,SROffsetFromStartWD)) -> 46225 | X6: 46220 | Y6: Completed | Z6: N/A | AA6: =IF(OR(Z6="",Z6="N/A"),"",IF(ISNUMBER(Q6),Q6,"")) | AF6: =IF(Z6="N/A","N/A","") -> N/A | AG6: =IF(NOT(ISNUMBER(Q6)),"",Q6) -> 46220 | AH6: 46225 | AI6: Completed | AJ6: =IF(OR(AL6="N/A",NOT(ISNUMBER(T6))),"",T6) -> 46224 | AK6: 46225 | AL6: Completed | AM6: =IF(NOT(ISNUMBER(W6)),"",W6) -> 46225 | AN6: 46225 | AO6: Completed | AP6: =IF(OR(Z6="",Z6="N/A"),"",IF(ISNUMBER(AG6),AG6,"")) | AU6: =IF(NOT(ISNUMBER(Q6)),"",Q6) -> 46220 | AW6: Completed | AX6: =IF(OR(AZ6="N/A",NOT(ISNUMBER(T6))),"",T6) -> 46224 | BA6: =IF(NOT(ISNUMBER(W6)),"",W6) -> 46225 | BD6: =IF(OR(Z6="",Z6="N/A"),"",IF(ISNUMBER(AU6),AU6,"")) | BI6: 46300 | BK6: =IF(NOT(ISNUMBER(BI6)),"",IF(WEEKDAY(BI6-CodeReviewCalendarDays,2)>5,BI6-CodeReviewCalendarDays-(WEEKDAY(BI6-CodeReviewCalendarDays,2)-5),BI6-CodeReviewCalendarDays)) -> 46297 | BM6: =IF(NOT(ISNUMBER(BK6)),"",IF(WEEKDAY(BK6-CodeReviewInviteCalendarDays,2)>5,BK6-CodeReviewInviteCalendarDays-(WEEKDAY(BK6-CodeReviewInviteCalendarDays,2)-5),BK6-CodeReviewInviteCalendarDays)) -> 46293 | BP6: =IF(A6="","",IF(IF(AND(ISNUMBER(J6),WEEKDAY(J6,2)<>2,WEEKDAY(J6,2)<>4)," | Release must be Tuesday or Thursday","")&IF(AND(ISNUMBER(H6),WEEKDAY(H6,2)<>1)," | Sprint Start is not a Monday - dates still calculated from the date entered","")&IF(AND(A6<>"",NOT(ISNUMBER(H6)),NOT(ISNUMBER(J6)))," | Enter Sprint Start or Release Date","")&IF(AND(ISNUMBER(F6),F6<TODAY(),D6<>"Completed")," | One or more raise-by dates are in the past and not completed","")&IF(AND(ISNUMBER(K6),K6-TODAY()<SprintWarningDays,K6>=TODAY(),OR(D6="Yet to start",D6="Blocked"))," | Sprint starts in under 10 days - raise access requests now","")&IF(AND(ISNUMBER(BM6),BN6<>"Completed",BN6<>"N/A",BM6-TODAY()<CodeReviewInviteCalendarDays)," | Code Review invite should be sent at least 4 days before Code Review","")="","",MID(IF(AND(ISNUMBER(J6),WEEKDAY(J6,2)<>2,WEEKDAY(J6,2)<>4)," | Release must be Tuesday or Thursday","")&IF(AND(ISNUMBER(H6),WEEKDAY(H6,2)<>1)," | Sprint Start is not a Monday - dates still calculated from the date entered","")&IF(AND(A6<>"",NOT(ISNUMBER(H6)),NOT(ISNUMBER(J6)))," | Enter Sprint Start or Release Date","")&IF(AND(ISNUMBER(F6),F6<TODAY(),D6<>"Completed")," | One or more raise-by dates are in the past and not completed","")&IF(AND(ISNUMBER(K6),K6-TODAY()<SprintWarningDays,K6>=TODAY(),OR(D6="Yet to start",D6="Blocked"))," | Sprint starts in under 10 days - raise access requests now","")&IF(AND(ISNUMBER(BM6),BN6<>"Completed",BN6<>"N/A",BM6-TODAY()<CodeReviewInviteCalendarDays)," | Code Review invite should be sent at least 4 days before Code Review",""),4,500))) -> Release must be Tuesday or Thursday | Sprint Start is not a Monday - dates still calculated from the date entered | One or more raise-by dates are in the past and not completed | BQ6: =IF(AND(ISNUMBER(Q6),S6<>"Completed",S6<>"N/A"),Q6,"") | BR6: =IF(AND(ISNUMBER(T6),V6<>"Completed",V6<>"N/A"),T6,"") | BS6: =IF(AND(ISNUMBER(W6),Y6<>"Completed",Y6<>"N/A"),W6,"") | BT6: =IF(AND(ISNUMBER(AA6),AC6<>"Completed",AC6<>"N/A"),AA6,"") | BU6: =IF(AND(ISNUMBER(AG6),AI6<>"Completed",AI6<>"N/A"),AG6,"") | BV6: =IF(AND(ISNUMBER(AJ6),AL6<>"Completed",AL6<>"N/A"),AJ6,"") | BW6: =IF(AND(ISNUMBER(AM6),AO6<>"Completed",AO6<>"N/A"),AM6,"") | BX6: =IF(AND(ISNUMBER(AP6),AR6<>"Completed",AR6<>"N/A"),AP6,"") | BY6: =IF(AND(ISNUMBER(AU6),AW6<>"Completed",AW6<>"N/A"),AU6,"") | BZ6: =IF(AND(ISNUMBER(AX6),AZ6<>"Completed",AZ6<>"N/A"),AX6,"") -> 46224 | CA6: =IF(AND(ISNUMBER(BA6),BC6<>"Completed",BC6<>"N/A"),BA6,"") -> 46225 | CB6: =IF(AND(ISNUMBER(BD6),BF6<>"Completed",BF6<>"N/A"),BD6,"") | CC6: =IF(AND(ISNUMBER(O6),P6<>"Completed",P6<>"N/A"),O6,"") | CD6: =IF(AND(ISNUMBER(BM6),BN6<>"Completed",BN6<>"N/A"),BM6,"") -> 46293 | CE6: =IF(AND(ISNUMBER(BK6),BL6<>"Completed",BL6<>"N/A"),BK6,"") -> 46297 | CF6: =IF(AND(ISNUMBER(BI6),BJ6<>"Completed",BJ6<>"N/A"),BI6,"") -> 46300 | CG6: =IF(OR(A6="",D6="Completed"),"",IF(N(G6)>0,1/(N(G6)+ROW()/100000),IF(ISNUMBER(F6),1000+F6+ROW()/100000,TODAY()+400+ROW()/100000))) -> 0.032258002
A7: AR80 | B7: Sharath Kotha | C7: Sprint 17 | D7: =IF(A7="","",IF(((S7="Blocked")+(V7="Blocked")+(Y7="Blocked")+(AC7="Blocked")+(AI7="Blocked")+(AL7="Blocked")+(AO7="Blocked")+(AR7="Blocked")+(AW7="Blocked")+(AZ7="Blocked")+(BC7="Blocked")+(BF7="Blocked")+(P7="Blocked")+(BJ7="Blocked")+(BL7="Blocked")+(BN7="Blocked")+(BO7="Blocked"))>0,"Blocked",IF((ISNUMBER(Q7)+ISNUMBER(T7)+ISNUMBER(W7)+ISNUMBER(AA7)+ISNUMBER(AG7)+ISNUMBER(AJ7)+ISNUMBER(AM7)+ISNUMBER(AP7)+ISNUMBER(AU7)+ISNUMBER(AX7)+ISNUMBER(BA7)+ISNUMBER(BD7)+ISNUMBER(O7)+ISNUMBER(BI7)+ISNUMBER(BK7)+ISNUMBER(BM7))=0,"Yet to start",IF(AND(OR(NOT(ISNUMBER(Q7)),S7="Completed",S7="N/A"),OR(NOT(ISNUMBER(T7)),V7="Completed",V7="N/A"),OR(NOT(ISNUMBER(W7)),Y7="Completed",Y7="N/A"),OR(NOT(ISNUMBER(AA7)),AC7="Completed",AC7="N/A"),OR(NOT(ISNUMBER(AG7)),AI7="Completed",AI7="N/A"),OR(NOT(ISNUMBER(AJ7)),AL7="Completed",AL7="N/A"),OR(NOT(ISNUMBER(AM7)),AO7="Completed",AO7="N/A"),OR(NOT(ISNUMBER(AP7)),AR7="Completed",AR7="N/A"),OR(NOT(ISNUMBER(AU7)),AW7="Completed",AW7="N/A"),OR(NOT(ISNUMBER(AX7)),AZ7="Completed",AZ7="N/A"),OR(NOT(ISNUMBER(BA7)),BC7="Completed",BC7="N/A"),OR(NOT(ISNUMBER(BD7)),BF7="Completed",BF7="N/A"),OR(NOT(ISNUMBER(O7)),P7="Completed",P7="N/A"),OR(NOT(ISNUMBER(BI7)),BJ7="Completed",BJ7="N/A"),OR(NOT(ISNUMBER(BK7)),BL7="Completed",BL7="N/A"),OR(NOT(ISNUMBER(BM7)),BN7="Completed",BN7="N/A"),OR(BO7="Completed",BO7="N/A")),"Completed",IF(((S7="In Progress")+(V7="In Progress")+(Y7="In Progress")+(AC7="In Progress")+(AI7="In Progress")+(AL7="In Progress")+(AO7="In Progress")+(AR7="In Progress")+(AW7="In Progress")+(AZ7="In Progress")+(BC7="In Progress")+(BF7="In Progress")+(P7="In Progress")+(BJ7="In Progress")+(BL7="In Progress")+(BN7="In Progress")+(BO7="In Progress"))>0,"In Progress","Yet to start"))))) -> Yet to start | E7: =IF(A7="","",IF(F7="","All complete",INDEX({"Dev R-Task","Dev OUR","Dev Service Request","Dev File R-Task","QA R-Task","QA OUR","QA Service Request","QA File R-Task","Prod R-Task","Prod OUR","Prod Service Request","Prod File R-Task","Sprint Readiness","Code Review Invite","Code Review","CAB"},MATCH(F7,BQ7:CF7,0)))) -> Prod OUR | F7: =IF(A7="","",IF(COUNT(BQ7:CF7)=0,"",MIN(BQ7:CF7))) -> 46224 | G7: =IF(A7="","",MAX(0,IF(AND(ISNUMBER(Q7),S7<>"Completed",S7<>"N/A",Q7<TODAY()),TODAY()-Q7,0),IF(AND(ISNUMBER(T7),V7<>"Completed",V7<>"N/A",T7<TODAY()),TODAY()-T7,0),IF(AND(ISNUMBER(W7),Y7<>"Completed",Y7<>"N/A",W7<TODAY()),TODAY()-W7,0),IF(AND(ISNUMBER(AA7),AC7<>"Completed",AC7<>"N/A",AA7<TODAY()),TODAY()-AA7,0),IF(AND(ISNUMBER(AG7),AI7<>"Completed",AI7<>"N/A",AG7<TODAY()),TODAY()-AG7,0),IF(AND(ISNUMBER(AJ7),AL7<>"Completed",AL7<>"N/A",AJ7<TODAY()),TODAY()-AJ7,0),IF(AND(ISNUMBER(AM7),AO7<>"Completed",AO7<>"N/A",AM7<TODAY()),TODAY()-AM7,0),IF(AND(ISNUMBER(AP7),AR7<>"Completed",AR7<>"N/A",AP7<TODAY()),TODAY()-AP7,0),IF(AND(ISNUMBER(AU7),AW7<>"Completed",AW7<>"N/A",AU7<TODAY()),TODAY()-AU7,0),IF(AND(ISNUMBER(AX7),AZ7<>"Completed",AZ7<>"N/A",AX7<TODAY()),TODAY()-AX7,0),IF(AND(ISNUMBER(BA7),BC7<>"Completed",BC7<>"N/A",BA7<TODAY()),TODAY()-BA7,0),IF(AND(ISNUMBER(BD7),BF7<>"Completed",BF7<>"N/A",BD7<TODAY()),TODAY()-BD7,0),IF(AND(ISNUMBER(O7),P7<>"Completed",P7<>"N/A",O7<TODAY()),TODAY()-O7,0),IF(AND(ISNUMBER(BM7),BN7<>"Completed",BN7<>"N/A",BM7<TODAY()),TODAY()-BM7,0),IF(AND(ISNUMBER(BK7),BL7<>"Completed",BL7<>"N/A",BK7<TODAY()),TODAY()-BK7,0),IF(AND(ISNUMBER(BI7),BJ7<>"Completed",BJ7<>"N/A",BI7<TODAY()),TODAY()-BI7,0))) -> 31 | H7: 46232 | I7: 46245 | J7: 46300 | K7: =IF(ISNUMBER(H7),H7,IF(ISNUMBER(M7),M7-WEEKDAY(M7,2)+1-7,"")) -> 46232 | L7: =IF(ISNUMBER(I7),I7,IF(ISNUMBER(H7),WORKDAY(H7,SprintWorkingDays-1),IF(ISNUMBER(K7),WORKDAY(K7,SprintWorkingDays-1),""))) -> 46245 | M7: =IF(ISNUMBER(J7),J7,IF(ISNUMBER(I7),I7-IF(OR(WEEKDAY(I7,2)=2,WEEKDAY(I7,2)=4),0,IF(WEEKDAY(I7,2)=3,1,IF(WEEKDAY(I7,2)=1,4,WEEKDAY(I7,2)-4))),IF(ISNUMBER(H7),WORKDAY(H7,SprintWorkingDays-1)-IF(OR(WEEKDAY(WORKDAY(H7,SprintWorkingDays-1),2)=2,WEEKDAY(WORKDAY(H7,SprintWorkingDays-1),2)=4),0,IF(WEEKDAY(WORKDAY(H7,SprintWorkingDays-1),2)=3,1,IF(WEEKDAY(WORKDAY(H7,SprintWorkingDays-1),2)=1,4,WEEKDAY(WORKDAY(H7,SprintWorkingDays-1),2)-4))),""))) -> 46300 | N7: =IF(NOT(ISNUMBER(K7)),"",WORKDAY(K7,ReadyOffsetWD)) -> 46231 | O7: =IF(NOT(ISNUMBER(K7)),"",WORKDAY(K7,SprintReadinessOffsetWD)) -> 46230 | P7: Completed | Q7: =IF(A7="","",IF(V7="N/A",IF(NOT(ISNUMBER(W7)),"",WORKDAY(W7,RTSKOffsetFromOUR_WD)),IF(NOT(ISNUMBER(T7)),"",WORKDAY(T7,RTSKOffsetFromOUR_WD)))) -> 46220 | R7: 46245 | S7: Completed | T7: =IF(OR(A7="",V7="N/A"),"",IF(NOT(ISNUMBER(W7)),"",WORKDAY(W7,OUROffsetFromSR_WD))) -> 46224 | U7: 46245 | V7: Completed | W7: =IF(OR(A7="",NOT(ISNUMBER(K7))),"",WORKDAY(K7,SROffsetFromStartWD)) -> 46225 | X7: 46245 | Y7: Completed | Z7: N/A | AA7: =IF(OR(Z7="",Z7="N/A"),"",IF(ISNUMBER(Q7),Q7,"")) | AB7: 46245 | AC7: Completed | AD7: N/A | AE7: No | AF7: N/A | AG7: =IF(NOT(ISNUMBER(Q7)),"",Q7) -> 46220 | AH7: 46225 | AI7: Completed | AJ7: =IF(OR(AL7="N/A",NOT(ISNUMBER(T7))),"",T7) -> 46224 | AK7: 46225 | AL7: Completed | AM7: =IF(NOT(ISNUMBER(W7)),"",W7) -> 46225 | AN7: 46225 | AO7: Completed | AP7: =IF(OR(Z7="",Z7="N/A"),"",IF(ISNUMBER(AG7),AG7,"")) | AU7: =IF(NOT(ISNUMBER(Q7)),"",Q7) -> 46220 | AW7: Completed | AX7: =IF(OR(AZ7="N/A",NOT(ISNUMBER(T7))),"",T7) -> 46224 | BA7: =IF(NOT(ISNUMBER(W7)),"",W7) -> 46225 | BD7: =IF(OR(Z7="",Z7="N/A"),"",IF(ISNUMBER(AU7),AU7,"")) | BI7: 46300 | BK7: =IF(NOT(ISNUMBER(BI7)),"",IF(WEEKDAY(BI7-CodeReviewCalendarDays,2)>5,BI7-CodeReviewCalendarDays-(WEEKDAY(BI7-CodeReviewCalendarDays,2)-5),BI7-CodeReviewCalendarDays)) -> 46297 | BM7: =IF(NOT(ISNUMBER(BK7)),"",IF(WEEKDAY(BK7-CodeReviewInviteCalendarDays,2)>5,BK7-CodeReviewInviteCalendarDays-(WEEKDAY(BK7-CodeReviewInviteCalendarDays,2)-5),BK7-CodeReviewInviteCalendarDays)) -> 46293 | BP7: =IF(A7="","",IF(IF(AND(ISNUMBER(J7),WEEKDAY(J7,2)<>2,WEEKDAY(J7,2)<>4)," | Release must be Tuesday or Thursday","")&IF(AND(ISNUMBER(H7),WEEKDAY(H7,2)<>1)," | Sprint Start is not a Monday - dates still calculated from the date entered","")&IF(AND(A7<>"",NOT(ISNUMBER(H7)),NOT(ISNUMBER(J7)))," | Enter Sprint Start or Release Date","")&IF(AND(ISNUMBER(F7),F7<TODAY(),D7<>"Completed")," | One or more raise-by dates are in the past and not completed","")&IF(AND(ISNUMBER(K7),K7-TODAY()<SprintWarningDays,K7>=TODAY(),OR(D7="Yet to start",D7="Blocked"))," | Sprint starts in under 10 days - raise access requests now","")&IF(AND(ISNUMBER(BM7),BN7<>"Completed",BN7<>"N/A",BM7-TODAY()<CodeReviewInviteCalendarDays)," | Code Review invite should be sent at least 4 days before Code Review","")="","",MID(IF(AND(ISNUMBER(J7),WEEKDAY(J7,2)<>2,WEEKDAY(J7,2)<>4)," | Release must be Tuesday or Thursday","")&IF(AND(ISNUMBER(H7),WEEKDAY(H7,2)<>1)," | Sprint Start is not a Monday - dates still calculated from the date entered","")&IF(AND(A7<>"",NOT(ISNUMBER(H7)),NOT(ISNUMBER(J7)))," | Enter Sprint Start or Release Date","")&IF(AND(ISNUMBER(F7),F7<TODAY(),D7<>"Completed")," | One or more raise-by dates are in the past and not completed","")&IF(AND(ISNUMBER(K7),K7-TODAY()<SprintWarningDays,K7>=TODAY(),OR(D7="Yet to start",D7="Blocked"))," | Sprint starts in under 10 days - raise access requests now","")&IF(AND(ISNUMBER(BM7),BN7<>"Completed",BN7<>"N/A",BM7-TODAY()<CodeReviewInviteCalendarDays)," | Code Review invite should be sent at least 4 days before Code Review",""),4,500))) -> Release must be Tuesday or Thursday | Sprint Start is not a Monday - dates still calculated from the date entered | One or more raise-by dates are in the past and not completed | BQ7: =IF(AND(ISNUMBER(Q7),S7<>"Completed",S7<>"N/A"),Q7,"") | BR7: =IF(AND(ISNUMBER(T7),V7<>"Completed",V7<>"N/A"),T7,"") | BS7: =IF(AND(ISNUMBER(W7),Y7<>"Completed",Y7<>"N/A"),W7,"") | BT7: =IF(AND(ISNUMBER(AA7),AC7<>"Completed",AC7<>"N/A"),AA7,"") | BU7: =IF(AND(ISNUMBER(AG7),AI7<>"Completed",AI7<>"N/A"),AG7,"") | BV7: =IF(AND(ISNUMBER(AJ7),AL7<>"Completed",AL7<>"N/A"),AJ7,"") | BW7: =IF(AND(ISNUMBER(AM7),AO7<>"Completed",AO7<>"N/A"),AM7,"") | BX7: =IF(AND(ISNUMBER(AP7),AR7<>"Completed",AR7<>"N/A"),AP7,"") | BY7: =IF(AND(ISNUMBER(AU7),AW7<>"Completed",AW7<>"N/A"),AU7,"") | BZ7: =IF(AND(ISNUMBER(AX7),AZ7<>"Completed",AZ7<>"N/A"),AX7,"") -> 46224 | CA7: =IF(AND(ISNUMBER(BA7),BC7<>"Completed",BC7<>"N/A"),BA7,"") -> 46225 | CB7: =IF(AND(ISNUMBER(BD7),BF7<>"Completed",BF7<>"N/A"),BD7,"") | CC7: =IF(AND(ISNUMBER(O7),P7<>"Completed",P7<>"N/A"),O7,"") | CD7: =IF(AND(ISNUMBER(BM7),BN7<>"Completed",BN7<>"N/A"),BM7,"") -> 46293 | CE7: =IF(AND(ISNUMBER(BK7),BL7<>"Completed",BL7<>"N/A"),BK7,"") -> 46297 | CF7: =IF(AND(ISNUMBER(BI7),BJ7<>"Completed",BJ7<>"N/A"),BI7,"") -> 46300 | CG7: =IF(OR(A7="",D7="Completed"),"",IF(N(G7)>0,1/(N(G7)+ROW()/100000),IF(ISNUMBER(F7),1000+F7+ROW()/100000,TODAY()+400+ROW()/100000))) -> 0.032257992
A8: ALLOCATIONS | B8: Sharath Kotha | C8: Sprint 17 | D8: =IF(A8="","",IF(((S8="Blocked")+(V8="Blocked")+(Y8="Blocked")+(AC8="Blocked")+(AI8="Blocked")+(AL8="Blocked")+(AO8="Blocked")+(AR8="Blocked")+(AW8="Blocked")+(AZ8="Blocked")+(BC8="Blocked")+(BF8="Blocked")+(P8="Blocked")+(BJ8="Blocked")+(BL8="Blocked")+(BN8="Blocked")+(BO8="Blocked"))>0,"Blocked",IF((ISNUMBER(Q8)+ISNUMBER(T8)+ISNUMBER(W8)+ISNUMBER(AA8)+ISNUMBER(AG8)+ISNUMBER(AJ8)+ISNUMBER(AM8)+ISNUMBER(AP8)+ISNUMBER(AU8)+ISNUMBER(AX8)+ISNUMBER(BA8)+ISNUMBER(BD8)+ISNUMBER(O8)+ISNUMBER(BI8)+ISNUMBER(BK8)+ISNUMBER(BM8))=0,"Yet to start",IF(AND(OR(NOT(ISNUMBER(Q8)),S8="Completed",S8="N/A"),OR(NOT(ISNUMBER(T8)),V8="Completed",V8="N/A"),OR(NOT(ISNUMBER(W8)),Y8="Completed",Y8="N/A"),OR(NOT(ISNUMBER(AA8)),AC8="Completed",AC8="N/A"),OR(NOT(ISNUMBER(AG8)),AI8="Completed",AI8="N/A"),OR(NOT(ISNUMBER(AJ8)),AL8="Completed",AL8="N/A"),OR(NOT(ISNUMBER(AM8)),AO8="Completed",AO8="N/A"),OR(NOT(ISNUMBER(AP8)),AR8="Completed",AR8="N/A"),OR(NOT(ISNUMBER(AU8)),AW8="Completed",AW8="N/A"),OR(NOT(ISNUMBER(AX8)),AZ8="Completed",AZ8="N/A"),OR(NOT(ISNUMBER(BA8)),BC8="Completed",BC8="N/A"),OR(NOT(ISNUMBER(BD8)),BF8="Completed",BF8="N/A"),OR(NOT(ISNUMBER(O8)),P8="Completed",P8="N/A"),OR(NOT(ISNUMBER(BI8)),BJ8="Completed",BJ8="N/A"),OR(NOT(ISNUMBER(BK8)),BL8="Completed",BL8="N/A"),OR(NOT(ISNUMBER(BM8)),BN8="Completed",BN8="N/A"),OR(BO8="Completed",BO8="N/A")),"Completed",IF(((S8="In Progress")+(V8="In Progress")+(Y8="In Progress")+(AC8="In Progress")+(AI8="In Progress")+(AL8="In Progress")+(AO8="In Progress")+(AR8="In Progress")+(AW8="In Progress")+(AZ8="In Progress")+(BC8="In Progress")+(BF8="In Progress")+(P8="In Progress")+(BJ8="In Progress")+(BL8="In Progress")+(BN8="In Progress")+(BO8="In Progress"))>0,"In Progress","Yet to start"))))) -> In Progress | E8: =IF(A8="","",IF(F8="","All complete",INDEX({"Dev R-Task","Dev OUR","Dev Service Request","Dev File R-Task","QA R-Task","QA OUR","QA Service Request","QA File R-Task","Prod R-Task","Prod OUR","Prod Service Request","Prod File R-Task","Sprint Readiness","Code Review Invite","Code Review","CAB"},MATCH(F8,BQ8:CF8,0)))) -> Dev R-Task | F8: =IF(A8="","",IF(COUNT(BQ8:CF8)=0,"",MIN(BQ8:CF8))) -> 46220 | G8: =IF(A8="","",MAX(0,IF(AND(ISNUMBER(Q8),S8<>"Completed",S8<>"N/A",Q8<TODAY()),TODAY()-Q8,0),IF(AND(ISNUMBER(T8),V8<>"Completed",V8<>"N/A",T8<TODAY()),TODAY()-T8,0),IF(AND(ISNUMBER(W8),Y8<>"Completed",Y8<>"N/A",W8<TODAY()),TODAY()-W8,0),IF(AND(ISNUMBER(AA8),AC8<>"Completed",AC8<>"N/A",AA8<TODAY()),TODAY()-AA8,0),IF(AND(ISNUMBER(AG8),AI8<>"Completed",AI8<>"N/A",AG8<TODAY()),TODAY()-AG8,0),IF(AND(ISNUMBER(AJ8),AL8<>"Completed",AL8<>"N/A",AJ8<TODAY()),TODAY()-AJ8,0),IF(AND(ISNUMBER(AM8),AO8<>"Completed",AO8<>"N/A",AM8<TODAY()),TODAY()-AM8,0),IF(AND(ISNUMBER(AP8),AR8<>"Completed",AR8<>"N/A",AP8<TODAY()),TODAY()-AP8,0),IF(AND(ISNUMBER(AU8),AW8<>"Completed",AW8<>"N/A",AU8<TODAY()),TODAY()-AU8,0),IF(AND(ISNUMBER(AX8),AZ8<>"Completed",AZ8<>"N/A",AX8<TODAY()),TODAY()-AX8,0),IF(AND(ISNUMBER(BA8),BC8<>"Completed",BC8<>"N/A",BA8<TODAY()),TODAY()-BA8,0),IF(AND(ISNUMBER(BD8),BF8<>"Completed",BF8<>"N/A",BD8<TODAY()),TODAY()-BD8,0),IF(AND(ISNUMBER(O8),P8<>"Completed",P8<>"N/A",O8<TODAY()),TODAY()-O8,0),IF(AND(ISNUMBER(BM8),BN8<>"Completed",BN8<>"N/A",BM8<TODAY()),TODAY()-BM8,0),IF(AND(ISNUMBER(BK8),BL8<>"Completed",BL8<>"N/A",BK8<TODAY()),TODAY()-BK8,0),IF(AND(ISNUMBER(BI8),BJ8<>"Completed",BJ8<>"N/A",BI8<TODAY()),TODAY()-BI8,0))) -> 35 | H8: 46232 | I8: 46245 | J8: 46300 | K8: =IF(ISNUMBER(H8),H8,IF(ISNUMBER(M8),M8-WEEKDAY(M8,2)+1-7,"")) -> 46232 | L8: =IF(ISNUMBER(I8),I8,IF(ISNUMBER(H8),WORKDAY(H8,SprintWorkingDays-1),IF(ISNUMBER(K8),WORKDAY(K8,SprintWorkingDays-1),""))) -> 46245 | M8: =IF(ISNUMBER(J8),J8,IF(ISNUMBER(I8),I8-IF(OR(WEEKDAY(I8,2)=2,WEEKDAY(I8,2)=4),0,IF(WEEKDAY(I8,2)=3,1,IF(WEEKDAY(I8,2)=1,4,WEEKDAY(I8,2)-4))),IF(ISNUMBER(H8),WORKDAY(H8,SprintWorkingDays-1)-IF(OR(WEEKDAY(WORKDAY(H8,SprintWorkingDays-1),2)=2,WEEKDAY(WORKDAY(H8,SprintWorkingDays-1),2)=4),0,IF(WEEKDAY(WORKDAY(H8,SprintWorkingDays-1),2)=3,1,IF(WEEKDAY(WORKDAY(H8,SprintWorkingDays-1),2)=1,4,WEEKDAY(WORKDAY(H8,SprintWorkingDays-1),2)-4))),""))) -> 46300 | N8: =IF(NOT(ISNUMBER(K8)),"",WORKDAY(K8,ReadyOffsetWD)) -> 46231 | O8: =IF(NOT(ISNUMBER(K8)),"",WORKDAY(K8,SprintReadinessOffsetWD)) -> 46230 | P8: Completed | Q8: =IF(A8="","",IF(V8="N/A",IF(NOT(ISNUMBER(W8)),"",WORKDAY(W8,RTSKOffsetFromOUR_WD)),IF(NOT(ISNUMBER(T8)),"",WORKDAY(T8,RTSKOffsetFromOUR_WD)))) -> 46220 | S8: Yet to start | T8: =IF(OR(A8="",V8="N/A"),"",IF(NOT(ISNUMBER(W8)),"",WORKDAY(W8,OUROffsetFromSR_WD))) -> 46224 | V8: Yet to start | W8: =IF(OR(A8="",NOT(ISNUMBER(K8))),"",WORKDAY(K8,SROffsetFromStartWD)) -> 46225 | Y8: Yet to start | AA8: =IF(OR(Z8="",Z8="N/A"),"",IF(ISNUMBER(Q8),Q8,"")) | AC8: Yet to start | AF8: =IF(Z8="N/A","N/A","") | AG8: =IF(NOT(ISNUMBER(Q8)),"",Q8) -> 46220 | AH8: 46225 | AI8: In Progress | AJ8: =IF(OR(AL8="N/A",NOT(ISNUMBER(T8))),"",T8) -> 46224 | AK8: 46225 | AL8: Yet to start | AM8: =IF(NOT(ISNUMBER(W8)),"",W8) -> 46225 | AN8: 46225 | AO8: Yet to start | AP8: =IF(OR(Z8="",Z8="N/A"),"",IF(ISNUMBER(AG8),AG8,"")) | AU8: =IF(NOT(ISNUMBER(Q8)),"",Q8) -> 46220 | AW8: Yet to start | AX8: =IF(OR(AZ8="N/A",NOT(ISNUMBER(T8))),"",T8) -> 46224 | BA8: =IF(NOT(ISNUMBER(W8)),"",W8) -> 46225 | BD8: =IF(OR(Z8="",Z8="N/A"),"",IF(ISNUMBER(AU8),AU8,"")) | BG8: Yes | BH8: Yes | BI8: 46300 | BK8: =IF(NOT(ISNUMBER(BI8)),"",IF(WEEKDAY(BI8-CodeReviewCalendarDays,2)>5,BI8-CodeReviewCalendarDays-(WEEKDAY(BI8-CodeReviewCalendarDays,2)-5),BI8-CodeReviewCalendarDays)) -> 46297 | BM8: =IF(NOT(ISNUMBER(BK8)),"",IF(WEEKDAY(BK8-CodeReviewInviteCalendarDays,2)>5,BK8-CodeReviewInviteCalendarDays-(WEEKDAY(BK8-CodeReviewInviteCalendarDays,2)-5),BK8-CodeReviewInviteCalendarDays)) -> 46293 | BP8: =IF(A8="","",IF(IF(AND(ISNUMBER(J8),WEEKDAY(J8,2)<>2,WEEKDAY(J8,2)<>4)," | Release must be Tuesday or Thursday","")&IF(AND(ISNUMBER(H8),WEEKDAY(H8,2)<>1)," | Sprint Start is not a Monday - dates still calculated from the date entered","")&IF(AND(A8<>"",NOT(ISNUMBER(H8)),NOT(ISNUMBER(J8)))," | Enter Sprint Start or Release Date","")&IF(AND(ISNUMBER(F8),F8<TODAY(),D8<>"Completed")," | One or more raise-by dates are in the past and not completed","")&IF(AND(ISNUMBER(K8),K8-TODAY()<SprintWarningDays,K8>=TODAY(),OR(D8="Yet to start",D8="Blocked"))," | Sprint starts in under 10 days - raise access requests now","")&IF(AND(ISNUMBER(BM8),BN8<>"Completed",BN8<>"N/A",BM8-TODAY()<CodeReviewInviteCalendarDays)," | Code Review invite should be sent at least 4 days before Code Review","")="","",MID(IF(AND(ISNUMBER(J8),WEEKDAY(J8,2)<>2,WEEKDAY(J8,2)<>4)," | Release must be Tuesday or Thursday","")&IF(AND(ISNUMBER(H8),WEEKDAY(H8,2)<>1)," | Sprint Start is not a Monday - dates still calculated from the date entered","")&IF(AND(A8<>"",NOT(ISNUMBER(H8)),NOT(ISNUMBER(J8)))," | Enter Sprint Start or Release Date","")&IF(AND(ISNUMBER(F8),F8<TODAY(),D8<>"Completed")," | One or more raise-by dates are in the past and not completed","")&IF(AND(ISNUMBER(K8),K8-TODAY()<SprintWarningDays,K8>=TODAY(),OR(D8="Yet to start",D8="Blocked"))," | Sprint starts in under 10 days - raise access requests now","")&IF(AND(ISNUMBER(BM8),BN8<>"Completed",BN8<>"N/A",BM8-TODAY()<CodeReviewInviteCalendarDays)," | Code Review invite should be sent at least 4 days before Code Review",""),4,500))) -> Release must be Tuesday or Thursday | Sprint Start is not a Monday - dates still calculated from the date entered | One or more raise-by dates are in the past and not completed | BQ8: =IF(AND(ISNUMBER(Q8),S8<>"Completed",S8<>"N/A"),Q8,"") -> 46220 | BR8: =IF(AND(ISNUMBER(T8),V8<>"Completed",V8<>"N/A"),T8,"") -> 46224 | BS8: =IF(AND(ISNUMBER(W8),Y8<>"Completed",Y8<>"N/A"),W8,"") -> 46225 | BT8: =IF(AND(ISNUMBER(AA8),AC8<>"Completed",AC8<>"N/A"),AA8,"") | BU8: =IF(AND(ISNUMBER(AG8),AI8<>"Completed",AI8<>"N/A"),AG8,"") -> 46220 | BV8: =IF(AND(ISNUMBER(AJ8),AL8<>"Completed",AL8<>"N/A"),AJ8,"") -> 46224 | BW8: =IF(AND(ISNUMBER(AM8),AO8<>"Completed",AO8<>"N/A"),AM8,"") -> 46225 | BX8: =IF(AND(ISNUMBER(AP8),AR8<>"Completed",AR8<>"N/A"),AP8,"") | BY8: =IF(AND(ISNUMBER(AU8),AW8<>"Completed",AW8<>"N/A"),AU8,"") -> 46220 | BZ8: =IF(AND(ISNUMBER(AX8),AZ8<>"Completed",AZ8<>"N/A"),AX8,"") -> 46224 | CA8: =IF(AND(ISNUMBER(BA8),BC8<>"Completed",BC8<>"N/A"),BA8,"") -> 46225 | CB8: =IF(AND(ISNUMBER(BD8),BF8<>"Completed",BF8<>"N/A"),BD8,"") | CC8: =IF(AND(ISNUMBER(O8),P8<>"Completed",P8<>"N/A"),O8,"") | CD8: =IF(AND(ISNUMBER(BM8),BN8<>"Completed",BN8<>"N/A"),BM8,"") -> 46293 | CE8: =IF(AND(ISNUMBER(BK8),BL8<>"Completed",BL8<>"N/A"),BK8,"") -> 46297 | CF8: =IF(AND(ISNUMBER(BI8),BJ8<>"Completed",BJ8<>"N/A"),BI8,"") -> 46300 | CG8: =IF(OR(A8="",D8="Completed"),"",IF(N(G8)>0,1/(N(G8)+ROW()/100000),IF(ISNUMBER(F8),1000+F8+ROW()/100000,TODAY()+400+ROW()/100000))) -> 0.028571363
A9: EPM_UI PUSH | B9: Sharath Kotha | C9: Sprint 17 | D9: =IF(A9="","",IF(((S9="Blocked")+(V9="Blocked")+(Y9="Blocked")+(AC9="Blocked")+(AI9="Blocked")+(AL9="Blocked")+(AO9="Blocked")+(AR9="Blocked")+(AW9="Blocked")+(AZ9="Blocked")+(BC9="Blocked")+(BF9="Blocked")+(P9="Blocked")+(BJ9="Blocked")+(BL9="Blocked")+(BN9="Blocked")+(BO9="Blocked"))>0,"Blocked",IF((ISNUMBER(Q9)+ISNUMBER(T9)+ISNUMBER(W9)+ISNUMBER(AA9)+ISNUMBER(AG9)+ISNUMBER(AJ9)+ISNUMBER(AM9)+ISNUMBER(AP9)+ISNUMBER(AU9)+ISNUMBER(AX9)+ISNUMBER(BA9)+ISNUMBER(BD9)+ISNUMBER(O9)+ISNUMBER(BI9)+ISNUMBER(BK9)+ISNUMBER(BM9))=0,"Yet to start",IF(AND(OR(NOT(ISNUMBER(Q9)),S9="Completed",S9="N/A"),OR(NOT(ISNUMBER(T9)),V9="Completed",V9="N/A"),OR(NOT(ISNUMBER(W9)),Y9="Completed",Y9="N/A"),OR(NOT(ISNUMBER(AA9)),AC9="Completed",AC9="N/A"),OR(NOT(ISNUMBER(AG9)),AI9="Completed",AI9="N/A"),OR(NOT(ISNUMBER(AJ9)),AL9="Completed",AL9="N/A"),OR(NOT(ISNUMBER(AM9)),AO9="Completed",AO9="N/A"),OR(NOT(ISNUMBER(AP9)),AR9="Completed",AR9="N/A"),OR(NOT(ISNUMBER(AU9)),AW9="Completed",AW9="N/A"),OR(NOT(ISNUMBER(AX9)),AZ9="Completed",AZ9="N/A"),OR(NOT(ISNUMBER(BA9)),BC9="Completed",BC9="N/A"),OR(NOT(ISNUMBER(BD9)),BF9="Completed",BF9="N/A"),OR(NOT(ISNUMBER(O9)),P9="Completed",P9="N/A"),OR(NOT(ISNUMBER(BI9)),BJ9="Completed",BJ9="N/A"),OR(NOT(ISNUMBER(BK9)),BL9="Completed",BL9="N/A"),OR(NOT(ISNUMBER(BM9)),BN9="Completed",BN9="N/A"),OR(BO9="Completed",BO9="N/A")),"Completed",IF(((S9="In Progress")+(V9="In Progress")+(Y9="In Progress")+(AC9="In Progress")+(AI9="In Progress")+(AL9="In Progress")+(AO9="In Progress")+(AR9="In Progress")+(AW9="In Progress")+(AZ9="In Progress")+(BC9="In Progress")+(BF9="In Progress")+(P9="In Progress")+(BJ9="In Progress")+(BL9="In Progress")+(BN9="In Progress")+(BO9="In Progress"))>0,"In Progress","Yet to start"))))) -> Yet to start | E9: =IF(A9="","",IF(F9="","All complete",INDEX({"Dev R-Task","Dev OUR","Dev Service Request","Dev File R-Task","QA R-Task","QA OUR","QA Service Request","QA File R-Task","Prod R-Task","Prod OUR","Prod Service Request","Prod File R-Task","Sprint Readiness","Code Review Invite","Code Review","CAB"},MATCH(F9,BQ9:CF9,0)))) -> Prod OUR | F9: =IF(A9="","",IF(COUNT(BQ9:CF9)=0,"",MIN(BQ9:CF9))) -> 46224 | G9: =IF(A9="","",MAX(0,IF(AND(ISNUMBER(Q9),S9<>"Completed",S9<>"N/A",Q9<TODAY()),TODAY()-Q9,0),IF(AND(ISNUMBER(T9),V9<>"Completed",V9<>"N/A",T9<TODAY()),TODAY()-T9,0),IF(AND(ISNUMBER(W9),Y9<>"Completed",Y9<>"N/A",W9<TODAY()),TODAY()-W9,0),IF(AND(ISNUMBER(AA9),AC9<>"Completed",AC9<>"N/A",AA9<TODAY()),TODAY()-AA9,0),IF(AND(ISNUMBER(AG9),AI9<>"Completed",AI9<>"N/A",AG9<TODAY()),TODAY()-AG9,0),IF(AND(ISNUMBER(AJ9),AL9<>"Completed",AL9<>"N/A",AJ9<TODAY()),TODAY()-AJ9,0),IF(AND(ISNUMBER(AM9),AO9<>"Completed",AO9<>"N/A",AM9<TODAY()),TODAY()-AM9,0),IF(AND(ISNUMBER(AP9),AR9<>"Completed",AR9<>"N/A",AP9<TODAY()),TODAY()-AP9,0),IF(AND(ISNUMBER(AU9),AW9<>"Completed",AW9<>"N/A",AU9<TODAY()),TODAY()-AU9,0),IF(AND(ISNUMBER(AX9),AZ9<>"Completed",AZ9<>"N/A",AX9<TODAY()),TODAY()-AX9,0),IF(AND(ISNUMBER(BA9),BC9<>"Completed",BC9<>"N/A",BA9<TODAY()),TODAY()-BA9,0),IF(AND(ISNUMBER(BD9),BF9<>"Completed",BF9<>"N/A",BD9<TODAY()),TODAY()-BD9,0),IF(AND(ISNUMBER(O9),P9<>"Completed",P9<>"N/A",O9<TODAY()),TODAY()-O9,0),IF(AND(ISNUMBER(BM9),BN9<>"Completed",BN9<>"N/A",BM9<TODAY()),TODAY()-BM9,0),IF(AND(ISNUMBER(BK9),BL9<>"Completed",BL9<>"N/A",BK9<TODAY()),TODAY()-BK9,0),IF(AND(ISNUMBER(BI9),BJ9<>"Completed",BJ9<>"N/A",BI9<TODAY()),TODAY()-BI9,0))) -> 31 | H9: 46232 | I9: 46245 | J9: 46300 | K9: =IF(ISNUMBER(H9),H9,IF(ISNUMBER(M9),M9-WEEKDAY(M9,2)+1-7,"")) -> 46232 | L9: =IF(ISNUMBER(I9),I9,IF(ISNUMBER(H9),WORKDAY(H9,SprintWorkingDays-1),IF(ISNUMBER(K9),WORKDAY(K9,SprintWorkingDays-1),""))) -> 46245 | M9: =IF(ISNUMBER(J9),J9,IF(ISNUMBER(I9),I9-IF(OR(WEEKDAY(I9,2)=2,WEEKDAY(I9,2)=4),0,IF(WEEKDAY(I9,2)=3,1,IF(WEEKDAY(I9,2)=1,4,WEEKDAY(I9,2)-4))),IF(ISNUMBER(H9),WORKDAY(H9,SprintWorkingDays-1)-IF(OR(WEEKDAY(WORKDAY(H9,SprintWorkingDays-1),2)=2,WEEKDAY(WORKDAY(H9,SprintWorkingDays-1),2)=4),0,IF(WEEKDAY(WORKDAY(H9,SprintWorkingDays-1),2)=3,1,IF(WEEKDAY(WORKDAY(H9,SprintWorkingDays-1),2)=1,4,WEEKDAY(WORKDAY(H9,SprintWorkingDays-1),2)-4))),""))) -> 46300 | N9: =IF(NOT(ISNUMBER(K9)),"",WORKDAY(K9,ReadyOffsetWD)) -> 46231 | O9: =IF(NOT(ISNUMBER(K9)),"",WORKDAY(K9,SprintReadinessOffsetWD)) -> 46230 | P9: Completed | Q9: =IF(A9="","",IF(V9="N/A",IF(NOT(ISNUMBER(W9)),"",WORKDAY(W9,RTSKOffsetFromOUR_WD)),IF(NOT(ISNUMBER(T9)),"",WORKDAY(T9,RTSKOffsetFromOUR_WD)))) -> 46220 | R9: 46233 | S9: Completed | T9: =IF(OR(A9="",V9="N/A"),"",IF(NOT(ISNUMBER(W9)),"",WORKDAY(W9,OUROffsetFromSR_WD))) -> 46224 | U9: 46220 | V9: Completed | W9: =IF(OR(A9="",NOT(ISNUMBER(K9))),"",WORKDAY(K9,SROffsetFromStartWD)) -> 46225 | X9: 46220 | Y9: Completed | Z9: N/A | AA9: =IF(OR(Z9="",Z9="N/A"),"",IF(ISNUMBER(Q9),Q9,"")) | AF9: =IF(Z9="N/A","N/A","") -> N/A | AG9: =IF(NOT(ISNUMBER(Q9)),"",Q9) -> 46220 | AH9: 46225 | AI9: Completed | AJ9: =IF(OR(AL9="N/A",NOT(ISNUMBER(T9))),"",T9) -> 46224 | AK9: 46225 | AL9: Completed | AM9: =IF(NOT(ISNUMBER(W9)),"",W9) -> 46225 | AN9: 46225 | AO9: Completed | AP9: =IF(OR(Z9="",Z9="N/A"),"",IF(ISNUMBER(AG9),AG9,"")) | AU9: =IF(NOT(ISNUMBER(Q9)),"",Q9) -> 46220 | AW9: Completed | AX9: =IF(OR(AZ9="N/A",NOT(ISNUMBER(T9))),"",T9) -> 46224 | BA9: =IF(NOT(ISNUMBER(W9)),"",W9) -> 46225 | BD9: =IF(OR(Z9="",Z9="N/A"),"",IF(ISNUMBER(AU9),AU9,"")) | BI9: 46300 | BK9: =IF(NOT(ISNUMBER(BI9)),"",IF(WEEKDAY(BI9-CodeReviewCalendarDays,2)>5,BI9-CodeReviewCalendarDays-(WEEKDAY(BI9-CodeReviewCalendarDays,2)-5),BI9-CodeReviewCalendarDays)) -> 46297 | BM9: =IF(NOT(ISNUMBER(BK9)),"",IF(WEEKDAY(BK9-CodeReviewInviteCalendarDays,2)>5,BK9-CodeReviewInviteCalendarDays-(WEEKDAY(BK9-CodeReviewInviteCalendarDays,2)-5),BK9-CodeReviewInviteCalendarDays)) -> 46293 | BP9: =IF(A9="","",IF(IF(AND(ISNUMBER(J9),WEEKDAY(J9,2)<>2,WEEKDAY(J9,2)<>4)," | Release must be Tuesday or Thursday","")&IF(AND(ISNUMBER(H9),WEEKDAY(H9,2)<>1)," | Sprint Start is not a Monday - dates still calculated from the date entered","")&IF(AND(A9<>"",NOT(ISNUMBER(H9)),NOT(ISNUMBER(J9)))," | Enter Sprint Start or Release Date","")&IF(AND(ISNUMBER(F9),F9<TODAY(),D9<>"Completed")," | One or more raise-by dates are in the past and not completed","")&IF(AND(ISNUMBER(K9),K9-TODAY()<SprintWarningDays,K9>=TODAY(),OR(D9="Yet to start",D9="Blocked"))," | Sprint starts in under 10 days - raise access requests now","")&IF(AND(ISNUMBER(BM9),BN9<>"Completed",BN9<>"N/A",BM9-TODAY()<CodeReviewInviteCalendarDays)," | Code Review invite should be sent at least 4 days before Code Review","")="","",MID(IF(AND(ISNUMBER(J9),WEEKDAY(J9,2)<>2,WEEKDAY(J9,2)<>4)," | Release must be Tuesday or Thursday","")&IF(AND(ISNUMBER(H9),WEEKDAY(H9,2)<>1)," | Sprint Start is not a Monday - dates still calculated from the date entered","")&IF(AND(A9<>"",NOT(ISNUMBER(H9)),NOT(ISNUMBER(J9)))," | Enter Sprint Start or Release Date","")&IF(AND(ISNUMBER(F9),F9<TODAY(),D9<>"Completed")," | One or more raise-by dates are in the past and not completed","")&IF(AND(ISNUMBER(K9),K9-TODAY()<SprintWarningDays,K9>=TODAY(),OR(D9="Yet to start",D9="Blocked"))," | Sprint starts in under 10 days - raise access requests now","")&IF(AND(ISNUMBER(BM9),BN9<>"Completed",BN9<>"N/A",BM9-TODAY()<CodeReviewInviteCalendarDays)," | Code Review invite should be sent at least 4 days before Code Review",""),4,500))) -> Release must be Tuesday or Thursday | Sprint Start is not a Monday - dates still calculated from the date entered | One or more raise-by dates are in the past and not completed | BQ9: =IF(AND(ISNUMBER(Q9),S9<>"Completed",S9<>"N/A"),Q9,"") | BR9: =IF(AND(ISNUMBER(T9),V9<>"Completed",V9<>"N/A"),T9,"") | BS9: =IF(AND(ISNUMBER(W9),Y9<>"Completed",Y9<>"N/A"),W9,"") | BT9: =IF(AND(ISNUMBER(AA9),AC9<>"Completed",AC9<>"N/A"),AA9,"") | BU9: =IF(AND(ISNUMBER(AG9),AI9<>"Completed",AI9<>"N/A"),AG9,"") | BV9: =IF(AND(ISNUMBER(AJ9),AL9<>"Completed",AL9<>"N/A"),AJ9,"") | BW9: =IF(AND(ISNUMBER(AM9),AO9<>"Completed",AO9<>"N/A"),AM9,"") | BX9: =IF(AND(ISNUMBER(AP9),AR9<>"Completed",AR9<>"N/A"),AP9,"") | BY9: =IF(AND(ISNUMBER(AU9),AW9<>"Completed",AW9<>"N/A"),AU9,"") | BZ9: =IF(AND(ISNUMBER(AX9),AZ9<>"Completed",AZ9<>"N/A"),AX9,"") -> 46224 | CA9: =IF(AND(ISNUMBER(BA9),BC9<>"Completed",BC9<>"N/A"),BA9,"") -> 46225 | CB9: =IF(AND(ISNUMBER(BD9),BF9<>"Completed",BF9<>"N/A"),BD9,"") | CC9: =IF(AND(ISNUMBER(O9),P9<>"Completed",P9<>"N/A"),O9,"") | CD9: =IF(AND(ISNUMBER(BM9),BN9<>"Completed",BN9<>"N/A"),BM9,"") -> 46293 | CE9: =IF(AND(ISNUMBER(BK9),BL9<>"Completed",BL9<>"N/A"),BK9,"") -> 46297 | CF9: =IF(AND(ISNUMBER(BI9),BJ9<>"Completed",BJ9<>"N/A"),BI9,"") -> 46300 | CG9: =IF(OR(A9="",D9="Completed"),"",IF(N(G9)>0,1/(N(G9)+ROW()/100000),IF(ISNUMBER(F9),1000+F9+ROW()/100000,TODAY()+400+ROW()/100000))) -> 0.032257971
A10: EPM_DIM_NOD | B10: Sharath Kotha | C10: Sprint 17 | D10: =IF(A10="","",IF(((S10="Blocked")+(V10="Blocked")+(Y10="Blocked")+(AC10="Blocked")+(AI10="Blocked")+(AL10="Blocked")+(AO10="Blocked")+(AR10="Blocked")+(AW10="Blocked")+(AZ10="Blocked")+(BC10="Blocked")+(BF10="Blocked")+(P10="Blocked")+(BJ10="Blocked")+(BL10="Blocked")+(BN10="Blocked")+(BO10="Blocked"))>0,"Blocked",IF((ISNUMBER(Q10)+ISNUMBER(T10)+ISNUMBER(W10)+ISNUMBER(AA10)+ISNUMBER(AG10)+ISNUMBER(AJ10)+ISNUMBER(AM10)+ISNUMBER(AP10)+ISNUMBER(AU10)+ISNUMBER(AX10)+ISNUMBER(BA10)+ISNUMBER(BD10)+ISNUMBER(O10)+ISNUMBER(BI10)+ISNUMBER(BK10)+ISNUMBER(BM10))=0,"Yet to start",IF(AND(OR(NOT(ISNUMBER(Q10)),S10="Completed",S10="N/A"),OR(NOT(ISNUMBER(T10)),V10="Completed",V10="N/A"),OR(NOT(ISNUMBER(W10)),Y10="Completed",Y10="N/A"),OR(NOT(ISNUMBER(AA10)),AC10="Completed",AC10="N/A"),OR(NOT(ISNUMBER(AG10)),AI10="Completed",AI10="N/A"),OR(NOT(ISNUMBER(AJ10)),AL10="Completed",AL10="N/A"),OR(NOT(ISNUMBER(AM10)),AO10="Completed",AO10="N/A"),OR(NOT(ISNUMBER(AP10)),AR10="Completed",AR10="N/A"),OR(NOT(ISNUMBER(AU10)),AW10="Completed",AW10="N/A"),OR(NOT(ISNUMBER(AX10)),AZ10="Completed",AZ10="N/A"),OR(NOT(ISNUMBER(BA10)),BC10="Completed",BC10="N/A"),OR(NOT(ISNUMBER(BD10)),BF10="Completed",BF10="N/A"),OR(NOT(ISNUMBER(O10)),P10="Completed",P10="N/A"),OR(NOT(ISNUMBER(BI10)),BJ10="Completed",BJ10="N/A"),OR(NOT(ISNUMBER(BK10)),BL10="Completed",BL10="N/A"),OR(NOT(ISNUMBER(BM10)),BN10="Completed",BN10="N/A"),OR(BO10="Completed",BO10="N/A")),"Completed",IF(((S10="In Progress")+(V10="In Progress")+(Y10="In Progress")+(AC10="In Progress")+(AI10="In Progress")+(AL10="In Progress")+(AO10="In Progress")+(AR10="In Progress")+(AW10="In Progress")+(AZ10="In Progress")+(BC10="In Progress")+(BF10="In Progress")+(P10="In Progress")+(BJ10="In Progress")+(BL10="In Progress")+(BN10="In Progress")+(BO10="In Progress"))>0,"In Progress","Yet to start"))))) -> In Progress | E10: =IF(A10="","",IF(F10="","All complete",INDEX({"Dev R-Task","Dev OUR","Dev Service Request","Dev File R-Task","QA R-Task","QA OUR","QA Service Request","QA File R-Task","Prod R-Task","Prod OUR","Prod Service Request","Prod File R-Task","Sprint Readiness","Code Review Invite","Code Review","CAB"},MATCH(F10,BQ10:CF10,0)))) -> Prod OUR | F10: =IF(A10="","",IF(COUNT(BQ10:CF10)=0,"",MIN(BQ10:CF10))) -> 46224 | G10: =IF(A10="","",MAX(0,IF(AND(ISNUMBER(Q10),S10<>"Completed",S10<>"N/A",Q10<TODAY()),TODAY()-Q10,0),IF(AND(ISNUMBER(T10),V10<>"Completed",V10<>"N/A",T10<TODAY()),TODAY()-T10,0),IF(AND(ISNUMBER(W10),Y10<>"Completed",Y10<>"N/A",W10<TODAY()),TODAY()-W10,0),IF(AND(ISNUMBER(AA10),AC10<>"Completed",AC10<>"N/A",AA10<TODAY()),TODAY()-AA10,0),IF(AND(ISNUMBER(AG10),AI10<>"Completed",AI10<>"N/A",AG10<TODAY()),TODAY()-AG10,0),IF(AND(ISNUMBER(AJ10),AL10<>"Completed",AL10<>"N/A",AJ10<TODAY()),TODAY()-AJ10,0),IF(AND(ISNUMBER(AM10),AO10<>"Completed",AO10<>"N/A",AM10<TODAY()),TODAY()-AM10,0),IF(AND(ISNUMBER(AP10),AR10<>"Completed",AR10<>"N/A",AP10<TODAY()),TODAY()-AP10,0),IF(AND(ISNUMBER(AU10),AW10<>"Completed",AW10<>"N/A",AU10<TODAY()),TODAY()-AU10,0),IF(AND(ISNUMBER(AX10),AZ10<>"Completed",AZ10<>"N/A",AX10<TODAY()),TODAY()-AX10,0),IF(AND(ISNUMBER(BA10),BC10<>"Completed",BC10<>"N/A",BA10<TODAY()),TODAY()-BA10,0),IF(AND(ISNUMBER(BD10),BF10<>"Completed",BF10<>"N/A",BD10<TODAY()),TODAY()-BD10,0),IF(AND(ISNUMBER(O10),P10<>"Completed",P10<>"N/A",O10<TODAY()),TODAY()-O10,0),IF(AND(ISNUMBER(BM10),BN10<>"Completed",BN10<>"N/A",BM10<TODAY()),TODAY()-BM10,0),IF(AND(ISNUMBER(BK10),BL10<>"Completed",BL10<>"N/A",BK10<TODAY()),TODAY()-BK10,0),IF(AND(ISNUMBER(BI10),BJ10<>"Completed",BJ10<>"N/A",BI10<TODAY()),TODAY()-BI10,0))) -> 31 | H10: 46232 | I10: 46245 | J10: 46300 | K10: =IF(ISNUMBER(H10),H10,IF(ISNUMBER(M10),M10-WEEKDAY(M10,2)+1-7,"")) -> 46232 | L10: =IF(ISNUMBER(I10),I10,IF(ISNUMBER(H10),WORKDAY(H10,SprintWorkingDays-1),IF(ISNUMBER(K10),WORKDAY(K10,SprintWorkingDays-1),""))) -> 46245 | M10: =IF(ISNUMBER(J10),J10,IF(ISNUMBER(I10),I10-IF(OR(WEEKDAY(I10,2)=2,WEEKDAY(I10,2)=4),0,IF(WEEKDAY(I10,2)=3,1,IF(WEEKDAY(I10,2)=1,4,WEEKDAY(I10,2)-4))),IF(ISNUMBER(H10),WORKDAY(H10,SprintWorkingDays-1)-IF(OR(WEEKDAY(WORKDAY(H10,SprintWorkingDays-1),2)=2,WEEKDAY(WORKDAY(H10,SprintWorkingDays-1),2)=4),0,IF(WEEKDAY(WORKDAY(H10,SprintWorkingDays-1),2)=3,1,IF(WEEKDAY(WORKDAY(H10,SprintWorkingDays-1),2)=1,4,WEEKDAY(WORKDAY(H10,SprintWorkingDays-1),2)-4))),""))) -> 46300 | N10: =IF(NOT(ISNUMBER(K10)),"",WORKDAY(K10,ReadyOffsetWD)) -> 46231 | O10: =IF(NOT(ISNUMBER(K10)),"",WORKDAY(K10,SprintReadinessOffsetWD)) -> 46230 | P10: In Progress | Q10: =IF(A10="","",IF(V10="N/A",IF(NOT(ISNUMBER(W10)),"",WORKDAY(W10,RTSKOffsetFromOUR_WD)),IF(NOT(ISNUMBER(T10)),"",WORKDAY(T10,RTSKOffsetFromOUR_WD)))) -> 46220 | R10: 46246 | S10: Completed | T10: =IF(OR(A10="",V10="N/A"),"",IF(NOT(ISNUMBER(W10)),"",WORKDAY(W10,OUROffsetFromSR_WD))) -> 46224 | U10: 46234 | V10: Completed | W10: =IF(OR(A10="",NOT(ISNUMBER(K10))),"",WORKDAY(K10,SROffsetFromStartWD)) -> 46225 | X10: 46234 | Y10: Completed | Z10: N/A | AA10: =IF(OR(Z10="",Z10="N/A"),"",IF(ISNUMBER(Q10),Q10,"")) | AF10: =IF(Z10="N/A","N/A","") -> N/A | AG10: =IF(NOT(ISNUMBER(Q10)),"",Q10) -> 46220 | AH10: 46239 | AI10: Completed | AJ10: =IF(OR(AL10="N/A",NOT(ISNUMBER(T10))),"",T10) -> 46224 | AK10: 46239 | AL10: Completed | AM10: =IF(NOT(ISNUMBER(W10)),"",W10) -> 46225 | AN10: 46239 | AO10: Completed | AP10: =IF(OR(Z10="",Z10="N/A"),"",IF(ISNUMBER(AG10),AG10,"")) | AU10: =IF(NOT(ISNUMBER(Q10)),"",Q10) -> 46220 | AW10: Completed | AX10: =IF(OR(AZ10="N/A",NOT(ISNUMBER(T10))),"",T10) -> 46224 | BA10: =IF(NOT(ISNUMBER(W10)),"",W10) -> 46225 | BD10: =IF(OR(Z10="",Z10="N/A"),"",IF(ISNUMBER(AU10),AU10,"")) | BI10: 46300 | BK10: =IF(NOT(ISNUMBER(BI10)),"",IF(WEEKDAY(BI10-CodeReviewCalendarDays,2)>5,BI10-CodeReviewCalendarDays-(WEEKDAY(BI10-CodeReviewCalendarDays,2)-5),BI10-CodeReviewCalendarDays)) -> 46297 | BM10: =IF(NOT(ISNUMBER(BK10)),"",IF(WEEKDAY(BK10-CodeReviewInviteCalendarDays,2)>5,BK10-CodeReviewInviteCalendarDays-(WEEKDAY(BK10-CodeReviewInviteCalendarDays,2)-5),BK10-CodeReviewInviteCalendarDays)) -> 46293 | BP10: =IF(A10="","",IF(IF(AND(ISNUMBER(J10),WEEKDAY(J10,2)<>2,WEEKDAY(J10,2)<>4)," | Release must be Tuesday or Thursday","")&IF(AND(ISNUMBER(H10),WEEKDAY(H10,2)<>1)," | Sprint Start is not a Monday - dates still calculated from the date entered","")&IF(AND(A10<>"",NOT(ISNUMBER(H10)),NOT(ISNUMBER(J10)))," | Enter Sprint Start or Release Date","")&IF(AND(ISNUMBER(F10),F10<TODAY(),D10<>"Completed")," | One or more raise-by dates are in the past and not completed","")&IF(AND(ISNUMBER(K10),K10-TODAY()<SprintWarningDays,K10>=TODAY(),OR(D10="Yet to start",D10="Blocked"))," | Sprint starts in under 10 days - raise access requests now","")&IF(AND(ISNUMBER(BM10),BN10<>"Completed",BN10<>"N/A",BM10-TODAY()<CodeReviewInviteCalendarDays)," | Code Review invite should be sent at least 4 days before Code Review","")="","",MID(IF(AND(ISNUMBER(J10),WEEKDAY(J10,2)<>2,WEEKDAY(J10,2)<>4)," | Release must be Tuesday or Thursday","")&IF(AND(ISNUMBER(H10),WEEKDAY(H10,2)<>1)," | Sprint Start is not a Monday - dates still calculated from the date entered","")&IF(AND(A10<>"",NOT(ISNUMBER(H10)),NOT(ISNUMBER(J10)))," | Enter Sprint Start or Release Date","")&IF(AND(ISNUMBER(F10),F10<TODAY(),D10<>"Completed")," | One or more raise-by dates are in the past and not completed","")&IF(AND(ISNUMBER(K10),K10-TODAY()<SprintWarningDays,K10>=TODAY(),OR(D10="Yet to start",D10="Blocked"))," | Sprint starts in under 10 days - raise access requests now","")&IF(AND(ISNUMBER(BM10),BN10<>"Completed",BN10<>"N/A",BM10-TODAY()<CodeReviewInviteCalendarDays)," | Code Review invite should be sent at least 4 days before Code Review",""),4,500))) -> Release must be Tuesday or Thursday | Sprint Start is not a Monday - dates still calculated from the date entered | One or more raise-by dates are in the past and not completed | BQ10: =IF(AND(ISNUMBER(Q10),S10<>"Completed",S10<>"N/A"),Q10,"") | BR10: =IF(AND(ISNUMBER(T10),V10<>"Completed",V10<>"N/A"),T10,"") | BS10: =IF(AND(ISNUMBER(W10),Y10<>"Completed",Y10<>"N/A"),W10,"") | BT10: =IF(AND(ISNUMBER(AA10),AC10<>"Completed",AC10<>"N/A"),AA10,"") | BU10: =IF(AND(ISNUMBER(AG10),AI10<>"Completed",AI10<>"N/A"),AG10,"") | BV10: =IF(AND(ISNUMBER(AJ10),AL10<>"Completed",AL10<>"N/A"),AJ10,"") | BW10: =IF(AND(ISNUMBER(AM10),AO10<>"Completed",AO10<>"N/A"),AM10,"") | BX10: =IF(AND(ISNUMBER(AP10),AR10<>"Completed",AR10<>"N/A"),AP10,"") | BY10: =IF(AND(ISNUMBER(AU10),AW10<>"Completed",AW10<>"N/A"),AU10,"") | BZ10: =IF(AND(ISNUMBER(AX10),AZ10<>"Completed",AZ10<>"N/A"),AX10,"") -> 46224 | CA10: =IF(AND(ISNUMBER(BA10),BC10<>"Completed",BC10<>"N/A"),BA10,"") -> 46225 | CB10: =IF(AND(ISNUMBER(BD10),BF10<>"Completed",BF10<>"N/A"),BD10,"") | CC10: =IF(AND(ISNUMBER(O10),P10<>"Completed",P10<>"N/A"),O10,"") -> 46230 | CD10: =IF(AND(ISNUMBER(BM10),BN10<>"Completed",BN10<>"N/A"),BM10,"") -> 46293 | CE10: =IF(AND(ISNUMBER(BK10),BL10<>"Completed",BL10<>"N/A"),BK10,"") -> 46297 | CF10: =IF(AND(ISNUMBER(BI10),BJ10<>"Completed",BJ10<>"N/A"),BI10,"") -> 46300 | CG10: =IF(OR(A10="",D10="Completed"),"",IF(N(G10)>0,1/(N(G10)+ROW()/100000),IF(ISNUMBER(F10),1000+F10+ROW()/100000,TODAY()+400+ROW()/100000))) -> 0.03225796
A11: EPM_BALANCES | B11: Sharath Kotha | C11: Sprint 17 | D11: =IF(A11="","",IF(((S11="Blocked")+(V11="Blocked")+(Y11="Blocked")+(AC11="Blocked")+(AI11="Blocked")+(AL11="Blocked")+(AO11="Blocked")+(AR11="Blocked")+(AW11="Blocked")+(AZ11="Blocked")+(BC11="Blocked")+(BF11="Blocked")+(P11="Blocked")+(BJ11="Blocked")+(BL11="Blocked")+(BN11="Blocked")+(BO11="Blocked"))>0,"Blocked",IF((ISNUMBER(Q11)+ISNUMBER(T11)+ISNUMBER(W11)+ISNUMBER(AA11)+ISNUMBER(AG11)+ISNUMBER(AJ11)+ISNUMBER(AM11)+ISNUMBER(AP11)+ISNUMBER(AU11)+ISNUMBER(AX11)+ISNUMBER(BA11)+ISNUMBER(BD11)+ISNUMBER(O11)+ISNUMBER(BI11)+ISNUMBER(BK11)+ISNUMBER(BM11))=0,"Yet to start",IF(AND(OR(NOT(ISNUMBER(Q11)),S11="Completed",S11="N/A"),OR(NOT(ISNUMBER(T11)),V11="Completed",V11="N/A"),OR(NOT(ISNUMBER(W11)),Y11="Completed",Y11="N/A"),OR(NOT(ISNUMBER(AA11)),AC11="Completed",AC11="N/A"),OR(NOT(ISNUMBER(AG11)),AI11="Completed",AI11="N/A"),OR(NOT(ISNUMBER(AJ11)),AL11="Completed",AL11="N/A"),OR(NOT(ISNUMBER(AM11)),AO11="Completed",AO11="N/A"),OR(NOT(ISNUMBER(AP11)),AR11="Completed",AR11="N/A"),OR(NOT(ISNUMBER(AU11)),AW11="Completed",AW11="N/A"),OR(NOT(ISNUMBER(AX11)),AZ11="Completed",AZ11="N/A"),OR(NOT(ISNUMBER(BA11)),BC11="Completed",BC11="N/A"),OR(NOT(ISNUMBER(BD11)),BF11="Completed",BF11="N/A"),OR(NOT(ISNUMBER(O11)),P11="Completed",P11="N/A"),OR(NOT(ISNUMBER(BI11)),BJ11="Completed",BJ11="N/A"),OR(NOT(ISNUMBER(BK11)),BL11="Completed",BL11="N/A"),OR(NOT(ISNUMBER(BM11)),BN11="Completed",BN11="N/A"),OR(BO11="Completed",BO11="N/A")),"Completed",IF(((S11="In Progress")+(V11="In Progress")+(Y11="In Progress")+(AC11="In Progress")+(AI11="In Progress")+(AL11="In Progress")+(AO11="In Progress")+(AR11="In Progress")+(AW11="In Progress")+(AZ11="In Progress")+(BC11="In Progress")+(BF11="In Progress")+(P11="In Progress")+(BJ11="In Progress")+(BL11="In Progress")+(BN11="In Progress")+(BO11="In Progress"))>0,"In Progress","Yet to start"))))) -> In Progress | E11: =IF(A11="","",IF(F11="","All complete",INDEX({"Dev R-Task","Dev OUR","Dev Service Request","Dev File R-Task","QA R-Task","QA OUR","QA Service Request","QA File R-Task","Prod R-Task","Prod OUR","Prod Service Request","Prod File R-Task","Sprint Readiness","Code Review Invite","Code Review","CAB"},MATCH(F11,BQ11:CF11,0)))) -> Prod OUR | F11: =IF(A11="","",IF(COUNT(BQ11:CF11)=0,"",MIN(BQ11:CF11))) -> 46224 | G11: =IF(A11="","",MAX(0,IF(AND(ISNUMBER(Q11),S11<>"Completed",S11<>"N/A",Q11<TODAY()),TODAY()-Q11,0),IF(AND(ISNUMBER(T11),V11<>"Completed",V11<>"N/A",T11<TODAY()),TODAY()-T11,0),IF(AND(ISNUMBER(W11),Y11<>"Completed",Y11<>"N/A",W11<TODAY()),TODAY()-W11,0),IF(AND(ISNUMBER(AA11),AC11<>"Completed",AC11<>"N/A",AA11<TODAY()),TODAY()-AA11,0),IF(AND(ISNUMBER(AG11),AI11<>"Completed",AI11<>"N/A",AG11<TODAY()),TODAY()-AG11,0),IF(AND(ISNUMBER(AJ11),AL11<>"Completed",AL11<>"N/A",AJ11<TODAY()),TODAY()-AJ11,0),IF(AND(ISNUMBER(AM11),AO11<>"Completed",AO11<>"N/A",AM11<TODAY()),TODAY()-AM11,0),IF(AND(ISNUMBER(AP11),AR11<>"Completed",AR11<>"N/A",AP11<TODAY()),TODAY()-AP11,0),IF(AND(ISNUMBER(AU11),AW11<>"Completed",AW11<>"N/A",AU11<TODAY()),TODAY()-AU11,0),IF(AND(ISNUMBER(AX11),AZ11<>"Completed",AZ11<>"N/A",AX11<TODAY()),TODAY()-AX11,0),IF(AND(ISNUMBER(BA11),BC11<>"Completed",BC11<>"N/A",BA11<TODAY()),TODAY()-BA11,0),IF(AND(ISNUMBER(BD11),BF11<>"Completed",BF11<>"N/A",BD11<TODAY()),TODAY()-BD11,0),IF(AND(ISNUMBER(O11),P11<>"Completed",P11<>"N/A",O11<TODAY()),TODAY()-O11,0),IF(AND(ISNUMBER(BM11),BN11<>"Completed",BN11<>"N/A",BM11<TODAY()),TODAY()-BM11,0),IF(AND(ISNUMBER(BK11),BL11<>"Completed",BL11<>"N/A",BK11<TODAY()),TODAY()-BK11,0),IF(AND(ISNUMBER(BI11),BJ11<>"Completed",BJ11<>"N/A",BI11<TODAY()),TODAY()-BI11,0))) -> 31 | H11: 46232 | I11: 46245 | J11: 46300 | K11: =IF(ISNUMBER(H11),H11,IF(ISNUMBER(M11),M11-WEEKDAY(M11,2)+1-7,"")) -> 46232 | L11: =IF(ISNUMBER(I11),I11,IF(ISNUMBER(H11),WORKDAY(H11,SprintWorkingDays-1),IF(ISNUMBER(K11),WORKDAY(K11,SprintWorkingDays-1),""))) -> 46245 | M11: =IF(ISNUMBER(J11),J11,IF(ISNUMBER(I11),I11-IF(OR(WEEKDAY(I11,2)=2,WEEKDAY(I11,2)=4),0,IF(WEEKDAY(I11,2)=3,1,IF(WEEKDAY(I11,2)=1,4,WEEKDAY(I11,2)-4))),IF(ISNUMBER(H11),WORKDAY(H11,SprintWorkingDays-1)-IF(OR(WEEKDAY(WORKDAY(H11,SprintWorkingDays-1),2)=2,WEEKDAY(WORKDAY(H11,SprintWorkingDays-1),2)=4),0,IF(WEEKDAY(WORKDAY(H11,SprintWorkingDays-1),2)=3,1,IF(WEEKDAY(WORKDAY(H11,SprintWorkingDays-1),2)=1,4,WEEKDAY(WORKDAY(H11,SprintWorkingDays-1),2)-4))),""))) -> 46300 | N11: =IF(NOT(ISNUMBER(K11)),"",WORKDAY(K11,ReadyOffsetWD)) -> 46231 | O11: =IF(NOT(ISNUMBER(K11)),"",WORKDAY(K11,SprintReadinessOffsetWD)) -> 46230 | P11: In Progress | Q11: =IF(A11="","",IF(V11="N/A",IF(NOT(ISNUMBER(W11)),"",WORKDAY(W11,RTSKOffsetFromOUR_WD)),IF(NOT(ISNUMBER(T11)),"",WORKDAY(T11,RTSKOffsetFromOUR_WD)))) -> 46220 | R11: 46246 | S11: Completed | T11: =IF(OR(A11="",V11="N/A"),"",IF(NOT(ISNUMBER(W11)),"",WORKDAY(W11,OUROffsetFromSR_WD))) -> 46224 | U11: 46234 | V11: Completed | W11: =IF(OR(A11="",NOT(ISNUMBER(K11))),"",WORKDAY(K11,SROffsetFromStartWD)) -> 46225 | X11: 46234 | Y11: Completed | Z11: N/A | AA11: =IF(OR(Z11="",Z11="N/A"),"",IF(ISNUMBER(Q11),Q11,"")) | AF11: =IF(Z11="N/A","N/A","") -> N/A | AG11: =IF(NOT(ISNUMBER(Q11)),"",Q11) -> 46220 | AH11: 46239 | AI11: Completed | AJ11: =IF(OR(AL11="N/A",NOT(ISNUMBER(T11))),"",T11) -> 46224 | AK11: 46239 | AL11: Completed | AM11: =IF(NOT(ISNUMBER(W11)),"",W11) -> 46225 | AN11: 46239 | AO11: Completed | AP11: =IF(OR(Z11="",Z11="N/A"),"",IF(ISNUMBER(AG11),AG11,"")) | AU11: =IF(NOT(ISNUMBER(Q11)),"",Q11) -> 46220 | AW11: Completed | AX11: =IF(OR(AZ11="N/A",NOT(ISNUMBER(T11))),"",T11) -> 46224 | BA11: =IF(NOT(ISNUMBER(W11)),"",W11) -> 46225 | BD11: =IF(OR(Z11="",Z11="N/A"),"",IF(ISNUMBER(AU11),AU11,"")) | BI11: 46300 | BK11: =IF(NOT(ISNUMBER(BI11)),"",IF(WEEKDAY(BI11-CodeReviewCalendarDays,2)>5,BI11-CodeReviewCalendarDays-(WEEKDAY(BI11-CodeReviewCalendarDays,2)-5),BI11-CodeReviewCalendarDays)) -> 46297 | BM11: =IF(NOT(ISNUMBER(BK11)),"",IF(WEEKDAY(BK11-CodeReviewInviteCalendarDays,2)>5,BK11-CodeReviewInviteCalendarDays-(WEEKDAY(BK11-CodeReviewInviteCalendarDays,2)-5),BK11-CodeReviewInviteCalendarDays)) -> 46293 | BP11: =IF(A11="","",IF(IF(AND(ISNUMBER(J11),WEEKDAY(J11,2)<>2,WEEKDAY(J11,2)<>4)," | Release must be Tuesday or Thursday","")&IF(AND(ISNUMBER(H11),WEEKDAY(H11,2)<>1)," | Sprint Start is not a Monday - dates still calculated from the date entered","")&IF(AND(A11<>"",NOT(ISNUMBER(H11)),NOT(ISNUMBER(J11)))," | Enter Sprint Start or Release Date","")&IF(AND(ISNUMBER(F11),F11<TODAY(),D11<>"Completed")," | One or more raise-by dates are in the past and not completed","")&IF(AND(ISNUMBER(K11),K11-TODAY()<SprintWarningDays,K11>=TODAY(),OR(D11="Yet to start",D11="Blocked"))," | Sprint starts in under 10 days - raise access requests now","")&IF(AND(ISNUMBER(BM11),BN11<>"Completed",BN11<>"N/A",BM11-TODAY()<CodeReviewInviteCalendarDays)," | Code Review invite should be sent at least 4 days before Code Review","")="","",MID(IF(AND(ISNUMBER(J11),WEEKDAY(J11,2)<>2,WEEKDAY(J11,2)<>4)," | Release must be Tuesday or Thursday","")&IF(AND(ISNUMBER(H11),WEEKDAY(H11,2)<>1)," | Sprint Start is not a Monday - dates still calculated from the date entered","")&IF(AND(A11<>"",NOT(ISNUMBER(H11)),NOT(ISNUMBER(J11)))," | Enter Sprint Start or Release Date","")&IF(AND(ISNUMBER(F11),F11<TODAY(),D11<>"Completed")," | One or more raise-by dates are in the past and not completed","")&IF(AND(ISNUMBER(K11),K11-TODAY()<SprintWarningDays,K11>=TODAY(),OR(D11="Yet to start",D11="Blocked"))," | Sprint starts in under 10 days - raise access requests now","")&IF(AND(ISNUMBER(BM11),BN11<>"Completed",BN11<>"N/A",BM11-TODAY()<CodeReviewInviteCalendarDays)," | Code Review invite should be sent at least 4 days before Code Review",""),4,500))) -> Release must be Tuesday or Thursday | Sprint Start is not a Monday - dates still calculated from the date entered | One or more raise-by dates are in the past and not completed | BQ11: =IF(AND(ISNUMBER(Q11),S11<>"Completed",S11<>"N/A"),Q11,"") | BR11: =IF(AND(ISNUMBER(T11),V11<>"Completed",V11<>"N/A"),T11,"") | BS11: =IF(AND(ISNUMBER(W11),Y11<>"Completed",Y11<>"N/A"),W11,"") | BT11: =IF(AND(ISNUMBER(AA11),AC11<>"Completed",AC11<>"N/A"),AA11,"") | BU11: =IF(AND(ISNUMBER(AG11),AI11<>"Completed",AI11<>"N/A"),AG11,"") | BV11: =IF(AND(ISNUMBER(AJ11),AL11<>"Completed",AL11<>"N/A"),AJ11,"") | BW11: =IF(AND(ISNUMBER(AM11),AO11<>"Completed",AO11<>"N/A"),AM11,"") | BX11: =IF(AND(ISNUMBER(AP11),AR11<>"Completed",AR11<>"N/A"),AP11,"") | BY11: =IF(AND(ISNUMBER(AU11),AW11<>"Completed",AW11<>"N/A"),AU11,"") | BZ11: =IF(AND(ISNUMBER(AX11),AZ11<>"Completed",AZ11<>"N/A"),AX11,"") -> 46224 | CA11: =IF(AND(ISNUMBER(BA11),BC11<>"Completed",BC11<>"N/A"),BA11,"") -> 46225 | CB11: =IF(AND(ISNUMBER(BD11),BF11<>"Completed",BF11<>"N/A"),BD11,"") | CC11: =IF(AND(ISNUMBER(O11),P11<>"Completed",P11<>"N/A"),O11,"") -> 46230 | CD11: =IF(AND(ISNUMBER(BM11),BN11<>"Completed",BN11<>"N/A"),BM11,"") -> 46293 | CE11: =IF(AND(ISNUMBER(BK11),BL11<>"Completed",BL11<>"N/A"),BK11,"") -> 46297 | CF11: =IF(AND(ISNUMBER(BI11),BJ11<>"Completed",BJ11<>"N/A"),BI11,"") -> 46300 | CG11: =IF(OR(A11="",D11="Completed"),"",IF(N(G11)>0,1/(N(G11)+ROW()/100000),IF(ISNUMBER(F11),1000+F11+ROW()/100000,TODAY()+400+ROW()/100000))) -> 0.03225795
A12: EDDS | B12: Sharath Kotha | C12: Sprint 17 | D12: =IF(A12="","",IF(((S12="Blocked")+(V12="Blocked")+(Y12="Blocked")+(AC12="Blocked")+(AI12="Blocked")+(AL12="Blocked")+(AO12="Blocked")+(AR12="Blocked")+(AW12="Blocked")+(AZ12="Blocked")+(BC12="Blocked")+(BF12="Blocked")+(P12="Blocked")+(BJ12="Blocked")+(BL12="Blocked")+(BN12="Blocked")+(BO12="Blocked"))>0,"Blocked",IF((ISNUMBER(Q12)+ISNUMBER(T12)+ISNUMBER(W12)+ISNUMBER(AA12)+ISNUMBER(AG12)+ISNUMBER(AJ12)+ISNUMBER(AM12)+ISNUMBER(AP12)+ISNUMBER(AU12)+ISNUMBER(AX12)+ISNUMBER(BA12)+ISNUMBER(BD12)+ISNUMBER(O12)+ISNUMBER(BI12)+ISNUMBER(BK12)+ISNUMBER(BM12))=0,"Yet to start",IF(AND(OR(NOT(ISNUMBER(Q12)),S12="Completed",S12="N/A"),OR(NOT(ISNUMBER(T12)),V12="Completed",V12="N/A"),OR(NOT(ISNUMBER(W12)),Y12="Completed",Y12="N/A"),OR(NOT(ISNUMBER(AA12)),AC12="Completed",AC12="N/A"),OR(NOT(ISNUMBER(AG12)),AI12="Completed",AI12="N/A"),OR(NOT(ISNUMBER(AJ12)),AL12="Completed",AL12="N/A"),OR(NOT(ISNUMBER(AM12)),AO12="Completed",AO12="N/A"),OR(NOT(ISNUMBER(AP12)),AR12="Completed",AR12="N/A"),OR(NOT(ISNUMBER(AU12)),AW12="Completed",AW12="N/A"),OR(NOT(ISNUMBER(AX12)),AZ12="Completed",AZ12="N/A"),OR(NOT(ISNUMBER(BA12)),BC12="Completed",BC12="N/A"),OR(NOT(ISNUMBER(BD12)),BF12="Completed",BF12="N/A"),OR(NOT(ISNUMBER(O12)),P12="Completed",P12="N/A"),OR(NOT(ISNUMBER(BI12)),BJ12="Completed",BJ12="N/A"),OR(NOT(ISNUMBER(BK12)),BL12="Completed",BL12="N/A"),OR(NOT(ISNUMBER(BM12)),BN12="Completed",BN12="N/A"),OR(BO12="Completed",BO12="N/A")),"Completed",IF(((S12="In Progress")+(V12="In Progress")+(Y12="In Progress")+(AC12="In Progress")+(AI12="In Progress")+(AL12="In Progress")+(AO12="In Progress")+(AR12="In Progress")+(AW12="In Progress")+(AZ12="In Progress")+(BC12="In Progress")+(BF12="In Progress")+(P12="In Progress")+(BJ12="In Progress")+(BL12="In Progress")+(BN12="In Progress")+(BO12="In Progress"))>0,"In Progress","Yet to start"))))) -> In Progress | E12: =IF(A12="","",IF(F12="","All complete",INDEX({"Dev R-Task","Dev OUR","Dev Service Request","Dev File R-Task","QA R-Task","QA OUR","QA Service Request","QA File R-Task","Prod R-Task","Prod OUR","Prod Service Request","Prod File R-Task","Sprint Readiness","Code Review Invite","Code Review","CAB"},MATCH(F12,BQ12:CF12,0)))) -> Prod OUR | F12: =IF(A12="","",IF(COUNT(BQ12:CF12)=0,"",MIN(BQ12:CF12))) -> 46224 | G12: =IF(A12="","",MAX(0,IF(AND(ISNUMBER(Q12),S12<>"Completed",S12<>"N/A",Q12<TODAY()),TODAY()-Q12,0),IF(AND(ISNUMBER(T12),V12<>"Completed",V12<>"N/A",T12<TODAY()),TODAY()-T12,0),IF(AND(ISNUMBER(W12),Y12<>"Completed",Y12<>"N/A",W12<TODAY()),TODAY()-W12,0),IF(AND(ISNUMBER(AA12),AC12<>"Completed",AC12<>"N/A",AA12<TODAY()),TODAY()-AA12,0),IF(AND(ISNUMBER(AG12),AI12<>"Completed",AI12<>"N/A",AG12<TODAY()),TODAY()-AG12,0),IF(AND(ISNUMBER(AJ12),AL12<>"Completed",AL12<>"N/A",AJ12<TODAY()),TODAY()-AJ12,0),IF(AND(ISNUMBER(AM12),AO12<>"Completed",AO12<>"N/A",AM12<TODAY()),TODAY()-AM12,0),IF(AND(ISNUMBER(AP12),AR12<>"Completed",AR12<>"N/A",AP12<TODAY()),TODAY()-AP12,0),IF(AND(ISNUMBER(AU12),AW12<>"Completed",AW12<>"N/A",AU12<TODAY()),TODAY()-AU12,0),IF(AND(ISNUMBER(AX12),AZ12<>"Completed",AZ12<>"N/A",AX12<TODAY()),TODAY()-AX12,0),IF(AND(ISNUMBER(BA12),BC12<>"Completed",BC12<>"N/A",BA12<TODAY()),TODAY()-BA12,0),IF(AND(ISNUMBER(BD12),BF12<>"Completed",BF12<>"N/A",BD12<TODAY()),TODAY()-BD12,0),IF(AND(ISNUMBER(O12),P12<>"Completed",P12<>"N/A",O12<TODAY()),TODAY()-O12,0),IF(AND(ISNUMBER(BM12),BN12<>"Completed",BN12<>"N/A",BM12<TODAY()),TODAY()-BM12,0),IF(AND(ISNUMBER(BK12),BL12<>"Completed",BL12<>"N/A",BK12<TODAY()),TODAY()-BK12,0),IF(AND(ISNUMBER(BI12),BJ12<>"Completed",BJ12<>"N/A",BI12<TODAY()),TODAY()-BI12,0))) -> 31 | H12: 46232 | I12: 46245 | J12: 46300 | K12: =IF(ISNUMBER(H12),H12,IF(ISNUMBER(M12),M12-WEEKDAY(M12,2)+1-7,"")) -> 46232 | L12: =IF(ISNUMBER(I12),I12,IF(ISNUMBER(H12),WORKDAY(H12,SprintWorkingDays-1),IF(ISNUMBER(K12),WORKDAY(K12,SprintWorkingDays-1),""))) -> 46245 | M12: =IF(ISNUMBER(J12),J12,IF(ISNUMBER(I12),I12-IF(OR(WEEKDAY(I12,2)=2,WEEKDAY(I12,2)=4),0,IF(WEEKDAY(I12,2)=3,1,IF(WEEKDAY(I12,2)=1,4,WEEKDAY(I12,2)-4))),IF(ISNUMBER(H12),WORKDAY(H12,SprintWorkingDays-1)-IF(OR(WEEKDAY(WORKDAY(H12,SprintWorkingDays-1),2)=2,WEEKDAY(WORKDAY(H12,SprintWorkingDays-1),2)=4),0,IF(WEEKDAY(WORKDAY(H12,SprintWorkingDays-1),2)=3,1,IF(WEEKDAY(WORKDAY(H12,SprintWorkingDays-1),2)=1,4,WEEKDAY(WORKDAY(H12,SprintWorkingDays-1),2)-4))),""))) -> 46300 | N12: =IF(NOT(ISNUMBER(K12)),"",WORKDAY(K12,ReadyOffsetWD)) -> 46231 | O12: =IF(NOT(ISNUMBER(K12)),"",WORKDAY(K12,SprintReadinessOffsetWD)) -> 46230 | P12: In Progress | Q12: =IF(A12="","",IF(V12="N/A",IF(NOT(ISNUMBER(W12)),"",WORKDAY(W12,RTSKOffsetFromOUR_WD)),IF(NOT(ISNUMBER(T12)),"",WORKDAY(T12,RTSKOffsetFromOUR_WD)))) -> 46220 | R12: 46246 | S12: Completed | T12: =IF(OR(A12="",V12="N/A"),"",IF(NOT(ISNUMBER(W12)),"",WORKDAY(W12,OUROffsetFromSR_WD))) -> 46224 | U12: 46234 | V12: Completed | W12: =IF(OR(A12="",NOT(ISNUMBER(K12))),"",WORKDAY(K12,SROffsetFromStartWD)) -> 46225 | X12: 46234 | Y12: Completed | Z12: N/A | AA12: =IF(OR(Z12="",Z12="N/A"),"",IF(ISNUMBER(Q12),Q12,"")) | AF12: =IF(Z12="N/A","N/A","") -> N/A | AG12: =IF(NOT(ISNUMBER(Q12)),"",Q12) -> 46220 | AH12: 46239 | AI12: Completed | AJ12: =IF(OR(AL12="N/A",NOT(ISNUMBER(T12))),"",T12) -> 46224 | AK12: 46239 | AL12: Completed | AM12: =IF(NOT(ISNUMBER(W12)),"",W12) -> 46225 | AN12: 46239 | AO12: Completed | AP12: =IF(OR(Z12="",Z12="N/A"),"",IF(ISNUMBER(AG12),AG12,"")) | AU12: =IF(NOT(ISNUMBER(Q12)),"",Q12) -> 46220 | AW12: Completed | AX12: =IF(OR(AZ12="N/A",NOT(ISNUMBER(T12))),"",T12) -> 46224 | BA12: =IF(NOT(ISNUMBER(W12)),"",W12) -> 46225 | BD12: =IF(OR(Z12="",Z12="N/A"),"",IF(ISNUMBER(AU12),AU12,"")) | BI12: 46300 | BK12: =IF(NOT(ISNUMBER(BI12)),"",IF(WEEKDAY(BI12-CodeReviewCalendarDays,2)>5,BI12-CodeReviewCalendarDays-(WEEKDAY(BI12-CodeReviewCalendarDays,2)-5),BI12-CodeReviewCalendarDays)) -> 46297 | BM12: =IF(NOT(ISNUMBER(BK12)),"",IF(WEEKDAY(BK12-CodeReviewInviteCalendarDays,2)>5,BK12-CodeReviewInviteCalendarDays-(WEEKDAY(BK12-CodeReviewInviteCalendarDays,2)-5),BK12-CodeReviewInviteCalendarDays)) -> 46293 | BP12: =IF(A12="","",IF(IF(AND(ISNUMBER(J12),WEEKDAY(J12,2)<>2,WEEKDAY(J12,2)<>4)," | Release must be Tuesday or Thursday","")&IF(AND(ISNUMBER(H12),WEEKDAY(H12,2)<>1)," | Sprint Start is not a Monday - dates still calculated from the date entered","")&IF(AND(A12<>"",NOT(ISNUMBER(H12)),NOT(ISNUMBER(J12)))," | Enter Sprint Start or Release Date","")&IF(AND(ISNUMBER(F12),F12<TODAY(),D12<>"Completed")," | One or more raise-by dates are in the past and not completed","")&IF(AND(ISNUMBER(K12),K12-TODAY()<SprintWarningDays,K12>=TODAY(),OR(D12="Yet to start",D12="Blocked"))," | Sprint starts in under 10 days - raise access requests now","")&IF(AND(ISNUMBER(BM12),BN12<>"Completed",BN12<>"N/A",BM12-TODAY()<CodeReviewInviteCalendarDays)," | Code Review invite should be sent at least 4 days before Code Review","")="","",MID(IF(AND(ISNUMBER(J12),WEEKDAY(J12,2)<>2,WEEKDAY(J12,2)<>4)," | Release must be Tuesday or Thursday","")&IF(AND(ISNUMBER(H12),WEEKDAY(H12,2)<>1)," | Sprint Start is not a Monday - dates still calculated from the date entered","")&IF(AND(A12<>"",NOT(ISNUMBER(H12)),NOT(ISNUMBER(J12)))," | Enter Sprint Start or Release Date","")&IF(AND(ISNUMBER(F12),F12<TODAY(),D12<>"Completed")," | One or more raise-by dates are in the past and not completed","")&IF(AND(ISNUMBER(K12),K12-TODAY()<SprintWarningDays,K12>=TODAY(),OR(D12="Yet to start",D12="Blocked"))," | Sprint starts in under 10 days - raise access requests now","")&IF(AND(ISNUMBER(BM12),BN12<>"Completed",BN12<>"N/A",BM12-TODAY()<CodeReviewInviteCalendarDays)," | Code Review invite should be sent at least 4 days before Code Review",""),4,500))) -> Release must be Tuesday or Thursday | Sprint Start is not a Monday - dates still calculated from the date entered | One or more raise-by dates are in the past and not completed | BQ12: =IF(AND(ISNUMBER(Q12),S12<>"Completed",S12<>"N/A"),Q12,"") | BR12: =IF(AND(ISNUMBER(T12),V12<>"Completed",V12<>"N/A"),T12,"") | BS12: =IF(AND(ISNUMBER(W12),Y12<>"Completed",Y12<>"N/A"),W12,"") | BT12: =IF(AND(ISNUMBER(AA12),AC12<>"Completed",AC12<>"N/A"),AA12,"") | BU12: =IF(AND(ISNUMBER(AG12),AI12<>"Completed",AI12<>"N/A"),AG12,"") | BV12: =IF(AND(ISNUMBER(AJ12),AL12<>"Completed",AL12<>"N/A"),AJ12,"") | BW12: =IF(AND(ISNUMBER(AM12),AO12<>"Completed",AO12<>"N/A"),AM12,"") | BX12: =IF(AND(ISNUMBER(AP12),AR12<>"Completed",AR12<>"N/A"),AP12,"") | BY12: =IF(AND(ISNUMBER(AU12),AW12<>"Completed",AW12<>"N/A"),AU12,"") | BZ12: =IF(AND(ISNUMBER(AX12),AZ12<>"Completed",AZ12<>"N/A"),AX12,"") -> 46224 | CA12: =IF(AND(ISNUMBER(BA12),BC12<>"Completed",BC12<>"N/A"),BA12,"") -> 46225 | CB12: =IF(AND(ISNUMBER(BD12),BF12<>"Completed",BF12<>"N/A"),BD12,"") | CC12: =IF(AND(ISNUMBER(O12),P12<>"Completed",P12<>"N/A"),O12,"") -> 46230 | CD12: =IF(AND(ISNUMBER(BM12),BN12<>"Completed",BN12<>"N/A"),BM12,"") -> 46293 | CE12: =IF(AND(ISNUMBER(BK12),BL12<>"Completed",BL12<>"N/A"),BK12,"") -> 46297 | CF12: =IF(AND(ISNUMBER(BI12),BJ12<>"Completed",BJ12<>"N/A"),BI12,"") -> 46300 | CG12: =IF(OR(A12="",D12="Completed"),"",IF(N(G12)>0,1/(N(G12)+ROW()/100000),IF(ISNUMBER(F12),1000+F12+ROW()/100000,TODAY()+400+ROW()/100000))) -> 0.03225794
A13: Ecosys | B13: Sharath Kotha | C13: Sprint 17 | D13: =IF(A13="","",IF(((S13="Blocked")+(V13="Blocked")+(Y13="Blocked")+(AC13="Blocked")+(AI13="Blocked")+(AL13="Blocked")+(AO13="Blocked")+(AR13="Blocked")+(AW13="Blocked")+(AZ13="Blocked")+(BC13="Blocked")+(BF13="Blocked")+(P13="Blocked")+(BJ13="Blocked")+(BL13="Blocked")+(BN13="Blocked")+(BO13="Blocked"))>0,"Blocked",IF((ISNUMBER(Q13)+ISNUMBER(T13)+ISNUMBER(W13)+ISNUMBER(AA13)+ISNUMBER(AG13)+ISNUMBER(AJ13)+ISNUMBER(AM13)+ISNUMBER(AP13)+ISNUMBER(AU13)+ISNUMBER(AX13)+ISNUMBER(BA13)+ISNUMBER(BD13)+ISNUMBER(O13)+ISNUMBER(BI13)+ISNUMBER(BK13)+ISNUMBER(BM13))=0,"Yet to start",IF(AND(OR(NOT(ISNUMBER(Q13)),S13="Completed",S13="N/A"),OR(NOT(ISNUMBER(T13)),V13="Completed",V13="N/A"),OR(NOT(ISNUMBER(W13)),Y13="Completed",Y13="N/A"),OR(NOT(ISNUMBER(AA13)),AC13="Completed",AC13="N/A"),OR(NOT(ISNUMBER(AG13)),AI13="Completed",AI13="N/A"),OR(NOT(ISNUMBER(AJ13)),AL13="Completed",AL13="N/A"),OR(NOT(ISNUMBER(AM13)),AO13="Completed",AO13="N/A"),OR(NOT(ISNUMBER(AP13)),AR13="Completed",AR13="N/A"),OR(NOT(ISNUMBER(AU13)),AW13="Completed",AW13="N/A"),OR(NOT(ISNUMBER(AX13)),AZ13="Completed",AZ13="N/A"),OR(NOT(ISNUMBER(BA13)),BC13="Completed",BC13="N/A"),OR(NOT(ISNUMBER(BD13)),BF13="Completed",BF13="N/A"),OR(NOT(ISNUMBER(O13)),P13="Completed",P13="N/A"),OR(NOT(ISNUMBER(BI13)),BJ13="Completed",BJ13="N/A"),OR(NOT(ISNUMBER(BK13)),BL13="Completed",BL13="N/A"),OR(NOT(ISNUMBER(BM13)),BN13="Completed",BN13="N/A"),OR(BO13="Completed",BO13="N/A")),"Completed",IF(((S13="In Progress")+(V13="In Progress")+(Y13="In Progress")+(AC13="In Progress")+(AI13="In Progress")+(AL13="In Progress")+(AO13="In Progress")+(AR13="In Progress")+(AW13="In Progress")+(AZ13="In Progress")+(BC13="In Progress")+(BF13="In Progress")+(P13="In Progress")+(BJ13="In Progress")+(BL13="In Progress")+(BN13="In Progress")+(BO13="In Progress"))>0,"In Progress","Yet to start"))))) -> In Progress | E13: =IF(A13="","",IF(F13="","All complete",INDEX({"Dev R-Task","Dev OUR","Dev Service Request","Dev File R-Task","QA R-Task","QA OUR","QA Service Request","QA File R-Task","Prod R-Task","Prod OUR","Prod Service Request","Prod File R-Task","Sprint Readiness","Code Review Invite","Code Review","CAB"},MATCH(F13,BQ13:CF13,0)))) -> Dev File R-Task | F13: =IF(A13="","",IF(COUNT(BQ13:CF13)=0,"",MIN(BQ13:CF13))) -> 46220 | G13: =IF(A13="","",MAX(0,IF(AND(ISNUMBER(Q13),S13<>"Completed",S13<>"N/A",Q13<TODAY()),TODAY()-Q13,0),IF(AND(ISNUMBER(T13),V13<>"Completed",V13<>"N/A",T13<TODAY()),TODAY()-T13,0),IF(AND(ISNUMBER(W13),Y13<>"Completed",Y13<>"N/A",W13<TODAY()),TODAY()-W13,0),IF(AND(ISNUMBER(AA13),AC13<>"Completed",AC13<>"N/A",AA13<TODAY()),TODAY()-AA13,0),IF(AND(ISNUMBER(AG13),AI13<>"Completed",AI13<>"N/A",AG13<TODAY()),TODAY()-AG13,0),IF(AND(ISNUMBER(AJ13),AL13<>"Completed",AL13<>"N/A",AJ13<TODAY()),TODAY()-AJ13,0),IF(AND(ISNUMBER(AM13),AO13<>"Completed",AO13<>"N/A",AM13<TODAY()),TODAY()-AM13,0),IF(AND(ISNUMBER(AP13),AR13<>"Completed",AR13<>"N/A",AP13<TODAY()),TODAY()-AP13,0),IF(AND(ISNUMBER(AU13),AW13<>"Completed",AW13<>"N/A",AU13<TODAY()),TODAY()-AU13,0),IF(AND(ISNUMBER(AX13),AZ13<>"Completed",AZ13<>"N/A",AX13<TODAY()),TODAY()-AX13,0),IF(AND(ISNUMBER(BA13),BC13<>"Completed",BC13<>"N/A",BA13<TODAY()),TODAY()-BA13,0),IF(AND(ISNUMBER(BD13),BF13<>"Completed",BF13<>"N/A",BD13<TODAY()),TODAY()-BD13,0),IF(AND(ISNUMBER(O13),P13<>"Completed",P13<>"N/A",O13<TODAY()),TODAY()-O13,0),IF(AND(ISNUMBER(BM13),BN13<>"Completed",BN13<>"N/A",BM13<TODAY()),TODAY()-BM13,0),IF(AND(ISNUMBER(BK13),BL13<>"Completed",BL13<>"N/A",BK13<TODAY()),TODAY()-BK13,0),IF(AND(ISNUMBER(BI13),BJ13<>"Completed",BJ13<>"N/A",BI13<TODAY()),TODAY()-BI13,0))) -> 35 | H13: 46232 | I13: 46245 | J13: 46300 | K13: =IF(ISNUMBER(H13),H13,IF(ISNUMBER(M13),M13-WEEKDAY(M13,2)+1-7,"")) -> 46232 | L13: =IF(ISNUMBER(I13),I13,IF(ISNUMBER(H13),WORKDAY(H13,SprintWorkingDays-1),IF(ISNUMBER(K13),WORKDAY(K13,SprintWorkingDays-1),""))) -> 46245 | M13: =IF(ISNUMBER(J13),J13,IF(ISNUMBER(I13),I13-IF(OR(WEEKDAY(I13,2)=2,WEEKDAY(I13,2)=4),0,IF(WEEKDAY(I13,2)=3,1,IF(WEEKDAY(I13,2)=1,4,WEEKDAY(I13,2)-4))),IF(ISNUMBER(H13),WORKDAY(H13,SprintWorkingDays-1)-IF(OR(WEEKDAY(WORKDAY(H13,SprintWorkingDays-1),2)=2,WEEKDAY(WORKDAY(H13,SprintWorkingDays-1),2)=4),0,IF(WEEKDAY(WORKDAY(H13,SprintWorkingDays-1),2)=3,1,IF(WEEKDAY(WORKDAY(H13,SprintWorkingDays-1),2)=1,4,WEEKDAY(WORKDAY(H13,SprintWorkingDays-1),2)-4))),""))) -> 46300 | N13: =IF(NOT(ISNUMBER(K13)),"",WORKDAY(K13,ReadyOffsetWD)) -> 46231 | O13: =IF(NOT(ISNUMBER(K13)),"",WORKDAY(K13,SprintReadinessOffsetWD)) -> 46230 | P13: In Progress | Q13: =IF(A13="","",IF(V13="N/A",IF(NOT(ISNUMBER(W13)),"",WORKDAY(W13,RTSKOffsetFromOUR_WD)),IF(NOT(ISNUMBER(T13)),"",WORKDAY(T13,RTSKOffsetFromOUR_WD)))) -> 46220 | R13: 46246 | S13: Completed | T13: =IF(OR(A13="",V13="N/A"),"",IF(NOT(ISNUMBER(W13)),"",WORKDAY(W13,OUROffsetFromSR_WD))) -> 46224 | U13: 46234 | V13: Completed | W13: =IF(OR(A13="",NOT(ISNUMBER(K13))),"",WORKDAY(K13,SROffsetFromStartWD)) -> 46225 | X13: 46234 | Y13: Completed | Z13: FTP | AA13: =IF(OR(Z13="",Z13="N/A"),"",IF(ISNUMBER(Q13),Q13,"")) -> 46220 | AG13: =IF(NOT(ISNUMBER(Q13)),"",Q13) -> 46220 | AH13: 46239 | AI13: Completed | AJ13: =IF(OR(AL13="N/A",NOT(ISNUMBER(T13))),"",T13) -> 46224 | AK13: 46239 | AL13: Completed | AM13: =IF(NOT(ISNUMBER(W13)),"",W13) -> 46225 | AN13: 46239 | AO13: Completed | AP13: =IF(OR(Z13="",Z13="N/A"),"",IF(ISNUMBER(AG13),AG13,"")) -> 46220 | AU13: =IF(NOT(ISNUMBER(Q13)),"",Q13) -> 46220 | AW13: Completed | AX13: =IF(OR(AZ13="N/A",NOT(ISNUMBER(T13))),"",T13) -> 46224 | BA13: =IF(NOT(ISNUMBER(W13)),"",W13) -> 46225 | BD13: =IF(OR(Z13="",Z13="N/A"),"",IF(ISNUMBER(AU13),AU13,"")) -> 46220 | BI13: 46300 | BK13: =IF(NOT(ISNUMBER(BI13)),"",IF(WEEKDAY(BI13-CodeReviewCalendarDays,2)>5,BI13-CodeReviewCalendarDays-(WEEKDAY(BI13-CodeReviewCalendarDays,2)-5),BI13-CodeReviewCalendarDays)) -> 46297 | BM13: =IF(NOT(ISNUMBER(BK13)),"",IF(WEEKDAY(BK13-CodeReviewInviteCalendarDays,2)>5,BK13-CodeReviewInviteCalendarDays-(WEEKDAY(BK13-CodeReviewInviteCalendarDays,2)-5),BK13-CodeReviewInviteCalendarDays)) -> 46293 | BP13: =IF(A13="","",IF(IF(AND(ISNUMBER(J13),WEEKDAY(J13,2)<>2,WEEKDAY(J13,2)<>4)," | Release must be Tuesday or Thursday","")&IF(AND(ISNUMBER(H13),WEEKDAY(H13,2)<>1)," | Sprint Start is not a Monday - dates still calculated from the date entered","")&IF(AND(A13<>"",NOT(ISNUMBER(H13)),NOT(ISNUMBER(J13)))," | Enter Sprint Start or Release Date","")&IF(AND(ISNUMBER(F13),F13<TODAY(),D13<>"Completed")," | One or more raise-by dates are in the past and not completed","")&IF(AND(ISNUMBER(K13),K13-TODAY()<SprintWarningDays,K13>=TODAY(),OR(D13="Yet to start",D13="Blocked"))," | Sprint starts in under 10 days - raise access requests now","")&IF(AND(ISNUMBER(BM13),BN13<>"Completed",BN13<>"N/A",BM13-TODAY()<CodeReviewInviteCalendarDays)," | Code Review invite should be sent at least 4 days before Code Review","")="","",MID(IF(AND(ISNUMBER(J13),WEEKDAY(J13,2)<>2,WEEKDAY(J13,2)<>4)," | Release must be Tuesday or Thursday","")&IF(AND(ISNUMBER(H13),WEEKDAY(H13,2)<>1)," | Sprint Start is not a Monday - dates still calculated from the date entered","")&IF(AND(A13<>"",NOT(ISNUMBER(H13)),NOT(ISNUMBER(J13)))," | Enter Sprint Start or Release Date","")&IF(AND(ISNUMBER(F13),F13<TODAY(),D13<>"Completed")," | One or more raise-by dates are in the past and not completed","")&IF(AND(ISNUMBER(K13),K13-TODAY()<SprintWarningDays,K13>=TODAY(),OR(D13="Yet to start",D13="Blocked"))," | Sprint starts in under 10 days - raise access requests now","")&IF(AND(ISNUMBER(BM13),BN13<>"Completed",BN13<>"N/A",BM13-TODAY()<CodeReviewInviteCalendarDays)," | Code Review invite should be sent at least 4 days before Code Review",""),4,500))) -> Release must be Tuesday or Thursday | Sprint Start is not a Monday - dates still calculated from the date entered | One or more raise-by dates are in the past and not completed | BQ13: =IF(AND(ISNUMBER(Q13),S13<>"Completed",S13<>"N/A"),Q13,"") | BR13: =IF(AND(ISNUMBER(T13),V13<>"Completed",V13<>"N/A"),T13,"") | BS13: =IF(AND(ISNUMBER(W13),Y13<>"Completed",Y13<>"N/A"),W13,"") | BT13: =IF(AND(ISNUMBER(AA13),AC13<>"Completed",AC13<>"N/A"),AA13,"") -> 46220 | BU13: =IF(AND(ISNUMBER(AG13),AI13<>"Completed",AI13<>"N/A"),AG13,"") | BV13: =IF(AND(ISNUMBER(AJ13),AL13<>"Completed",AL13<>"N/A"),AJ13,"") | BW13: =IF(AND(ISNUMBER(AM13),AO13<>"Completed",AO13<>"N/A"),AM13,"") | BX13: =IF(AND(ISNUMBER(AP13),AR13<>"Completed",AR13<>"N/A"),AP13,"") -> 46220 | BY13: =IF(AND(ISNUMBER(AU13),AW13<>"Completed",AW13<>"N/A"),AU13,"") | BZ13: =IF(AND(ISNUMBER(AX13),AZ13<>"Completed",AZ13<>"N/A"),AX13,"") -> 46224 | CA13: =IF(AND(ISNUMBER(BA13),BC13<>"Completed",BC13<>"N/A"),BA13,"") -> 46225 | CB13: =IF(AND(ISNUMBER(BD13),BF13<>"Completed",BF13<>"N/A"),BD13,"") -> 46220 | CC13: =IF(AND(ISNUMBER(O13),P13<>"Completed",P13<>"N/A"),O13,"") -> 46230 | CD13: =IF(AND(ISNUMBER(BM13),BN13<>"Completed",BN13<>"N/A"),BM13,"") -> 46293 | CE13: =IF(AND(ISNUMBER(BK13),BL13<>"Completed",BL13<>"N/A"),BK13,"") -> 46297 | CF13: =IF(AND(ISNUMBER(BI13),BJ13<>"Completed",BJ13<>"N/A"),BI13,"") -> 46300 | CG13: =IF(OR(A13="",D13="Completed"),"",IF(N(G13)>0,1/(N(G13)+ROW()/100000),IF(ISNUMBER(F13),1000+F13+ROW()/100000,TODAY()+400+ROW()/100000))) -> 0.028571322
A14: AUDIT REPORTS | B14: Sharath Kotha | C14: Sprint 17 | D14: =IF(A14="","",IF(((S14="Blocked")+(V14="Blocked")+(Y14="Blocked")+(AC14="Blocked")+(AI14="Blocked")+(AL14="Blocked")+(AO14="Blocked")+(AR14="Blocked")+(AW14="Blocked")+(AZ14="Blocked")+(BC14="Blocked")+(BF14="Blocked")+(P14="Blocked")+(BJ14="Blocked")+(BL14="Blocked")+(BN14="Blocked")+(BO14="Blocked"))>0,"Blocked",IF((ISNUMBER(Q14)+ISNUMBER(T14)+ISNUMBER(W14)+ISNUMBER(AA14)+ISNUMBER(AG14)+ISNUMBER(AJ14)+ISNUMBER(AM14)+ISNUMBER(AP14)+ISNUMBER(AU14)+ISNUMBER(AX14)+ISNUMBER(BA14)+ISNUMBER(BD14)+ISNUMBER(O14)+ISNUMBER(BI14)+ISNUMBER(BK14)+ISNUMBER(BM14))=0,"Yet to start",IF(AND(OR(NOT(ISNUMBER(Q14)),S14="Completed",S14="N/A"),OR(NOT(ISNUMBER(T14)),V14="Completed",V14="N/A"),OR(NOT(ISNUMBER(W14)),Y14="Completed",Y14="N/A"),OR(NOT(ISNUMBER(AA14)),AC14="Completed",AC14="N/A"),OR(NOT(ISNUMBER(AG14)),AI14="Completed",AI14="N/A"),OR(NOT(ISNUMBER(AJ14)),AL14="Completed",AL14="N/A"),OR(NOT(ISNUMBER(AM14)),AO14="Completed",AO14="N/A"),OR(NOT(ISNUMBER(AP14)),AR14="Completed",AR14="N/A"),OR(NOT(ISNUMBER(AU14)),AW14="Completed",AW14="N/A"),OR(NOT(ISNUMBER(AX14)),AZ14="Completed",AZ14="N/A"),OR(NOT(ISNUMBER(BA14)),BC14="Completed",BC14="N/A"),OR(NOT(ISNUMBER(BD14)),BF14="Completed",BF14="N/A"),OR(NOT(ISNUMBER(O14)),P14="Completed",P14="N/A"),OR(NOT(ISNUMBER(BI14)),BJ14="Completed",BJ14="N/A"),OR(NOT(ISNUMBER(BK14)),BL14="Completed",BL14="N/A"),OR(NOT(ISNUMBER(BM14)),BN14="Completed",BN14="N/A"),OR(BO14="Completed",BO14="N/A")),"Completed",IF(((S14="In Progress")+(V14="In Progress")+(Y14="In Progress")+(AC14="In Progress")+(AI14="In Progress")+(AL14="In Progress")+(AO14="In Progress")+(AR14="In Progress")+(AW14="In Progress")+(AZ14="In Progress")+(BC14="In Progress")+(BF14="In Progress")+(P14="In Progress")+(BJ14="In Progress")+(BL14="In Progress")+(BN14="In Progress")+(BO14="In Progress"))>0,"In Progress","Yet to start"))))) -> In Progress | E14: =IF(A14="","",IF(F14="","All complete",INDEX({"Dev R-Task","Dev OUR","Dev Service Request","Dev File R-Task","QA R-Task","QA OUR","QA Service Request","QA File R-Task","Prod R-Task","Prod OUR","Prod Service Request","Prod File R-Task","Sprint Readiness","Code Review Invite","Code Review","CAB"},MATCH(F14,BQ14:CF14,0)))) -> Prod OUR | F14: =IF(A14="","",IF(COUNT(BQ14:CF14)=0,"",MIN(BQ14:CF14))) -> 46224 | G14: =IF(A14="","",MAX(0,IF(AND(ISNUMBER(Q14),S14<>"Completed",S14<>"N/A",Q14<TODAY()),TODAY()-Q14,0),IF(AND(ISNUMBER(T14),V14<>"Completed",V14<>"N/A",T14<TODAY()),TODAY()-T14,0),IF(AND(ISNUMBER(W14),Y14<>"Completed",Y14<>"N/A",W14<TODAY()),TODAY()-W14,0),IF(AND(ISNUMBER(AA14),AC14<>"Completed",AC14<>"N/A",AA14<TODAY()),TODAY()-AA14,0),IF(AND(ISNUMBER(AG14),AI14<>"Completed",AI14<>"N/A",AG14<TODAY()),TODAY()-AG14,0),IF(AND(ISNUMBER(AJ14),AL14<>"Completed",AL14<>"N/A",AJ14<TODAY()),TODAY()-AJ14,0),IF(AND(ISNUMBER(AM14),AO14<>"Completed",AO14<>"N/A",AM14<TODAY()),TODAY()-AM14,0),IF(AND(ISNUMBER(AP14),AR14<>"Completed",AR14<>"N/A",AP14<TODAY()),TODAY()-AP14,0),IF(AND(ISNUMBER(AU14),AW14<>"Completed",AW14<>"N/A",AU14<TODAY()),TODAY()-AU14,0),IF(AND(ISNUMBER(AX14),AZ14<>"Completed",AZ14<>"N/A",AX14<TODAY()),TODAY()-AX14,0),IF(AND(ISNUMBER(BA14),BC14<>"Completed",BC14<>"N/A",BA14<TODAY()),TODAY()-BA14,0),IF(AND(ISNUMBER(BD14),BF14<>"Completed",BF14<>"N/A",BD14<TODAY()),TODAY()-BD14,0),IF(AND(ISNUMBER(O14),P14<>"Completed",P14<>"N/A",O14<TODAY()),TODAY()-O14,0),IF(AND(ISNUMBER(BM14),BN14<>"Completed",BN14<>"N/A",BM14<TODAY()),TODAY()-BM14,0),IF(AND(ISNUMBER(BK14),BL14<>"Completed",BL14<>"N/A",BK14<TODAY()),TODAY()-BK14,0),IF(AND(ISNUMBER(BI14),BJ14<>"Completed",BJ14<>"N/A",BI14<TODAY()),TODAY()-BI14,0))) -> 31 | H14: 46232 | I14: 46245 | J14: 46300 | K14: =IF(ISNUMBER(H14),H14,IF(ISNUMBER(M14),M14-WEEKDAY(M14,2)+1-7,"")) -> 46232 | L14: =IF(ISNUMBER(I14),I14,IF(ISNUMBER(H14),WORKDAY(H14,SprintWorkingDays-1),IF(ISNUMBER(K14),WORKDAY(K14,SprintWorkingDays-1),""))) -> 46245 | M14: =IF(ISNUMBER(J14),J14,IF(ISNUMBER(I14),I14-IF(OR(WEEKDAY(I14,2)=2,WEEKDAY(I14,2)=4),0,IF(WEEKDAY(I14,2)=3,1,IF(WEEKDAY(I14,2)=1,4,WEEKDAY(I14,2)-4))),IF(ISNUMBER(H14),WORKDAY(H14,SprintWorkingDays-1)-IF(OR(WEEKDAY(WORKDAY(H14,SprintWorkingDays-1),2)=2,WEEKDAY(WORKDAY(H14,SprintWorkingDays-1),2)=4),0,IF(WEEKDAY(WORKDAY(H14,SprintWorkingDays-1),2)=3,1,IF(WEEKDAY(WORKDAY(H14,SprintWorkingDays-1),2)=1,4,WEEKDAY(WORKDAY(H14,SprintWorkingDays-1),2)-4))),""))) -> 46300 | N14: =IF(NOT(ISNUMBER(K14)),"",WORKDAY(K14,ReadyOffsetWD)) -> 46231 | O14: =IF(NOT(ISNUMBER(K14)),"",WORKDAY(K14,SprintReadinessOffsetWD)) -> 46230 | P14: In Progress | Q14: =IF(A14="","",IF(V14="N/A",IF(NOT(ISNUMBER(W14)),"",WORKDAY(W14,RTSKOffsetFromOUR_WD)),IF(NOT(ISNUMBER(T14)),"",WORKDAY(T14,RTSKOffsetFromOUR_WD)))) -> 46220 | R14: 46246 | S14: Completed | T14: =IF(OR(A14="",V14="N/A"),"",IF(NOT(ISNUMBER(W14)),"",WORKDAY(W14,OUROffsetFromSR_WD))) -> 46224 | U14: 46234 | V14: Completed | W14: =IF(OR(A14="",NOT(ISNUMBER(K14))),"",WORKDAY(K14,SROffsetFromStartWD)) -> 46225 | X14: 46234 | Y14: Completed | Z14: N/A | AA14: =IF(OR(Z14="",Z14="N/A"),"",IF(ISNUMBER(Q14),Q14,"")) | AF14: =IF(Z14="N/A","N/A","") -> N/A | AG14: =IF(NOT(ISNUMBER(Q14)),"",Q14) -> 46220 | AH14: 46239 | AI14: Completed | AJ14: =IF(OR(AL14="N/A",NOT(ISNUMBER(T14))),"",T14) -> 46224 | AK14: 46239 | AL14: Completed | AM14: =IF(NOT(ISNUMBER(W14)),"",W14) -> 46225 | AN14: 46239 | AO14: Completed | AP14: =IF(OR(Z14="",Z14="N/A"),"",IF(ISNUMBER(AG14),AG14,"")) | AU14: =IF(NOT(ISNUMBER(Q14)),"",Q14) -> 46220 | AW14: Completed | AX14: =IF(OR(AZ14="N/A",NOT(ISNUMBER(T14))),"",T14) -> 46224 | BA14: =IF(NOT(ISNUMBER(W14)),"",W14) -> 46225 | BD14: =IF(OR(Z14="",Z14="N/A"),"",IF(ISNUMBER(AU14),AU14,"")) | BI14: 46300 | BK14: =IF(NOT(ISNUMBER(BI14)),"",IF(WEEKDAY(BI14-CodeReviewCalendarDays,2)>5,BI14-CodeReviewCalendarDays-(WEEKDAY(BI14-CodeReviewCalendarDays,2)-5),BI14-CodeReviewCalendarDays)) -> 46297 | BM14: =IF(NOT(ISNUMBER(BK14)),"",IF(WEEKDAY(BK14-CodeReviewInviteCalendarDays,2)>5,BK14-CodeReviewInviteCalendarDays-(WEEKDAY(BK14-CodeReviewInviteCalendarDays,2)-5),BK14-CodeReviewInviteCalendarDays)) -> 46293 | BP14: =IF(A14="","",IF(IF(AND(ISNUMBER(J14),WEEKDAY(J14,2)<>2,WEEKDAY(J14,2)<>4)," | Release must be Tuesday or Thursday","")&IF(AND(ISNUMBER(H14),WEEKDAY(H14,2)<>1)," | Sprint Start is not a Monday - dates still calculated from the date entered","")&IF(AND(A14<>"",NOT(ISNUMBER(H14)),NOT(ISNUMBER(J14)))," | Enter Sprint Start or Release Date","")&IF(AND(ISNUMBER(F14),F14<TODAY(),D14<>"Completed")," | One or more raise-by dates are in the past and not completed","")&IF(AND(ISNUMBER(K14),K14-TODAY()<SprintWarningDays,K14>=TODAY(),OR(D14="Yet to start",D14="Blocked"))," | Sprint starts in under 10 days - raise access requests now","")&IF(AND(ISNUMBER(BM14),BN14<>"Completed",BN14<>"N/A",BM14-TODAY()<CodeReviewInviteCalendarDays)," | Code Review invite should be sent at least 4 days before Code Review","")="","",MID(IF(AND(ISNUMBER(J14),WEEKDAY(J14,2)<>2,WEEKDAY(J14,2)<>4)," | Release must be Tuesday or Thursday","")&IF(AND(ISNUMBER(H14),WEEKDAY(H14,2)<>1)," | Sprint Start is not a Monday - dates still calculated from the date entered","")&IF(AND(A14<>"",NOT(ISNUMBER(H14)),NOT(ISNUMBER(J14)))," | Enter Sprint Start or Release Date","")&IF(AND(ISNUMBER(F14),F14<TODAY(),D14<>"Completed")," | One or more raise-by dates are in the past and not completed","")&IF(AND(ISNUMBER(K14),K14-TODAY()<SprintWarningDays,K14>=TODAY(),OR(D14="Yet to start",D14="Blocked"))," | Sprint starts in under 10 days - raise access requests now","")&IF(AND(ISNUMBER(BM14),BN14<>"Completed",BN14<>"N/A",BM14-TODAY()<CodeReviewInviteCalendarDays)," | Code Review invite should be sent at least 4 days before Code Review",""),4,500))) -> Release must be Tuesday or Thursday | Sprint Start is not a Monday - dates still calculated from the date entered | One or more raise-by dates are in the past and not completed | BQ14: =IF(AND(ISNUMBER(Q14),S14<>"Completed",S14<>"N/A"),Q14,"") | BR14: =IF(AND(ISNUMBER(T14),V14<>"Completed",V14<>"N/A"),T14,"") | BS14: =IF(AND(ISNUMBER(W14),Y14<>"Completed",Y14<>"N/A"),W14,"") | BT14: =IF(AND(ISNUMBER(AA14),AC14<>"Completed",AC14<>"N/A"),AA14,"") | BU14: =IF(AND(ISNUMBER(AG14),AI14<>"Completed",AI14<>"N/A"),AG14,"") | BV14: =IF(AND(ISNUMBER(AJ14),AL14<>"Completed",AL14<>"N/A"),AJ14,"") | BW14: =IF(AND(ISNUMBER(AM14),AO14<>"Completed",AO14<>"N/A"),AM14,"") | BX14: =IF(AND(ISNUMBER(AP14),AR14<>"Completed",AR14<>"N/A"),AP14,"") | BY14: =IF(AND(ISNUMBER(AU14),AW14<>"Completed",AW14<>"N/A"),AU14,"") | BZ14: =IF(AND(ISNUMBER(AX14),AZ14<>"Completed",AZ14<>"N/A"),AX14,"") -> 46224 | CA14: =IF(AND(ISNUMBER(BA14),BC14<>"Completed",BC14<>"N/A"),BA14,"") -> 46225 | CB14: =IF(AND(ISNUMBER(BD14),BF14<>"Completed",BF14<>"N/A"),BD14,"") | CC14: =IF(AND(ISNUMBER(O14),P14<>"Completed",P14<>"N/A"),O14,"") -> 46230 | CD14: =IF(AND(ISNUMBER(BM14),BN14<>"Completed",BN14<>"N/A"),BM14,"") -> 46293 | CE14: =IF(AND(ISNUMBER(BK14),BL14<>"Completed",BL14<>"N/A"),BK14,"") -> 46297 | CF14: =IF(AND(ISNUMBER(BI14),BJ14<>"Completed",BJ14<>"N/A"),BI14,"") -> 46300 | CG14: =IF(OR(A14="",D14="Completed"),"",IF(N(G14)>0,1/(N(G14)+ROW()/100000),IF(ISNUMBER(F14),1000+F14+ROW()/100000,TODAY()+400+ROW()/100000))) -> 0.032257919
A15: FIN | B15: Sharath Kotha | C15: Sprint 18 | D15: =IF(A15="","",IF(((S15="Blocked")+(V15="Blocked")+(Y15="Blocked")+(AC15="Blocked")+(AI15="Blocked")+(AL15="Blocked")+(AO15="Blocked")+(AR15="Blocked")+(AW15="Blocked")+(AZ15="Blocked")+(BC15="Blocked")+(BF15="Blocked")+(P15="Blocked")+(BJ15="Blocked")+(BL15="Blocked")+(BN15="Blocked")+(BO15="Blocked"))>0,"Blocked",IF((ISNUMBER(Q15)+ISNUMBER(T15)+ISNUMBER(W15)+ISNUMBER(AA15)+ISNUMBER(AG15)+ISNUMBER(AJ15)+ISNUMBER(AM15)+ISNUMBER(AP15)+ISNUMBER(AU15)+ISNUMBER(AX15)+ISNUMBER(BA15)+ISNUMBER(BD15)+ISNUMBER(O15)+ISNUMBER(BI15)+ISNUMBER(BK15)+ISNUMBER(BM15))=0,"Yet to start",IF(AND(OR(NOT(ISNUMBER(Q15)),S15="Completed",S15="N/A"),OR(NOT(ISNUMBER(T15)),V15="Completed",V15="N/A"),OR(NOT(ISNUMBER(W15)),Y15="Completed",Y15="N/A"),OR(NOT(ISNUMBER(AA15)),AC15="Completed",AC15="N/A"),OR(NOT(ISNUMBER(AG15)),AI15="Completed",AI15="N/A"),OR(NOT(ISNUMBER(AJ15)),AL15="Completed",AL15="N/A"),OR(NOT(ISNUMBER(AM15)),AO15="Completed",AO15="N/A"),OR(NOT(ISNUMBER(AP15)),AR15="Completed",AR15="N/A"),OR(NOT(ISNUMBER(AU15)),AW15="Completed",AW15="N/A"),OR(NOT(ISNUMBER(AX15)),AZ15="Completed",AZ15="N/A"),OR(NOT(ISNUMBER(BA15)),BC15="Completed",BC15="N/A"),OR(NOT(ISNUMBER(BD15)),BF15="Completed",BF15="N/A"),OR(NOT(ISNUMBER(O15)),P15="Completed",P15="N/A"),OR(NOT(ISNUMBER(BI15)),BJ15="Completed",BJ15="N/A"),OR(NOT(ISNUMBER(BK15)),BL15="Completed",BL15="N/A"),OR(NOT(ISNUMBER(BM15)),BN15="Completed",BN15="N/A"),OR(BO15="Completed",BO15="N/A")),"Completed",IF(((S15="In Progress")+(V15="In Progress")+(Y15="In Progress")+(AC15="In Progress")+(AI15="In Progress")+(AL15="In Progress")+(AO15="In Progress")+(AR15="In Progress")+(AW15="In Progress")+(AZ15="In Progress")+(BC15="In Progress")+(BF15="In Progress")+(P15="In Progress")+(BJ15="In Progress")+(BL15="In Progress")+(BN15="In Progress")+(BO15="In Progress"))>0,"In Progress","Yet to start"))))) -> In Progress | E15: =IF(A15="","",IF(F15="","All complete",INDEX({"Dev R-Task","Dev OUR","Dev Service Request","Dev File R-Task","QA R-Task","QA OUR","QA Service Request","QA File R-Task","Prod R-Task","Prod OUR","Prod Service Request","Prod File R-Task","Sprint Readiness","Code Review Invite","Code Review","CAB"},MATCH(F15,BQ15:CF15,0)))) -> Prod OUR | F15: =IF(A15="","",IF(COUNT(BQ15:CF15)=0,"",MIN(BQ15:CF15))) -> 46238 | G15: =IF(A15="","",MAX(0,IF(AND(ISNUMBER(Q15),S15<>"Completed",S15<>"N/A",Q15<TODAY()),TODAY()-Q15,0),IF(AND(ISNUMBER(T15),V15<>"Completed",V15<>"N/A",T15<TODAY()),TODAY()-T15,0),IF(AND(ISNUMBER(W15),Y15<>"Completed",Y15<>"N/A",W15<TODAY()),TODAY()-W15,0),IF(AND(ISNUMBER(AA15),AC15<>"Completed",AC15<>"N/A",AA15<TODAY()),TODAY()-AA15,0),IF(AND(ISNUMBER(AG15),AI15<>"Completed",AI15<>"N/A",AG15<TODAY()),TODAY()-AG15,0),IF(AND(ISNUMBER(AJ15),AL15<>"Completed",AL15<>"N/A",AJ15<TODAY()),TODAY()-AJ15,0),IF(AND(ISNUMBER(AM15),AO15<>"Completed",AO15<>"N/A",AM15<TODAY()),TODAY()-AM15,0),IF(AND(ISNUMBER(AP15),AR15<>"Completed",AR15<>"N/A",AP15<TODAY()),TODAY()-AP15,0),IF(AND(ISNUMBER(AU15),AW15<>"Completed",AW15<>"N/A",AU15<TODAY()),TODAY()-AU15,0),IF(AND(ISNUMBER(AX15),AZ15<>"Completed",AZ15<>"N/A",AX15<TODAY()),TODAY()-AX15,0),IF(AND(ISNUMBER(BA15),BC15<>"Completed",BC15<>"N/A",BA15<TODAY()),TODAY()-BA15,0),IF(AND(ISNUMBER(BD15),BF15<>"Completed",BF15<>"N/A",BD15<TODAY()),TODAY()-BD15,0),IF(AND(ISNUMBER(O15),P15<>"Completed",P15<>"N/A",O15<TODAY()),TODAY()-O15,0),IF(AND(ISNUMBER(BM15),BN15<>"Completed",BN15<>"N/A",BM15<TODAY()),TODAY()-BM15,0),IF(AND(ISNUMBER(BK15),BL15<>"Completed",BL15<>"N/A",BK15<TODAY()),TODAY()-BK15,0),IF(AND(ISNUMBER(BI15),BJ15<>"Completed",BJ15<>"N/A",BI15<TODAY()),TODAY()-BI15,0))) -> 17 | H15: 46246 | I15: 46259 | J15: 46300 | K15: =IF(ISNUMBER(H15),H15,IF(ISNUMBER(M15),M15-WEEKDAY(M15,2)+1-7,"")) -> 46246 | L15: =IF(ISNUMBER(I15),I15,IF(ISNUMBER(H15),WORKDAY(H15,SprintWorkingDays-1),IF(ISNUMBER(K15),WORKDAY(K15,SprintWorkingDays-1),""))) -> 46259 | M15: =IF(ISNUMBER(J15),J15,IF(ISNUMBER(I15),I15-IF(OR(WEEKDAY(I15,2)=2,WEEKDAY(I15,2)=4),0,IF(WEEKDAY(I15,2)=3,1,IF(WEEKDAY(I15,2)=1,4,WEEKDAY(I15,2)-4))),IF(ISNUMBER(H15),WORKDAY(H15,SprintWorkingDays-1)-IF(OR(WEEKDAY(WORKDAY(H15,SprintWorkingDays-1),2)=2,WEEKDAY(WORKDAY(H15,SprintWorkingDays-1),2)=4),0,IF(WEEKDAY(WORKDAY(H15,SprintWorkingDays-1),2)=3,1,IF(WEEKDAY(WORKDAY(H15,SprintWorkingDays-1),2)=1,4,WEEKDAY(WORKDAY(H15,SprintWorkingDays-1),2)-4))),""))) -> 46300 | N15: =IF(NOT(ISNUMBER(K15)),"",WORKDAY(K15,ReadyOffsetWD)) -> 46245 | O15: =IF(NOT(ISNUMBER(K15)),"",WORKDAY(K15,SprintReadinessOffsetWD)) -> 46244 | P15: In Progress | Q15: =IF(A15="","",IF(V15="N/A",IF(NOT(ISNUMBER(W15)),"",WORKDAY(W15,RTSKOffsetFromOUR_WD)),IF(NOT(ISNUMBER(T15)),"",WORKDAY(T15,RTSKOffsetFromOUR_WD)))) -> 46234 | R15: 46246 | S15: Completed | T15: =IF(OR(A15="",V15="N/A"),"",IF(NOT(ISNUMBER(W15)),"",WORKDAY(W15,OUROffsetFromSR_WD))) -> 46238 | U15: 46234 | V15: Completed | W15: =IF(OR(A15="",NOT(ISNUMBER(K15))),"",WORKDAY(K15,SROffsetFromStartWD)) -> 46239 | X15: 46234 | Y15: Completed | Z15: N/A | AA15: =IF(OR(Z15="",Z15="N/A"),"",IF(ISNUMBER(Q15),Q15,"")) | AF15: =IF(Z15="N/A","N/A","") -> N/A | AG15: =IF(NOT(ISNUMBER(Q15)),"",Q15) -> 46234 | AH15: 46239 | AI15: Completed | AJ15: =IF(OR(AL15="N/A",NOT(ISNUMBER(T15))),"",T15) -> 46238 | AK15: 46239 | AL15: Completed | AM15: =IF(NOT(ISNUMBER(W15)),"",W15) -> 46239 | AN15: 46239 | AO15: Completed | AP15: =IF(OR(Z15="",Z15="N/A"),"",IF(ISNUMBER(AG15),AG15,"")) | AU15: =IF(NOT(ISNUMBER(Q15)),"",Q15) -> 46234 | AW15: Completed | AX15: =IF(OR(AZ15="N/A",NOT(ISNUMBER(T15))),"",T15) -> 46238 | BA15: =IF(NOT(ISNUMBER(W15)),"",W15) -> 46239 | BD15: =IF(OR(Z15="",Z15="N/A"),"",IF(ISNUMBER(AU15),AU15,"")) | BI15: 46300 | BK15: =IF(NOT(ISNUMBER(BI15)),"",IF(WEEKDAY(BI15-CodeReviewCalendarDays,2)>5,BI15-CodeReviewCalendarDays-(WEEKDAY(BI15-CodeReviewCalendarDays,2)-5),BI15-CodeReviewCalendarDays)) -> 46297 | BM15: =IF(NOT(ISNUMBER(BK15)),"",IF(WEEKDAY(BK15-CodeReviewInviteCalendarDays,2)>5,BK15-CodeReviewInviteCalendarDays-(WEEKDAY(BK15-CodeReviewInviteCalendarDays,2)-5),BK15-CodeReviewInviteCalendarDays)) -> 46293 | BP15: =IF(A15="","",IF(IF(AND(ISNUMBER(J15),WEEKDAY(J15,2)<>2,WEEKDAY(J15,2)<>4)," | Release must be Tuesday or Thursday","")&IF(AND(ISNUMBER(H15),WEEKDAY(H15,2)<>1)," | Sprint Start is not a Monday - dates still calculated from the date entered","")&IF(AND(A15<>"",NOT(ISNUMBER(H15)),NOT(ISNUMBER(J15)))," | Enter Sprint Start or Release Date","")&IF(AND(ISNUMBER(F15),F15<TODAY(),D15<>"Completed")," | One or more raise-by dates are in the past and not completed","")&IF(AND(ISNUMBER(K15),K15-TODAY()<SprintWarningDays,K15>=TODAY(),OR(D15="Yet to start",D15="Blocked"))," | Sprint starts in under 10 days - raise access requests now","")&IF(AND(ISNUMBER(BM15),BN15<>"Completed",BN15<>"N/A",BM15-TODAY()<CodeReviewInviteCalendarDays)," | Code Review invite should be sent at least 4 days before Code Review","")="","",MID(IF(AND(ISNUMBER(J15),WEEKDAY(J15,2)<>2,WEEKDAY(J15,2)<>4)," | Release must be Tuesday or Thursday","")&IF(AND(ISNUMBER(H15),WEEKDAY(H15,2)<>1)," | Sprint Start is not a Monday - dates still calculated from the date entered","")&IF(AND(A15<>"",NOT(ISNUMBER(H15)),NOT(ISNUMBER(J15)))," | Enter Sprint Start or Release Date","")&IF(AND(ISNUMBER(F15),F15<TODAY(),D15<>"Completed")," | One or more raise-by dates are in the past and not completed","")&IF(AND(ISNUMBER(K15),K15-TODAY()<SprintWarningDays,K15>=TODAY(),OR(D15="Yet to start",D15="Blocked"))," | Sprint starts in under 10 days - raise access requests now","")&IF(AND(ISNUMBER(BM15),BN15<>"Completed",BN15<>"N/A",BM15-TODAY()<CodeReviewInviteCalendarDays)," | Code Review invite should be sent at least 4 days before Code Review",""),4,500))) -> Release must be Tuesday or Thursday | Sprint Start is not a Monday - dates still calculated from the date entered | One or more raise-by dates are in the past and not completed | BQ15: =IF(AND(ISNUMBER(Q15),S15<>"Completed",S15<>"N/A"),Q15,"") | BR15: =IF(AND(ISNUMBER(T15),V15<>"Completed",V15<>"N/A"),T15,"") | BS15: =IF(AND(ISNUMBER(W15),Y15<>"Completed",Y15<>"N/A"),W15,"") | BT15: =IF(AND(ISNUMBER(AA15),AC15<>"Completed",AC15<>"N/A"),AA15,"") | BU15: =IF(AND(ISNUMBER(AG15),AI15<>"Completed",AI15<>"N/A"),AG15,"") | BV15: =IF(AND(ISNUMBER(AJ15),AL15<>"Completed",AL15<>"N/A"),AJ15,"") | BW15: =IF(AND(ISNUMBER(AM15),AO15<>"Completed",AO15<>"N/A"),AM15,"") | BX15: =IF(AND(ISNUMBER(AP15),AR15<>"Completed",AR15<>"N/A"),AP15,"") | BY15: =IF(AND(ISNUMBER(AU15),AW15<>"Completed",AW15<>"N/A"),AU15,"") | BZ15: =IF(AND(ISNUMBER(AX15),AZ15<>"Completed",AZ15<>"N/A"),AX15,"") -> 46238 | CA15: =IF(AND(ISNUMBER(BA15),BC15<>"Completed",BC15<>"N/A"),BA15,"") -> 46239 | CB15: =IF(AND(ISNUMBER(BD15),BF15<>"Completed",BF15<>"N/A"),BD15,"") | CC15: =IF(AND(ISNUMBER(O15),P15<>"Completed",P15<>"N/A"),O15,"") -> 46244 | CD15: =IF(AND(ISNUMBER(BM15),BN15<>"Completed",BN15<>"N/A"),BM15,"") -> 46293 | CE15: =IF(AND(ISNUMBER(BK15),BL15<>"Completed",BL15<>"N/A"),BK15,"") -> 46297 | CF15: =IF(AND(ISNUMBER(BI15),BJ15<>"Completed",BJ15<>"N/A"),BI15,"") -> 46300 | CG15: =IF(OR(A15="",D15="Completed"),"",IF(N(G15)>0,1/(N(G15)+ROW()/100000),IF(ISNUMBER(F15),1000+F15+ROW()/100000,TODAY()+400+ROW()/100000))) -> 0.05882301
A16: FINDET_BUDGETS | B16: Sharath Kotha | C16: Sprint 18 | D16: =IF(A16="","",IF(((S16="Blocked")+(V16="Blocked")+(Y16="Blocked")+(AC16="Blocked")+(AI16="Blocked")+(AL16="Blocked")+(AO16="Blocked")+(AR16="Blocked")+(AW16="Blocked")+(AZ16="Blocked")+(BC16="Blocked")+(BF16="Blocked")+(P16="Blocked")+(BJ16="Blocked")+(BL16="Blocked")+(BN16="Blocked")+(BO16="Blocked"))>0,"Blocked",IF((ISNUMBER(Q16)+ISNUMBER(T16)+ISNUMBER(W16)+ISNUMBER(AA16)+ISNUMBER(AG16)+ISNUMBER(AJ16)+ISNUMBER(AM16)+ISNUMBER(AP16)+ISNUMBER(AU16)+ISNUMBER(AX16)+ISNUMBER(BA16)+ISNUMBER(BD16)+ISNUMBER(O16)+ISNUMBER(BI16)+ISNUMBER(BK16)+ISNUMBER(BM16))=0,"Yet to start",IF(AND(OR(NOT(ISNUMBER(Q16)),S16="Completed",S16="N/A"),OR(NOT(ISNUMBER(T16)),V16="Completed",V16="N/A"),OR(NOT(ISNUMBER(W16)),Y16="Completed",Y16="N/A"),OR(NOT(ISNUMBER(AA16)),AC16="Completed",AC16="N/A"),OR(NOT(ISNUMBER(AG16)),AI16="Completed",AI16="N/A"),OR(NOT(ISNUMBER(AJ16)),AL16="Completed",AL16="N/A"),OR(NOT(ISNUMBER(AM16)),AO16="Completed",AO16="N/A"),OR(NOT(ISNUMBER(AP16)),AR16="Completed",AR16="N/A"),OR(NOT(ISNUMBER(AU16)),AW16="Completed",AW16="N/A"),OR(NOT(ISNUMBER(AX16)),AZ16="Completed",AZ16="N/A"),OR(NOT(ISNUMBER(BA16)),BC16="Completed",BC16="N/A"),OR(NOT(ISNUMBER(BD16)),BF16="Completed",BF16="N/A"),OR(NOT(ISNUMBER(O16)),P16="Completed",P16="N/A"),OR(NOT(ISNUMBER(BI16)),BJ16="Completed",BJ16="N/A"),OR(NOT(ISNUMBER(BK16)),BL16="Completed",BL16="N/A"),OR(NOT(ISNUMBER(BM16)),BN16="Completed",BN16="N/A"),OR(BO16="Completed",BO16="N/A")),"Completed",IF(((S16="In Progress")+(V16="In Progress")+(Y16="In Progress")+(AC16="In Progress")+(AI16="In Progress")+(AL16="In Progress")+(AO16="In Progress")+(AR16="In Progress")+(AW16="In Progress")+(AZ16="In Progress")+(BC16="In Progress")+(BF16="In Progress")+(P16="In Progress")+(BJ16="In Progress")+(BL16="In Progress")+(BN16="In Progress")+(BO16="In Progress"))>0,"In Progress","Yet to start"))))) -> In Progress | E16: =IF(A16="","",IF(F16="","All complete",INDEX({"Dev R-Task","Dev OUR","Dev Service Request","Dev File R-Task","QA R-Task","QA OUR","QA Service Request","QA File R-Task","Prod R-Task","Prod OUR","Prod Service Request","Prod File R-Task","Sprint Readiness","Code Review Invite","Code Review","CAB"},MATCH(F16,BQ16:CF16,0)))) -> Prod OUR | F16: =IF(A16="","",IF(COUNT(BQ16:CF16)=0,"",MIN(BQ16:CF16))) -> 46238 | G16: =IF(A16="","",MAX(0,IF(AND(ISNUMBER(Q16),S16<>"Completed",S16<>"N/A",Q16<TODAY()),TODAY()-Q16,0),IF(AND(ISNUMBER(T16),V16<>"Completed",V16<>"N/A",T16<TODAY()),TODAY()-T16,0),IF(AND(ISNUMBER(W16),Y16<>"Completed",Y16<>"N/A",W16<TODAY()),TODAY()-W16,0),IF(AND(ISNUMBER(AA16),AC16<>"Completed",AC16<>"N/A",AA16<TODAY()),TODAY()-AA16,0),IF(AND(ISNUMBER(AG16),AI16<>"Completed",AI16<>"N/A",AG16<TODAY()),TODAY()-AG16,0),IF(AND(ISNUMBER(AJ16),AL16<>"Completed",AL16<>"N/A",AJ16<TODAY()),TODAY()-AJ16,0),IF(AND(ISNUMBER(AM16),AO16<>"Completed",AO16<>"N/A",AM16<TODAY()),TODAY()-AM16,0),IF(AND(ISNUMBER(AP16),AR16<>"Completed",AR16<>"N/A",AP16<TODAY()),TODAY()-AP16,0),IF(AND(ISNUMBER(AU16),AW16<>"Completed",AW16<>"N/A",AU16<TODAY()),TODAY()-AU16,0),IF(AND(ISNUMBER(AX16),AZ16<>"Completed",AZ16<>"N/A",AX16<TODAY()),TODAY()-AX16,0),IF(AND(ISNUMBER(BA16),BC16<>"Completed",BC16<>"N/A",BA16<TODAY()),TODAY()-BA16,0),IF(AND(ISNUMBER(BD16),BF16<>"Completed",BF16<>"N/A",BD16<TODAY()),TODAY()-BD16,0),IF(AND(ISNUMBER(O16),P16<>"Completed",P16<>"N/A",O16<TODAY()),TODAY()-O16,0),IF(AND(ISNUMBER(BM16),BN16<>"Completed",BN16<>"N/A",BM16<TODAY()),TODAY()-BM16,0),IF(AND(ISNUMBER(BK16),BL16<>"Completed",BL16<>"N/A",BK16<TODAY()),TODAY()-BK16,0),IF(AND(ISNUMBER(BI16),BJ16<>"Completed",BJ16<>"N/A",BI16<TODAY()),TODAY()-BI16,0))) -> 17 | H16: 46246 | I16: 46259 | J16: 46300 | K16: =IF(ISNUMBER(H16),H16,IF(ISNUMBER(M16),M16-WEEKDAY(M16,2)+1-7,"")) -> 46246 | L16: =IF(ISNUMBER(I16),I16,IF(ISNUMBER(H16),WORKDAY(H16,SprintWorkingDays-1),IF(ISNUMBER(K16),WORKDAY(K16,SprintWorkingDays-1),""))) -> 46259 | M16: =IF(ISNUMBER(J16),J16,IF(ISNUMBER(I16),I16-IF(OR(WEEKDAY(I16,2)=2,WEEKDAY(I16,2)=4),0,IF(WEEKDAY(I16,2)=3,1,IF(WEEKDAY(I16,2)=1,4,WEEKDAY(I16,2)-4))),IF(ISNUMBER(H16),WORKDAY(H16,SprintWorkingDays-1)-IF(OR(WEEKDAY(WORKDAY(H16,SprintWorkingDays-1),2)=2,WEEKDAY(WORKDAY(H16,SprintWorkingDays-1),2)=4),0,IF(WEEKDAY(WORKDAY(H16,SprintWorkingDays-1),2)=3,1,IF(WEEKDAY(WORKDAY(H16,SprintWorkingDays-1),2)=1,4,WEEKDAY(WORKDAY(H16,SprintWorkingDays-1),2)-4))),""))) -> 46300 | N16: =IF(NOT(ISNUMBER(K16)),"",WORKDAY(K16,ReadyOffsetWD)) -> 46245 | O16: =IF(NOT(ISNUMBER(K16)),"",WORKDAY(K16,SprintReadinessOffsetWD)) -> 46244 | P16: In Progress | Q16: =IF(A16="","",IF(V16="N/A",IF(NOT(ISNUMBER(W16)),"",WORKDAY(W16,RTSKOffsetFromOUR_WD)),IF(NOT(ISNUMBER(T16)),"",WORKDAY(T16,RTSKOffsetFromOUR_WD)))) -> 46234 | R16: 46246 | S16: Completed | T16: =IF(OR(A16="",V16="N/A"),"",IF(NOT(ISNUMBER(W16)),"",WORKDAY(W16,OUROffsetFromSR_WD))) -> 46238 | U16: 46234 | V16: Completed | W16: =IF(OR(A16="",NOT(ISNUMBER(K16))),"",WORKDAY(K16,SROffsetFromStartWD)) -> 46239 | X16: 46234 | Y16: Completed | Z16: N/A | AA16: =IF(OR(Z16="",Z16="N/A"),"",IF(ISNUMBER(Q16),Q16,"")) | AF16: =IF(Z16="N/A","N/A","") -> N/A | AG16: =IF(NOT(ISNUMBER(Q16)),"",Q16) -> 46234 | AH16: 46239 | AI16: Completed | AJ16: =IF(OR(AL16="N/A",NOT(ISNUMBER(T16))),"",T16) -> 46238 | AK16: 46239 | AL16: Completed | AM16: =IF(NOT(ISNUMBER(W16)),"",W16) -> 46239 | AN16: 46239 | AO16: Completed | AP16: =IF(OR(Z16="",Z16="N/A"),"",IF(ISNUMBER(AG16),AG16,"")) | AU16: =IF(NOT(ISNUMBER(Q16)),"",Q16) -> 46234 | AW16: Completed | AX16: =IF(OR(AZ16="N/A",NOT(ISNUMBER(T16))),"",T16) -> 46238 | BA16: =IF(NOT(ISNUMBER(W16)),"",W16) -> 46239 | BD16: =IF(OR(Z16="",Z16="N/A"),"",IF(ISNUMBER(AU16),AU16,"")) | BI16: 46300 | BK16: =IF(NOT(ISNUMBER(BI16)),"",IF(WEEKDAY(BI16-CodeReviewCalendarDays,2)>5,BI16-CodeReviewCalendarDays-(WEEKDAY(BI16-CodeReviewCalendarDays,2)-5),BI16-CodeReviewCalendarDays)) -> 46297 | BM16: =IF(NOT(ISNUMBER(BK16)),"",IF(WEEKDAY(BK16-CodeReviewInviteCalendarDays,2)>5,BK16-CodeReviewInviteCalendarDays-(WEEKDAY(BK16-CodeReviewInviteCalendarDays,2)-5),BK16-CodeReviewInviteCalendarDays)) -> 46293 | BP16: =IF(A16="","",IF(IF(AND(ISNUMBER(J16),WEEKDAY(J16,2)<>2,WEEKDAY(J16,2)<>4)," | Release must be Tuesday or Thursday","")&IF(AND(ISNUMBER(H16),WEEKDAY(H16,2)<>1)," | Sprint Start is not a Monday - dates still calculated from the date entered","")&IF(AND(A16<>"",NOT(ISNUMBER(H16)),NOT(ISNUMBER(J16)))," | Enter Sprint Start or Release Date","")&IF(AND(ISNUMBER(F16),F16<TODAY(),D16<>"Completed")," | One or more raise-by dates are in the past and not completed","")&IF(AND(ISNUMBER(K16),K16-TODAY()<SprintWarningDays,K16>=TODAY(),OR(D16="Yet to start",D16="Blocked"))," | Sprint starts in under 10 days - raise access requests now","")&IF(AND(ISNUMBER(BM16),BN16<>"Completed",BN16<>"N/A",BM16-TODAY()<CodeReviewInviteCalendarDays)," | Code Review invite should be sent at least 4 days before Code Review","")="","",MID(IF(AND(ISNUMBER(J16),WEEKDAY(J16,2)<>2,WEEKDAY(J16,2)<>4)," | Release must be Tuesday or Thursday","")&IF(AND(ISNUMBER(H16),WEEKDAY(H16,2)<>1)," | Sprint Start is not a Monday - dates still calculated from the date entered","")&IF(AND(A16<>"",NOT(ISNUMBER(H16)),NOT(ISNUMBER(J16)))," | Enter Sprint Start or Release Date","")&IF(AND(ISNUMBER(F16),F16<TODAY(),D16<>"Completed")," | One or more raise-by dates are in the past and not completed","")&IF(AND(ISNUMBER(K16),K16-TODAY()<SprintWarningDays,K16>=TODAY(),OR(D16="Yet to start",D16="Blocked"))," | Sprint starts in under 10 days - raise access requests now","")&IF(AND(ISNUMBER(BM16),BN16<>"Completed",BN16<>"N/A",BM16-TODAY()<CodeReviewInviteCalendarDays)," | Code Review invite should be sent at least 4 days before Code Review",""),4,500))) -> Release must be Tuesday or Thursday | Sprint Start is not a Monday - dates still calculated from the date entered | One or more raise-by dates are in the past and not completed | BQ16: =IF(AND(ISNUMBER(Q16),S16<>"Completed",S16<>"N/A"),Q16,"") | BR16: =IF(AND(ISNUMBER(T16),V16<>"Completed",V16<>"N/A"),T16,"") | BS16: =IF(AND(ISNUMBER(W16),Y16<>"Completed",Y16<>"N/A"),W16,"") | BT16: =IF(AND(ISNUMBER(AA16),AC16<>"Completed",AC16<>"N/A"),AA16,"") | BU16: =IF(AND(ISNUMBER(AG16),AI16<>"Completed",AI16<>"N/A"),AG16,"") | BV16: =IF(AND(ISNUMBER(AJ16),AL16<>"Completed",AL16<>"N/A"),AJ16,"") | BW16: =IF(AND(ISNUMBER(AM16),AO16<>"Completed",AO16<>"N/A"),AM16,"") | BX16: =IF(AND(ISNUMBER(AP16),AR16<>"Completed",AR16<>"N/A"),AP16,"") | BY16: =IF(AND(ISNUMBER(AU16),AW16<>"Completed",AW16<>"N/A"),AU16,"") | BZ16: =IF(AND(ISNUMBER(AX16),AZ16<>"Completed",AZ16<>"N/A"),AX16,"") -> 46238 | CA16: =IF(AND(ISNUMBER(BA16),BC16<>"Completed",BC16<>"N/A"),BA16,"") -> 46239 | CB16: =IF(AND(ISNUMBER(BD16),BF16<>"Completed",BF16<>"N/A"),BD16,"") | CC16: =IF(AND(ISNUMBER(O16),P16<>"Completed",P16<>"N/A"),O16,"") -> 46244 | CD16: =IF(AND(ISNUMBER(BM16),BN16<>"Completed",BN16<>"N/A"),BM16,"") -> 46293 | CE16: =IF(AND(ISNUMBER(BK16),BL16<>"Completed",BL16<>"N/A"),BK16,"") -> 46297 | CF16: =IF(AND(ISNUMBER(BI16),BJ16<>"Completed",BJ16<>"N/A"),BI16,"") -> 46300 | CG16: =IF(OR(A16="",D16="Completed"),"",IF(N(G16)>0,1/(N(G16)+ROW()/100000),IF(ISNUMBER(F16),1000+F16+ROW()/100000,TODAY()+400+ROW()/100000))) -> 0.058822976
A17: FINREC | B17: Sharath Kotha | C17: Sprint 18 | D17: =IF(A17="","",IF(((S17="Blocked")+(V17="Blocked")+(Y17="Blocked")+(AC17="Blocked")+(AI17="Blocked")+(AL17="Blocked")+(AO17="Blocked")+(AR17="Blocked")+(AW17="Blocked")+(AZ17="Blocked")+(BC17="Blocked")+(BF17="Blocked")+(P17="Blocked")+(BJ17="Blocked")+(BL17="Blocked")+(BN17="Blocked")+(BO17="Blocked"))>0,"Blocked",IF((ISNUMBER(Q17)+ISNUMBER(T17)+ISNUMBER(W17)+ISNUMBER(AA17)+ISNUMBER(AG17)+ISNUMBER(AJ17)+ISNUMBER(AM17)+ISNUMBER(AP17)+ISNUMBER(AU17)+ISNUMBER(AX17)+ISNUMBER(BA17)+ISNUMBER(BD17)+ISNUMBER(O17)+ISNUMBER(BI17)+ISNUMBER(BK17)+ISNUMBER(BM17))=0,"Yet to start",IF(AND(OR(NOT(ISNUMBER(Q17)),S17="Completed",S17="N/A"),OR(NOT(ISNUMBER(T17)),V17="Completed",V17="N/A"),OR(NOT(ISNUMBER(W17)),Y17="Completed",Y17="N/A"),OR(NOT(ISNUMBER(AA17)),AC17="Completed",AC17="N/A"),OR(NOT(ISNUMBER(AG17)),AI17="Completed",AI17="N/A"),OR(NOT(ISNUMBER(AJ17)),AL17="Completed",AL17="N/A"),OR(NOT(ISNUMBER(AM17)),AO17="Completed",AO17="N/A"),OR(NOT(ISNUMBER(AP17)),AR17="Completed",AR17="N/A"),OR(NOT(ISNUMBER(AU17)),AW17="Completed",AW17="N/A"),OR(NOT(ISNUMBER(AX17)),AZ17="Completed",AZ17="N/A"),OR(NOT(ISNUMBER(BA17)),BC17="Completed",BC17="N/A"),OR(NOT(ISNUMBER(BD17)),BF17="Completed",BF17="N/A"),OR(NOT(ISNUMBER(O17)),P17="Completed",P17="N/A"),OR(NOT(ISNUMBER(BI17)),BJ17="Completed",BJ17="N/A"),OR(NOT(ISNUMBER(BK17)),BL17="Completed",BL17="N/A"),OR(NOT(ISNUMBER(BM17)),BN17="Completed",BN17="N/A"),OR(BO17="Completed",BO17="N/A")),"Completed",IF(((S17="In Progress")+(V17="In Progress")+(Y17="In Progress")+(AC17="In Progress")+(AI17="In Progress")+(AL17="In Progress")+(AO17="In Progress")+(AR17="In Progress")+(AW17="In Progress")+(AZ17="In Progress")+(BC17="In Progress")+(BF17="In Progress")+(P17="In Progress")+(BJ17="In Progress")+(BL17="In Progress")+(BN17="In Progress")+(BO17="In Progress"))>0,"In Progress","Yet to start"))))) -> In Progress | E17: =IF(A17="","",IF(F17="","All complete",INDEX({"Dev R-Task","Dev OUR","Dev Service Request","Dev File R-Task","QA R-Task","QA OUR","QA Service Request","QA File R-Task","Prod R-Task","Prod OUR","Prod Service Request","Prod File R-Task","Sprint Readiness","Code Review Invite","Code Review","CAB"},MATCH(F17,BQ17:CF17,0)))) -> Prod OUR | F17: =IF(A17="","",IF(COUNT(BQ17:CF17)=0,"",MIN(BQ17:CF17))) -> 46238 | G17: =IF(A17="","",MAX(0,IF(AND(ISNUMBER(Q17),S17<>"Completed",S17<>"N/A",Q17<TODAY()),TODAY()-Q17,0),IF(AND(ISNUMBER(T17),V17<>"Completed",V17<>"N/A",T17<TODAY()),TODAY()-T17,0),IF(AND(ISNUMBER(W17),Y17<>"Completed",Y17<>"N/A",W17<TODAY()),TODAY()-W17,0),IF(AND(ISNUMBER(AA17),AC17<>"Completed",AC17<>"N/A",AA17<TODAY()),TODAY()-AA17,0),IF(AND(ISNUMBER(AG17),AI17<>"Completed",AI17<>"N/A",AG17<TODAY()),TODAY()-AG17,0),IF(AND(ISNUMBER(AJ17),AL17<>"Completed",AL17<>"N/A",AJ17<TODAY()),TODAY()-AJ17,0),IF(AND(ISNUMBER(AM17),AO17<>"Completed",AO17<>"N/A",AM17<TODAY()),TODAY()-AM17,0),IF(AND(ISNUMBER(AP17),AR17<>"Completed",AR17<>"N/A",AP17<TODAY()),TODAY()-AP17,0),IF(AND(ISNUMBER(AU17),AW17<>"Completed",AW17<>"N/A",AU17<TODAY()),TODAY()-AU17,0),IF(AND(ISNUMBER(AX17),AZ17<>"Completed",AZ17<>"N/A",AX17<TODAY()),TODAY()-AX17,0),IF(AND(ISNUMBER(BA17),BC17<>"Completed",BC17<>"N/A",BA17<TODAY()),TODAY()-BA17,0),IF(AND(ISNUMBER(BD17),BF17<>"Completed",BF17<>"N/A",BD17<TODAY()),TODAY()-BD17,0),IF(AND(ISNUMBER(O17),P17<>"Completed",P17<>"N/A",O17<TODAY()),TODAY()-O17,0),IF(AND(ISNUMBER(BM17),BN17<>"Completed",BN17<>"N/A",BM17<TODAY()),TODAY()-BM17,0),IF(AND(ISNUMBER(BK17),BL17<>"Completed",BL17<>"N/A",BK17<TODAY()),TODAY()-BK17,0),IF(AND(ISNUMBER(BI17),BJ17<>"Completed",BJ17<>"N/A",BI17<TODAY()),TODAY()-BI17,0))) -> 17 | H17: 46246 | I17: 46259 | J17: 46300 | K17: =IF(ISNUMBER(H17),H17,IF(ISNUMBER(M17),M17-WEEKDAY(M17,2)+1-7,"")) -> 46246 | L17: =IF(ISNUMBER(I17),I17,IF(ISNUMBER(H17),WORKDAY(H17,SprintWorkingDays-1),IF(ISNUMBER(K17),WORKDAY(K17,SprintWorkingDays-1),""))) -> 46259 | M17: =IF(ISNUMBER(J17),J17,IF(ISNUMBER(I17),I17-IF(OR(WEEKDAY(I17,2)=2,WEEKDAY(I17,2)=4),0,IF(WEEKDAY(I17,2)=3,1,IF(WEEKDAY(I17,2)=1,4,WEEKDAY(I17,2)-4))),IF(ISNUMBER(H17),WORKDAY(H17,SprintWorkingDays-1)-IF(OR(WEEKDAY(WORKDAY(H17,SprintWorkingDays-1),2)=2,WEEKDAY(WORKDAY(H17,SprintWorkingDays-1),2)=4),0,IF(WEEKDAY(WORKDAY(H17,SprintWorkingDays-1),2)=3,1,IF(WEEKDAY(WORKDAY(H17,SprintWorkingDays-1),2)=1,4,WEEKDAY(WORKDAY(H17,SprintWorkingDays-1),2)-4))),""))) -> 46300 | N17: =IF(NOT(ISNUMBER(K17)),"",WORKDAY(K17,ReadyOffsetWD)) -> 46245 | O17: =IF(NOT(ISNUMBER(K17)),"",WORKDAY(K17,SprintReadinessOffsetWD)) -> 46244 | P17: In Progress | Q17: =IF(A17="","",IF(V17="N/A",IF(NOT(ISNUMBER(W17)),"",WORKDAY(W17,RTSKOffsetFromOUR_WD)),IF(NOT(ISNUMBER(T17)),"",WORKDAY(T17,RTSKOffsetFromOUR_WD)))) -> 46234 | R17: 46246 | S17: Completed | T17: =IF(OR(A17="",V17="N/A"),"",IF(NOT(ISNUMBER(W17)),"",WORKDAY(W17,OUROffsetFromSR_WD))) -> 46238 | U17: 46234 | V17: Completed | W17: =IF(OR(A17="",NOT(ISNUMBER(K17))),"",WORKDAY(K17,SROffsetFromStartWD)) -> 46239 | X17: 46234 | Y17: Completed | Z17: N/A | AA17: =IF(OR(Z17="",Z17="N/A"),"",IF(ISNUMBER(Q17),Q17,"")) | AF17: =IF(Z17="N/A","N/A","") -> N/A | AG17: =IF(NOT(ISNUMBER(Q17)),"",Q17) -> 46234 | AH17: 46239 | AI17: Completed | AJ17: =IF(OR(AL17="N/A",NOT(ISNUMBER(T17))),"",T17) -> 46238 | AK17: 46239 | AL17: Completed | AM17: =IF(NOT(ISNUMBER(W17)),"",W17) -> 46239 | AN17: 46239 | AO17: Completed | AP17: =IF(OR(Z17="",Z17="N/A"),"",IF(ISNUMBER(AG17),AG17,"")) | AU17: =IF(NOT(ISNUMBER(Q17)),"",Q17) -> 46234 | AW17: Completed | AX17: =IF(OR(AZ17="N/A",NOT(ISNUMBER(T17))),"",T17) -> 46238 | BA17: =IF(NOT(ISNUMBER(W17)),"",W17) -> 46239 | BD17: =IF(OR(Z17="",Z17="N/A"),"",IF(ISNUMBER(AU17),AU17,"")) | BI17: 46300 | BK17: =IF(NOT(ISNUMBER(BI17)),"",IF(WEEKDAY(BI17-CodeReviewCalendarDays,2)>5,BI17-CodeReviewCalendarDays-(WEEKDAY(BI17-CodeReviewCalendarDays,2)-5),BI17-CodeReviewCalendarDays)) -> 46297 | BM17: =IF(NOT(ISNUMBER(BK17)),"",IF(WEEKDAY(BK17-CodeReviewInviteCalendarDays,2)>5,BK17-CodeReviewInviteCalendarDays-(WEEKDAY(BK17-CodeReviewInviteCalendarDays,2)-5),BK17-CodeReviewInviteCalendarDays)) -> 46293 | BP17: =IF(A17="","",IF(IF(AND(ISNUMBER(J17),WEEKDAY(J17,2)<>2,WEEKDAY(J17,2)<>4)," | Release must be Tuesday or Thursday","")&IF(AND(ISNUMBER(H17),WEEKDAY(H17,2)<>1)," | Sprint Start is not a Monday - dates still calculated from the date entered","")&IF(AND(A17<>"",NOT(ISNUMBER(H17)),NOT(ISNUMBER(J17)))," | Enter Sprint Start or Release Date","")&IF(AND(ISNUMBER(F17),F17<TODAY(),D17<>"Completed")," | One or more raise-by dates are in the past and not completed","")&IF(AND(ISNUMBER(K17),K17-TODAY()<SprintWarningDays,K17>=TODAY(),OR(D17="Yet to start",D17="Blocked"))," | Sprint starts in under 10 days - raise access requests now","")&IF(AND(ISNUMBER(BM17),BN17<>"Completed",BN17<>"N/A",BM17-TODAY()<CodeReviewInviteCalendarDays)," | Code Review invite should be sent at least 4 days before Code Review","")="","",MID(IF(AND(ISNUMBER(J17),WEEKDAY(J17,2)<>2,WEEKDAY(J17,2)<>4)," | Release must be Tuesday or Thursday","")&IF(AND(ISNUMBER(H17),WEEKDAY(H17,2)<>1)," | Sprint Start is not a Monday - dates still calculated from the date entered","")&IF(AND(A17<>"",NOT(ISNUMBER(H17)),NOT(ISNUMBER(J17)))," | Enter Sprint Start or Release Date","")&IF(AND(ISNUMBER(F17),F17<TODAY(),D17<>"Completed")," | One or more raise-by dates are in the past and not completed","")&IF(AND(ISNUMBER(K17),K17-TODAY()<SprintWarningDays,K17>=TODAY(),OR(D17="Yet to start",D17="Blocked"))," | Sprint starts in under 10 days - raise access requests now","")&IF(AND(ISNUMBER(BM17),BN17<>"Completed",BN17<>"N/A",BM17-TODAY()<CodeReviewInviteCalendarDays)," | Code Review invite should be sent at least 4 days before Code Review",""),4,500))) -> Release must be Tuesday or Thursday | Sprint Start is not a Monday - dates still calculated from the date entered | One or more raise-by dates are in the past and not completed | BQ17: =IF(AND(ISNUMBER(Q17),S17<>"Completed",S17<>"N/A"),Q17,"") | BR17: =IF(AND(ISNUMBER(T17),V17<>"Completed",V17<>"N/A"),T17,"") | BS17: =IF(AND(ISNUMBER(W17),Y17<>"Completed",Y17<>"N/A"),W17,"") | BT17: =IF(AND(ISNUMBER(AA17),AC17<>"Completed",AC17<>"N/A"),AA17,"") | BU17: =IF(AND(ISNUMBER(AG17),AI17<>"Completed",AI17<>"N/A"),AG17,"") | BV17: =IF(AND(ISNUMBER(AJ17),AL17<>"Completed",AL17<>"N/A"),AJ17,"") | BW17: =IF(AND(ISNUMBER(AM17),AO17<>"Completed",AO17<>"N/A"),AM17,"") | BX17: =IF(AND(ISNUMBER(AP17),AR17<>"Completed",AR17<>"N/A"),AP17,"") | BY17: =IF(AND(ISNUMBER(AU17),AW17<>"Completed",AW17<>"N/A"),AU17,"") | BZ17: =IF(AND(ISNUMBER(AX17),AZ17<>"Completed",AZ17<>"N/A"),AX17,"") -> 46238 | CA17: =IF(AND(ISNUMBER(BA17),BC17<>"Completed",BC17<>"N/A"),BA17,"") -> 46239 | CB17: =IF(AND(ISNUMBER(BD17),BF17<>"Completed",BF17<>"N/A"),BD17,"") | CC17: =IF(AND(ISNUMBER(O17),P17<>"Completed",P17<>"N/A"),O17,"") -> 46244 | CD17: =IF(AND(ISNUMBER(BM17),BN17<>"Completed",BN17<>"N/A"),BM17,"") -> 46293 | CE17: =IF(AND(ISNUMBER(BK17),BL17<>"Completed",BL17<>"N/A"),BK17,"") -> 46297 | CF17: =IF(AND(ISNUMBER(BI17),BJ17<>"Completed",BJ17<>"N/A"),BI17,"") -> 46300 | CG17: =IF(OR(A17="",D17="Completed"),"",IF(N(G17)>0,1/(N(G17)+ROW()/100000),IF(ISNUMBER(F17),1000+F17+ROW()/100000,TODAY()+400+ROW()/100000))) -> 0.058822941
A18: FOF_WORKIVA | B18: Sharath Kotha | C18: Sprint 18 | D18: =IF(A18="","",IF(((S18="Blocked")+(V18="Blocked")+(Y18="Blocked")+(AC18="Blocked")+(AI18="Blocked")+(AL18="Blocked")+(AO18="Blocked")+(AR18="Blocked")+(AW18="Blocked")+(AZ18="Blocked")+(BC18="Blocked")+(BF18="Blocked")+(P18="Blocked")+(BJ18="Blocked")+(BL18="Blocked")+(BN18="Blocked")+(BO18="Blocked"))>0,"Blocked",IF((ISNUMBER(Q18)+ISNUMBER(T18)+ISNUMBER(W18)+ISNUMBER(AA18)+ISNUMBER(AG18)+ISNUMBER(AJ18)+ISNUMBER(AM18)+ISNUMBER(AP18)+ISNUMBER(AU18)+ISNUMBER(AX18)+ISNUMBER(BA18)+ISNUMBER(BD18)+ISNUMBER(O18)+ISNUMBER(BI18)+ISNUMBER(BK18)+ISNUMBER(BM18))=0,"Yet to start",IF(AND(OR(NOT(ISNUMBER(Q18)),S18="Completed",S18="N/A"),OR(NOT(ISNUMBER(T18)),V18="Completed",V18="N/A"),OR(NOT(ISNUMBER(W18)),Y18="Completed",Y18="N/A"),OR(NOT(ISNUMBER(AA18)),AC18="Completed",AC18="N/A"),OR(NOT(ISNUMBER(AG18)),AI18="Completed",AI18="N/A"),OR(NOT(ISNUMBER(AJ18)),AL18="Completed",AL18="N/A"),OR(NOT(ISNUMBER(AM18)),AO18="Completed",AO18="N/A"),OR(NOT(ISNUMBER(AP18)),AR18="Completed",AR18="N/A"),OR(NOT(ISNUMBER(AU18)),AW18="Completed",AW18="N/A"),OR(NOT(ISNUMBER(AX18)),AZ18="Completed",AZ18="N/A"),OR(NOT(ISNUMBER(BA18)),BC18="Completed",BC18="N/A"),OR(NOT(ISNUMBER(BD18)),BF18="Completed",BF18="N/A"),OR(NOT(ISNUMBER(O18)),P18="Completed",P18="N/A"),OR(NOT(ISNUMBER(BI18)),BJ18="Completed",BJ18="N/A"),OR(NOT(ISNUMBER(BK18)),BL18="Completed",BL18="N/A"),OR(NOT(ISNUMBER(BM18)),BN18="Completed",BN18="N/A"),OR(BO18="Completed",BO18="N/A")),"Completed",IF(((S18="In Progress")+(V18="In Progress")+(Y18="In Progress")+(AC18="In Progress")+(AI18="In Progress")+(AL18="In Progress")+(AO18="In Progress")+(AR18="In Progress")+(AW18="In Progress")+(AZ18="In Progress")+(BC18="In Progress")+(BF18="In Progress")+(P18="In Progress")+(BJ18="In Progress")+(BL18="In Progress")+(BN18="In Progress")+(BO18="In Progress"))>0,"In Progress","Yet to start"))))) -> In Progress | E18: =IF(A18="","",IF(F18="","All complete",INDEX({"Dev R-Task","Dev OUR","Dev Service Request","Dev File R-Task","QA R-Task","QA OUR","QA Service Request","QA File R-Task","Prod R-Task","Prod OUR","Prod Service Request","Prod File R-Task","Sprint Readiness","Code Review Invite","Code Review","CAB"},MATCH(F18,BQ18:CF18,0)))) -> Prod OUR | F18: =IF(A18="","",IF(COUNT(BQ18:CF18)=0,"",MIN(BQ18:CF18))) -> 46238 | G18: =IF(A18="","",MAX(0,IF(AND(ISNUMBER(Q18),S18<>"Completed",S18<>"N/A",Q18<TODAY()),TODAY()-Q18,0),IF(AND(ISNUMBER(T18),V18<>"Completed",V18<>"N/A",T18<TODAY()),TODAY()-T18,0),IF(AND(ISNUMBER(W18),Y18<>"Completed",Y18<>"N/A",W18<TODAY()),TODAY()-W18,0),IF(AND(ISNUMBER(AA18),AC18<>"Completed",AC18<>"N/A",AA18<TODAY()),TODAY()-AA18,0),IF(AND(ISNUMBER(AG18),AI18<>"Completed",AI18<>"N/A",AG18<TODAY()),TODAY()-AG18,0),IF(AND(ISNUMBER(AJ18),AL18<>"Completed",AL18<>"N/A",AJ18<TODAY()),TODAY()-AJ18,0),IF(AND(ISNUMBER(AM18),AO18<>"Completed",AO18<>"N/A",AM18<TODAY()),TODAY()-AM18,0),IF(AND(ISNUMBER(AP18),AR18<>"Completed",AR18<>"N/A",AP18<TODAY()),TODAY()-AP18,0),IF(AND(ISNUMBER(AU18),AW18<>"Completed",AW18<>"N/A",AU18<TODAY()),TODAY()-AU18,0),IF(AND(ISNUMBER(AX18),AZ18<>"Completed",AZ18<>"N/A",AX18<TODAY()),TODAY()-AX18,0),IF(AND(ISNUMBER(BA18),BC18<>"Completed",BC18<>"N/A",BA18<TODAY()),TODAY()-BA18,0),IF(AND(ISNUMBER(BD18),BF18<>"Completed",BF18<>"N/A",BD18<TODAY()),TODAY()-BD18,0),IF(AND(ISNUMBER(O18),P18<>"Completed",P18<>"N/A",O18<TODAY()),TODAY()-O18,0),IF(AND(ISNUMBER(BM18),BN18<>"Completed",BN18<>"N/A",BM18<TODAY()),TODAY()-BM18,0),IF(AND(ISNUMBER(BK18),BL18<>"Completed",BL18<>"N/A",BK18<TODAY()),TODAY()-BK18,0),IF(AND(ISNUMBER(BI18),BJ18<>"Completed",BJ18<>"N/A",BI18<TODAY()),TODAY()-BI18,0))) -> 17 | H18: 46246 | I18: 46259 | J18: 46300 | K18: =IF(ISNUMBER(H18),H18,IF(ISNUMBER(M18),M18-WEEKDAY(M18,2)+1-7,"")) -> 46246 | L18: =IF(ISNUMBER(I18),I18,IF(ISNUMBER(H18),WORKDAY(H18,SprintWorkingDays-1),IF(ISNUMBER(K18),WORKDAY(K18,SprintWorkingDays-1),""))) -> 46259 | M18: =IF(ISNUMBER(J18),J18,IF(ISNUMBER(I18),I18-IF(OR(WEEKDAY(I18,2)=2,WEEKDAY(I18,2)=4),0,IF(WEEKDAY(I18,2)=3,1,IF(WEEKDAY(I18,2)=1,4,WEEKDAY(I18,2)-4))),IF(ISNUMBER(H18),WORKDAY(H18,SprintWorkingDays-1)-IF(OR(WEEKDAY(WORKDAY(H18,SprintWorkingDays-1),2)=2,WEEKDAY(WORKDAY(H18,SprintWorkingDays-1),2)=4),0,IF(WEEKDAY(WORKDAY(H18,SprintWorkingDays-1),2)=3,1,IF(WEEKDAY(WORKDAY(H18,SprintWorkingDays-1),2)=1,4,WEEKDAY(WORKDAY(H18,SprintWorkingDays-1),2)-4))),""))) -> 46300 | N18: =IF(NOT(ISNUMBER(K18)),"",WORKDAY(K18,ReadyOffsetWD)) -> 46245 | O18: =IF(NOT(ISNUMBER(K18)),"",WORKDAY(K18,SprintReadinessOffsetWD)) -> 46244 | P18: In Progress | Q18: =IF(A18="","",IF(V18="N/A",IF(NOT(ISNUMBER(W18)),"",WORKDAY(W18,RTSKOffsetFromOUR_WD)),IF(NOT(ISNUMBER(T18)),"",WORKDAY(T18,RTSKOffsetFromOUR_WD)))) -> 46234 | R18: 46246 | S18: Completed | T18: =IF(OR(A18="",V18="N/A"),"",IF(NOT(ISNUMBER(W18)),"",WORKDAY(W18,OUROffsetFromSR_WD))) -> 46238 | U18: 46234 | V18: Completed | W18: =IF(OR(A18="",NOT(ISNUMBER(K18))),"",WORKDAY(K18,SROffsetFromStartWD)) -> 46239 | X18: 46234 | Y18: Completed | Z18: N/A | AA18: =IF(OR(Z18="",Z18="N/A"),"",IF(ISNUMBER(Q18),Q18,"")) | AF18: =IF(Z18="N/A","N/A","") -> N/A | AG18: =IF(NOT(ISNUMBER(Q18)),"",Q18) -> 46234 | AH18: 46239 | AI18: Completed | AJ18: =IF(OR(AL18="N/A",NOT(ISNUMBER(T18))),"",T18) -> 46238 | AK18: 46239 | AL18: Completed | AM18: =IF(NOT(ISNUMBER(W18)),"",W18) -> 46239 | AN18: 46239 | AO18: Completed | AP18: =IF(OR(Z18="",Z18="N/A"),"",IF(ISNUMBER(AG18),AG18,"")) | AU18: =IF(NOT(ISNUMBER(Q18)),"",Q18) -> 46234 | AW18: Completed | AX18: =IF(OR(AZ18="N/A",NOT(ISNUMBER(T18))),"",T18) -> 46238 | BA18: =IF(NOT(ISNUMBER(W18)),"",W18) -> 46239 | BD18: =IF(OR(Z18="",Z18="N/A"),"",IF(ISNUMBER(AU18),AU18,"")) | BI18: 46300 | BK18: =IF(NOT(ISNUMBER(BI18)),"",IF(WEEKDAY(BI18-CodeReviewCalendarDays,2)>5,BI18-CodeReviewCalendarDays-(WEEKDAY(BI18-CodeReviewCalendarDays,2)-5),BI18-CodeReviewCalendarDays)) -> 46297 | BM18: =IF(NOT(ISNUMBER(BK18)),"",IF(WEEKDAY(BK18-CodeReviewInviteCalendarDays,2)>5,BK18-CodeReviewInviteCalendarDays-(WEEKDAY(BK18-CodeReviewInviteCalendarDays,2)-5),BK18-CodeReviewInviteCalendarDays)) -> 46293 | BP18: =IF(A18="","",IF(IF(AND(ISNUMBER(J18),WEEKDAY(J18,2)<>2,WEEKDAY(J18,2)<>4)," | Release must be Tuesday or Thursday","")&IF(AND(ISNUMBER(H18),WEEKDAY(H18,2)<>1)," | Sprint Start is not a Monday - dates still calculated from the date entered","")&IF(AND(A18<>"",NOT(ISNUMBER(H18)),NOT(ISNUMBER(J18)))," | Enter Sprint Start or Release Date","")&IF(AND(ISNUMBER(F18),F18<TODAY(),D18<>"Completed")," | One or more raise-by dates are in the past and not completed","")&IF(AND(ISNUMBER(K18),K18-TODAY()<SprintWarningDays,K18>=TODAY(),OR(D18="Yet to start",D18="Blocked"))," | Sprint starts in under 10 days - raise access requests now","")&IF(AND(ISNUMBER(BM18),BN18<>"Completed",BN18<>"N/A",BM18-TODAY()<CodeReviewInviteCalendarDays)," | Code Review invite should be sent at least 4 days before Code Review","")="","",MID(IF(AND(ISNUMBER(J18),WEEKDAY(J18,2)<>2,WEEKDAY(J18,2)<>4)," | Release must be Tuesday or Thursday","")&IF(AND(ISNUMBER(H18),WEEKDAY(H18,2)<>1)," | Sprint Start is not a Monday - dates still calculated from the date entered","")&IF(AND(A18<>"",NOT(ISNUMBER(H18)),NOT(ISNUMBER(J18)))," | Enter Sprint Start or Release Date","")&IF(AND(ISNUMBER(F18),F18<TODAY(),D18<>"Completed")," | One or more raise-by dates are in the past and not completed","")&IF(AND(ISNUMBER(K18),K18-TODAY()<SprintWarningDays,K18>=TODAY(),OR(D18="Yet to start",D18="Blocked"))," | Sprint starts in under 10 days - raise access requests now","")&IF(AND(ISNUMBER(BM18),BN18<>"Completed",BN18<>"N/A",BM18-TODAY()<CodeReviewInviteCalendarDays)," | Code Review invite should be sent at least 4 days before Code Review",""),4,500))) -> Release must be Tuesday or Thursday | Sprint Start is not a Monday - dates still calculated from the date entered | One or more raise-by dates are in the past and not completed | BQ18: =IF(AND(ISNUMBER(Q18),S18<>"Completed",S18<>"N/A"),Q18,"") | BR18: =IF(AND(ISNUMBER(T18),V18<>"Completed",V18<>"N/A"),T18,"") | BS18: =IF(AND(ISNUMBER(W18),Y18<>"Completed",Y18<>"N/A"),W18,"") | BT18: =IF(AND(ISNUMBER(AA18),AC18<>"Completed",AC18<>"N/A"),AA18,"") | BU18: =IF(AND(ISNUMBER(AG18),AI18<>"Completed",AI18<>"N/A"),AG18,"") | BV18: =IF(AND(ISNUMBER(AJ18),AL18<>"Completed",AL18<>"N/A"),AJ18,"") | BW18: =IF(AND(ISNUMBER(AM18),AO18<>"Completed",AO18<>"N/A"),AM18,"") | BX18: =IF(AND(ISNUMBER(AP18),AR18<>"Completed",AR18<>"N/A"),AP18,"") | BY18: =IF(AND(ISNUMBER(AU18),AW18<>"Completed",AW18<>"N/A"),AU18,"") | BZ18: =IF(AND(ISNUMBER(AX18),AZ18<>"Completed",AZ18<>"N/A"),AX18,"") -> 46238 | CA18: =IF(AND(ISNUMBER(BA18),BC18<>"Completed",BC18<>"N/A"),BA18,"") -> 46239 | CB18: =IF(AND(ISNUMBER(BD18),BF18<>"Completed",BF18<>"N/A"),BD18,"") | CC18: =IF(AND(ISNUMBER(O18),P18<>"Completed",P18<>"N/A"),O18,"") -> 46244 | CD18: =IF(AND(ISNUMBER(BM18),BN18<>"Completed",BN18<>"N/A"),BM18,"") -> 46293 | CE18: =IF(AND(ISNUMBER(BK18),BL18<>"Completed",BL18<>"N/A"),BK18,"") -> 46297 | CF18: =IF(AND(ISNUMBER(BI18),BJ18<>"Completed",BJ18<>"N/A"),BI18,"") -> 46300 | CG18: =IF(OR(A18="",D18="Completed"),"",IF(N(G18)>0,1/(N(G18)+ROW()/100000),IF(ISNUMBER(F18),1000+F18+ROW()/100000,TODAY()+400+ROW()/100000))) -> 0.058822907
A19: GL80 | B19: Sharath Kotha | C19: Sprint 18 | D19: =IF(A19="","",IF(((S19="Blocked")+(V19="Blocked")+(Y19="Blocked")+(AC19="Blocked")+(AI19="Blocked")+(AL19="Blocked")+(AO19="Blocked")+(AR19="Blocked")+(AW19="Blocked")+(AZ19="Blocked")+(BC19="Blocked")+(BF19="Blocked")+(P19="Blocked")+(BJ19="Blocked")+(BL19="Blocked")+(BN19="Blocked")+(BO19="Blocked"))>0,"Blocked",IF((ISNUMBER(Q19)+ISNUMBER(T19)+ISNUMBER(W19)+ISNUMBER(AA19)+ISNUMBER(AG19)+ISNUMBER(AJ19)+ISNUMBER(AM19)+ISNUMBER(AP19)+ISNUMBER(AU19)+ISNUMBER(AX19)+ISNUMBER(BA19)+ISNUMBER(BD19)+ISNUMBER(O19)+ISNUMBER(BI19)+ISNUMBER(BK19)+ISNUMBER(BM19))=0,"Yet to start",IF(AND(OR(NOT(ISNUMBER(Q19)),S19="Completed",S19="N/A"),OR(NOT(ISNUMBER(T19)),V19="Completed",V19="N/A"),OR(NOT(ISNUMBER(W19)),Y19="Completed",Y19="N/A"),OR(NOT(ISNUMBER(AA19)),AC19="Completed",AC19="N/A"),OR(NOT(ISNUMBER(AG19)),AI19="Completed",AI19="N/A"),OR(NOT(ISNUMBER(AJ19)),AL19="Completed",AL19="N/A"),OR(NOT(ISNUMBER(AM19)),AO19="Completed",AO19="N/A"),OR(NOT(ISNUMBER(AP19)),AR19="Completed",AR19="N/A"),OR(NOT(ISNUMBER(AU19)),AW19="Completed",AW19="N/A"),OR(NOT(ISNUMBER(AX19)),AZ19="Completed",AZ19="N/A"),OR(NOT(ISNUMBER(BA19)),BC19="Completed",BC19="N/A"),OR(NOT(ISNUMBER(BD19)),BF19="Completed",BF19="N/A"),OR(NOT(ISNUMBER(O19)),P19="Completed",P19="N/A"),OR(NOT(ISNUMBER(BI19)),BJ19="Completed",BJ19="N/A"),OR(NOT(ISNUMBER(BK19)),BL19="Completed",BL19="N/A"),OR(NOT(ISNUMBER(BM19)),BN19="Completed",BN19="N/A"),OR(BO19="Completed",BO19="N/A")),"Completed",IF(((S19="In Progress")+(V19="In Progress")+(Y19="In Progress")+(AC19="In Progress")+(AI19="In Progress")+(AL19="In Progress")+(AO19="In Progress")+(AR19="In Progress")+(AW19="In Progress")+(AZ19="In Progress")+(BC19="In Progress")+(BF19="In Progress")+(P19="In Progress")+(BJ19="In Progress")+(BL19="In Progress")+(BN19="In Progress")+(BO19="In Progress"))>0,"In Progress","Yet to start"))))) -> In Progress | E19: =IF(A19="","",IF(F19="","All complete",INDEX({"Dev R-Task","Dev OUR","Dev Service Request","Dev File R-Task","QA R-Task","QA OUR","QA Service Request","QA File R-Task","Prod R-Task","Prod OUR","Prod Service Request","Prod File R-Task","Sprint Readiness","Code Review Invite","Code Review","CAB"},MATCH(F19,BQ19:CF19,0)))) -> Prod OUR | F19: =IF(A19="","",IF(COUNT(BQ19:CF19)=0,"",MIN(BQ19:CF19))) -> 46238 | G19: =IF(A19="","",MAX(0,IF(AND(ISNUMBER(Q19),S19<>"Completed",S19<>"N/A",Q19<TODAY()),TODAY()-Q19,0),IF(AND(ISNUMBER(T19),V19<>"Completed",V19<>"N/A",T19<TODAY()),TODAY()-T19,0),IF(AND(ISNUMBER(W19),Y19<>"Completed",Y19<>"N/A",W19<TODAY()),TODAY()-W19,0),IF(AND(ISNUMBER(AA19),AC19<>"Completed",AC19<>"N/A",AA19<TODAY()),TODAY()-AA19,0),IF(AND(ISNUMBER(AG19),AI19<>"Completed",AI19<>"N/A",AG19<TODAY()),TODAY()-AG19,0),IF(AND(ISNUMBER(AJ19),AL19<>"Completed",AL19<>"N/A",AJ19<TODAY()),TODAY()-AJ19,0),IF(AND(ISNUMBER(AM19),AO19<>"Completed",AO19<>"N/A",AM19<TODAY()),TODAY()-AM19,0),IF(AND(ISNUMBER(AP19),AR19<>"Completed",AR19<>"N/A",AP19<TODAY()),TODAY()-AP19,0),IF(AND(ISNUMBER(AU19),AW19<>"Completed",AW19<>"N/A",AU19<TODAY()),TODAY()-AU19,0),IF(AND(ISNUMBER(AX19),AZ19<>"Completed",AZ19<>"N/A",AX19<TODAY()),TODAY()-AX19,0),IF(AND(ISNUMBER(BA19),BC19<>"Completed",BC19<>"N/A",BA19<TODAY()),TODAY()-BA19,0),IF(AND(ISNUMBER(BD19),BF19<>"Completed",BF19<>"N/A",BD19<TODAY()),TODAY()-BD19,0),IF(AND(ISNUMBER(O19),P19<>"Completed",P19<>"N/A",O19<TODAY()),TODAY()-O19,0),IF(AND(ISNUMBER(BM19),BN19<>"Completed",BN19<>"N/A",BM19<TODAY()),TODAY()-BM19,0),IF(AND(ISNUMBER(BK19),BL19<>"Completed",BL19<>"N/A",BK19<TODAY()),TODAY()-BK19,0),IF(AND(ISNUMBER(BI19),BJ19<>"Completed",BJ19<>"N/A",BI19<TODAY()),TODAY()-BI19,0))) -> 17 | H19: 46246 | I19: 46259 | J19: 46300 | K19: =IF(ISNUMBER(H19),H19,IF(ISNUMBER(M19),M19-WEEKDAY(M19,2)+1-7,"")) -> 46246 | L19: =IF(ISNUMBER(I19),I19,IF(ISNUMBER(H19),WORKDAY(H19,SprintWorkingDays-1),IF(ISNUMBER(K19),WORKDAY(K19,SprintWorkingDays-1),""))) -> 46259 | M19: =IF(ISNUMBER(J19),J19,IF(ISNUMBER(I19),I19-IF(OR(WEEKDAY(I19,2)=2,WEEKDAY(I19,2)=4),0,IF(WEEKDAY(I19,2)=3,1,IF(WEEKDAY(I19,2)=1,4,WEEKDAY(I19,2)-4))),IF(ISNUMBER(H19),WORKDAY(H19,SprintWorkingDays-1)-IF(OR(WEEKDAY(WORKDAY(H19,SprintWorkingDays-1),2)=2,WEEKDAY(WORKDAY(H19,SprintWorkingDays-1),2)=4),0,IF(WEEKDAY(WORKDAY(H19,SprintWorkingDays-1),2)=3,1,IF(WEEKDAY(WORKDAY(H19,SprintWorkingDays-1),2)=1,4,WEEKDAY(WORKDAY(H19,SprintWorkingDays-1),2)-4))),""))) -> 46300 | N19: =IF(NOT(ISNUMBER(K19)),"",WORKDAY(K19,ReadyOffsetWD)) -> 46245 | O19: =IF(NOT(ISNUMBER(K19)),"",WORKDAY(K19,SprintReadinessOffsetWD)) -> 46244 | P19: In Progress | Q19: =IF(A19="","",IF(V19="N/A",IF(NOT(ISNUMBER(W19)),"",WORKDAY(W19,RTSKOffsetFromOUR_WD)),IF(NOT(ISNUMBER(T19)),"",WORKDAY(T19,RTSKOffsetFromOUR_WD)))) -> 46234 | R19: 46246 | S19: Completed | T19: =IF(OR(A19="",V19="N/A"),"",IF(NOT(ISNUMBER(W19)),"",WORKDAY(W19,OUROffsetFromSR_WD))) -> 46238 | U19: 46234 | V19: Completed | W19: =IF(OR(A19="",NOT(ISNUMBER(K19))),"",WORKDAY(K19,SROffsetFromStartWD)) -> 46239 | X19: 46234 | Y19: Completed | Z19: N/A | AA19: =IF(OR(Z19="",Z19="N/A"),"",IF(ISNUMBER(Q19),Q19,"")) | AF19: =IF(Z19="N/A","N/A","") -> N/A | AG19: =IF(NOT(ISNUMBER(Q19)),"",Q19) -> 46234 | AH19: 46239 | AI19: Completed | AJ19: =IF(OR(AL19="N/A",NOT(ISNUMBER(T19))),"",T19) -> 46238 | AK19: 46239 | AL19: Completed | AM19: =IF(NOT(ISNUMBER(W19)),"",W19) -> 46239 | AN19: 46239 | AO19: Completed | AP19: =IF(OR(Z19="",Z19="N/A"),"",IF(ISNUMBER(AG19),AG19,"")) | AU19: =IF(NOT(ISNUMBER(Q19)),"",Q19) -> 46234 | AW19: Completed | AX19: =IF(OR(AZ19="N/A",NOT(ISNUMBER(T19))),"",T19) -> 46238 | BA19: =IF(NOT(ISNUMBER(W19)),"",W19) -> 46239 | BD19: =IF(OR(Z19="",Z19="N/A"),"",IF(ISNUMBER(AU19),AU19,"")) | BI19: 46300 | BK19: =IF(NOT(ISNUMBER(BI19)),"",IF(WEEKDAY(BI19-CodeReviewCalendarDays,2)>5,BI19-CodeReviewCalendarDays-(WEEKDAY(BI19-CodeReviewCalendarDays,2)-5),BI19-CodeReviewCalendarDays)) -> 46297 | BM19: =IF(NOT(ISNUMBER(BK19)),"",IF(WEEKDAY(BK19-CodeReviewInviteCalendarDays,2)>5,BK19-CodeReviewInviteCalendarDays-(WEEKDAY(BK19-CodeReviewInviteCalendarDays,2)-5),BK19-CodeReviewInviteCalendarDays)) -> 46293 | BP19: =IF(A19="","",IF(IF(AND(ISNUMBER(J19),WEEKDAY(J19,2)<>2,WEEKDAY(J19,2)<>4)," | Release must be Tuesday or Thursday","")&IF(AND(ISNUMBER(H19),WEEKDAY(H19,2)<>1)," | Sprint Start is not a Monday - dates still calculated from the date entered","")&IF(AND(A19<>"",NOT(ISNUMBER(H19)),NOT(ISNUMBER(J19)))," | Enter Sprint Start or Release Date","")&IF(AND(ISNUMBER(F19),F19<TODAY(),D19<>"Completed")," | One or more raise-by dates are in the past and not completed","")&IF(AND(ISNUMBER(K19),K19-TODAY()<SprintWarningDays,K19>=TODAY(),OR(D19="Yet to start",D19="Blocked"))," | Sprint starts in under 10 days - raise access requests now","")&IF(AND(ISNUMBER(BM19),BN19<>"Completed",BN19<>"N/A",BM19-TODAY()<CodeReviewInviteCalendarDays)," | Code Review invite should be sent at least 4 days before Code Review","")="","",MID(IF(AND(ISNUMBER(J19),WEEKDAY(J19,2)<>2,WEEKDAY(J19,2)<>4)," | Release must be Tuesday or Thursday","")&IF(AND(ISNUMBER(H19),WEEKDAY(H19,2)<>1)," | Sprint Start is not a Monday - dates still calculated from the date entered","")&IF(AND(A19<>"",NOT(ISNUMBER(H19)),NOT(ISNUMBER(J19)))," | Enter Sprint Start or Release Date","")&IF(AND(ISNUMBER(F19),F19<TODAY(),D19<>"Completed")," | One or more raise-by dates are in the past and not completed","")&IF(AND(ISNUMBER(K19),K19-TODAY()<SprintWarningDays,K19>=TODAY(),OR(D19="Yet to start",D19="Blocked"))," | Sprint starts in under 10 days - raise access requests now","")&IF(AND(ISNUMBER(BM19),BN19<>"Completed",BN19<>"N/A",BM19-TODAY()<CodeReviewInviteCalendarDays)," | Code Review invite should be sent at least 4 days before Code Review",""),4,500))) -> Release must be Tuesday or Thursday | Sprint Start is not a Monday - dates still calculated from the date entered | One or more raise-by dates are in the past and not completed | BQ19: =IF(AND(ISNUMBER(Q19),S19<>"Completed",S19<>"N/A"),Q19,"") | BR19: =IF(AND(ISNUMBER(T19),V19<>"Completed",V19<>"N/A"),T19,"") | BS19: =IF(AND(ISNUMBER(W19),Y19<>"Completed",Y19<>"N/A"),W19,"") | BT19: =IF(AND(ISNUMBER(AA19),AC19<>"Completed",AC19<>"N/A"),AA19,"") | BU19: =IF(AND(ISNUMBER(AG19),AI19<>"Completed",AI19<>"N/A"),AG19,"") | BV19: =IF(AND(ISNUMBER(AJ19),AL19<>"Completed",AL19<>"N/A"),AJ19,"") | BW19: =IF(AND(ISNUMBER(AM19),AO19<>"Completed",AO19<>"N/A"),AM19,"") | BX19: =IF(AND(ISNUMBER(AP19),AR19<>"Completed",AR19<>"N/A"),AP19,"") | BY19: =IF(AND(ISNUMBER(AU19),AW19<>"Completed",AW19<>"N/A"),AU19,"") | BZ19: =IF(AND(ISNUMBER(AX19),AZ19<>"Completed",AZ19<>"N/A"),AX19,"") -> 46238 | CA19: =IF(AND(ISNUMBER(BA19),BC19<>"Completed",BC19<>"N/A"),BA19,"") -> 46239 | CB19: =IF(AND(ISNUMBER(BD19),BF19<>"Completed",BF19<>"N/A"),BD19,"") | CC19: =IF(AND(ISNUMBER(O19),P19<>"Completed",P19<>"N/A"),O19,"") -> 46244 | CD19: =IF(AND(ISNUMBER(BM19),BN19<>"Completed",BN19<>"N/A"),BM19,"") -> 46293 | CE19: =IF(AND(ISNUMBER(BK19),BL19<>"Completed",BL19<>"N/A"),BK19,"") -> 46297 | CF19: =IF(AND(ISNUMBER(BI19),BJ19<>"Completed",BJ19<>"N/A"),BI19,"") -> 46300 | CG19: =IF(OR(A19="",D19="Completed"),"",IF(N(G19)>0,1/(N(G19)+ROW()/100000),IF(ISNUMBER(F19),1000+F19+ROW()/100000,TODAY()+400+ROW()/100000))) -> 0.058822872
